{"type":"FeatureCollection","features":[{"type":"Feature","properties":{"id":"B0144","kind":"sea","core":true,"sea":true,"river":false,"stream":false,"lake":false},"geometry":{"type":"Polygon","coordinates":[[[41.519812,41.48129],[41.517729,41.483988],[41.513563,41.483988],[41.51148,41.48129],[41.513563,41.478592],[41.517729,41.478592],[41.519812,41.48129]]]}},{"type":"Feature","properties":{"id":"B0145","kind":"river","core":false,"sea":false,"river":false,"stream":false,"lake":false},"geometry":{"type":"Polygon","coordinates":[[[41.519812,41.486686],[41.517729,41.489384],[41.513563,41.489384],[41.51148,41.486686],[41.513563,41.483988],[41.517729,41.483988],[41.519812,41.486686]]]}},{"type":"Feature","properties":{"id":"B0191","kind":"river","core":false,"sea":false,"river":false,"stream":false,"lake":false},"geometry":{"type":"Polygon","coordinates":[[[41.526061,41.478592],[41.523978,41.48129],[41.519812,41.48129],[41.517729,41.478592],[41.519812,41.475894],[41.523978,41.475894],[41.526061,41.478592]]]}},{"type":"Feature","properties":{"id":"B0192","kind":"river","core":true,"sea":true,"river":true,"stream":true,"lake":false},"geometry":{"type":"Polygon","coordinates":[[[41.526061,41.483988],[41.523978,41.486686],[41.519812,41.486686],[41.517729,41.483988],[41.519812,41.48129],[41.523978,41.48129],[41.526061,41.483988]]]}},{"type":"Feature","properties":{"id":"B0193","kind":"river","core":false,"sea":false,"river":false,"stream":false,"lake":false},"geometry":{"type":"Polygon","coordinates":[[[41.526061,41.489384],[41.523978,41.492082],[41.519812,41.492082],[41.517729,41.489384],[41.519812,41.486686],[41.523978,41.486686],[41.526061,41.489384]]]}},{"type":"Feature","properties":{"id":"B0238","kind":"river","core":false,"sea":false,"river":false,"stream":false,"lake":false},"geometry":{"type":"Polygon","coordinates":[[[41.53231,41.475894],[41.530227,41.478592],[41.526061,41.478592],[41.523978,41.475894],[41.526061,41.473196],[41.530227,41.473196],[41.53231,41.475894]]]}},{"type":"Feature","properties":{"id":"B0239","kind":"river","core":true,"sea":false,"river":true,"stream":true,"lake":false},"geometry":{"type":"Polygon","coordinates":[[[41.53231,41.48129],[41.530227,41.483988],[41.526061,41.483988],[41.523978,41.48129],[41.526061,41.478592],[41.530227,41.478592],[41.53231,41.48129]]]}},{"type":"Feature","properties":{"id":"B0240","kind":"river","core":true,"sea":true,"river":true,"stream":true,"lake":false},"geometry":{"type":"Polygon","coordinates":[[[41.53231,41.486686],[41.530227,41.489384],[41.526061,41.489384],[41.523978,41.486686],[41.526061,41.483988],[41.530227,41.483988],[41.53231,41.486686]]]}},{"type":"Feature","properties":{"id":"B0241","kind":"sea","core":true,"sea":true,"river":false,"stream":false,"lake":false},"geometry":{"type":"Polygon","coordinates":[[[41.53231,41.492082],[41.530227,41.49478],[41.526061,41.49478],[41.523978,41.492082],[41.526061,41.489384],[41.530227,41.489384],[41.53231,41.492082]]]}},{"type":"Feature","properties":{"id":"B0242","kind":"sea","core":true,"sea":true,"river":false,"stream":false,"lake":false},"geometry":{"type":"Polygon","coordinates":[[[41.53231,41.497477],[41.530227,41.500175],[41.526061,41.500175],[41.523978,41.497477],[41.526061,41.49478],[41.530227,41.49478],[41.53231,41.497477]]]}},{"type":"Feature","properties":{"id":"B0286","kind":"river","core":false,"sea":false,"river":false,"stream":false,"lake":false},"geometry":{"type":"Polygon","coordinates":[[[41.538559,41.478592],[41.536476,41.48129],[41.53231,41.48129],[41.530227,41.478592],[41.53231,41.475894],[41.536476,41.475894],[41.538559,41.478592]]]}},{"type":"Feature","properties":{"id":"B0287","kind":"river","core":true,"sea":false,"river":true,"stream":true,"lake":false},"geometry":{"type":"Polygon","coordinates":[[[41.538559,41.483988],[41.536476,41.486686],[41.53231,41.486686],[41.530227,41.483988],[41.53231,41.48129],[41.536476,41.48129],[41.538559,41.483988]]]}},{"type":"Feature","properties":{"id":"B0288","kind":"river","core":false,"sea":false,"river":false,"stream":false,"lake":false},"geometry":{"type":"Polygon","coordinates":[[[41.538559,41.489384],[41.536476,41.492082],[41.53231,41.492082],[41.530227,41.489384],[41.53231,41.486686],[41.536476,41.486686],[41.538559,41.489384]]]}},{"type":"Feature","properties":{"id":"B0290","kind":"sea","core":true,"sea":true,"river":false,"stream":false,"lake":false},"geometry":{"type":"Polygon","coordinates":[[[41.538559,41.500175],[41.536476,41.502873],[41.53231,41.502873],[41.530227,41.500175],[41.53231,41.497477],[41.536476,41.497477],[41.538559,41.500175]]]}},{"type":"Feature","properties":{"id":"B0291","kind":"sea","core":true,"sea":true,"river":false,"stream":false,"lake":false},"geometry":{"type":"Polygon","coordinates":[[[41.538559,41.505571],[41.536476,41.508269],[41.53231,41.508269],[41.530227,41.505571],[41.53231,41.502873],[41.536476,41.502873],[41.538559,41.505571]]]}},{"type":"Feature","properties":{"id":"B0292","kind":"sea","core":true,"sea":true,"river":false,"stream":false,"lake":false},"geometry":{"type":"Polygon","coordinates":[[[41.538559,41.510967],[41.536476,41.513665],[41.53231,41.513665],[41.530227,41.510967],[41.53231,41.508269],[41.536476,41.508269],[41.538559,41.510967]]]}},{"type":"Feature","properties":{"id":"B0333","kind":"river","core":false,"sea":false,"river":false,"stream":false,"lake":false},"geometry":{"type":"Polygon","coordinates":[[[41.544808,41.475894],[41.542725,41.478592],[41.538559,41.478592],[41.536476,41.475894],[41.538559,41.473196],[41.542725,41.473196],[41.544808,41.475894]]]}},{"type":"Feature","properties":{"id":"B0334","kind":"river","core":true,"sea":false,"river":true,"stream":true,"lake":false},"geometry":{"type":"Polygon","coordinates":[[[41.544808,41.48129],[41.542725,41.483988],[41.538559,41.483988],[41.536476,41.48129],[41.538559,41.478592],[41.542725,41.478592],[41.544808,41.48129]]]}},{"type":"Feature","properties":{"id":"B0335","kind":"river","core":false,"sea":false,"river":false,"stream":false,"lake":false},"geometry":{"type":"Polygon","coordinates":[[[41.544808,41.486686],[41.542725,41.489384],[41.538559,41.489384],[41.536476,41.486686],[41.538559,41.483988],[41.542725,41.483988],[41.544808,41.486686]]]}},{"type":"Feature","properties":{"id":"B0339","kind":"sea","core":true,"sea":true,"river":false,"stream":false,"lake":false},"geometry":{"type":"Polygon","coordinates":[[[41.544808,41.508269],[41.542725,41.510967],[41.538559,41.510967],[41.536476,41.508269],[41.538559,41.505571],[41.542725,41.505571],[41.544808,41.508269]]]}},{"type":"Feature","properties":{"id":"B0340","kind":"sea","core":true,"sea":true,"river":false,"stream":false,"lake":false},"geometry":{"type":"Polygon","coordinates":[[[41.544808,41.513665],[41.542725,41.516363],[41.538559,41.516363],[41.536476,41.513665],[41.538559,41.510967],[41.542725,41.510967],[41.544808,41.513665]]]}},{"type":"Feature","properties":{"id":"B0381","kind":"river","core":false,"sea":false,"river":false,"stream":false,"lake":false},"geometry":{"type":"Polygon","coordinates":[[[41.551057,41.478592],[41.548974,41.48129],[41.544808,41.48129],[41.542725,41.478592],[41.544808,41.475894],[41.548974,41.475894],[41.551057,41.478592]]]}},{"type":"Feature","properties":{"id":"B0382","kind":"stream","core":true,"sea":false,"river":false,"stream":true,"lake":false},"geometry":{"type":"Polygon","coordinates":[[[41.551057,41.483988],[41.548974,41.486686],[41.544808,41.486686],[41.542725,41.483988],[41.544808,41.48129],[41.548974,41.48129],[41.551057,41.483988]]]}},{"type":"Feature","properties":{"id":"B0383","kind":"stream","core":true,"sea":false,"river":false,"stream":true,"lake":false},"geometry":{"type":"Polygon","coordinates":[[[41.551057,41.489384],[41.548974,41.492082],[41.544808,41.492082],[41.542725,41.489384],[41.544808,41.486686],[41.548974,41.486686],[41.551057,41.489384]]]}},{"type":"Feature","properties":{"id":"B0388","kind":"sea","core":true,"sea":true,"river":false,"stream":false,"lake":false},"geometry":{"type":"Polygon","coordinates":[[[41.551057,41.516363],[41.548974,41.519061],[41.544808,41.519061],[41.542725,41.516363],[41.544808,41.513665],[41.548974,41.513665],[41.551057,41.516363]]]}},{"type":"Feature","properties":{"id":"B0389","kind":"sea","core":true,"sea":true,"river":false,"stream":true,"lake":false},"geometry":{"type":"Polygon","coordinates":[[[41.551057,41.521759],[41.548974,41.524457],[41.544808,41.524457],[41.542725,41.521759],[41.544808,41.519061],[41.548974,41.519061],[41.551057,41.521759]]]}},{"type":"Feature","properties":{"id":"B0390","kind":"sea","core":true,"sea":true,"river":false,"stream":false,"lake":false},"geometry":{"type":"Polygon","coordinates":[[[41.551057,41.527155],[41.548974,41.529853],[41.544808,41.529853],[41.542725,41.527155],[41.544808,41.524457],[41.548974,41.524457],[41.551057,41.527155]]]}},{"type":"Feature","properties":{"id":"B0391","kind":"sea","core":true,"sea":true,"river":false,"stream":true,"lake":false},"geometry":{"type":"Polygon","coordinates":[[[41.551057,41.532551],[41.548974,41.535249],[41.544808,41.535249],[41.542725,41.532551],[41.544808,41.529853],[41.548974,41.529853],[41.551057,41.532551]]]}},{"type":"Feature","properties":{"id":"B0430","kind":"stream","core":true,"sea":false,"river":false,"stream":true,"lake":false},"geometry":{"type":"Polygon","coordinates":[[[41.557306,41.486686],[41.555223,41.489384],[41.551057,41.489384],[41.548974,41.486686],[41.551057,41.483988],[41.555223,41.483988],[41.557306,41.486686]]]}},{"type":"Feature","properties":{"id":"B0431","kind":"stream","core":true,"sea":false,"river":false,"stream":true,"lake":false},"geometry":{"type":"Polygon","coordinates":[[[41.557306,41.492082],[41.555223,41.49478],[41.551057,41.49478],[41.548974,41.492082],[41.551057,41.489384],[41.555223,41.489384],[41.557306,41.492082]]]}},{"type":"Feature","properties":{"id":"B0436","kind":"stream","core":true,"sea":false,"river":false,"stream":true,"lake":false},"geometry":{"type":"Polygon","coordinates":[[[41.557306,41.519061],[41.555223,41.521759],[41.551057,41.521759],[41.548974,41.519061],[41.551057,41.516363],[41.555223,41.516363],[41.557306,41.519061]]]}},{"type":"Feature","properties":{"id":"B0437","kind":"stream","core":true,"sea":false,"river":false,"stream":true,"lake":false},"geometry":{"type":"Polygon","coordinates":[[[41.557306,41.524457],[41.555223,41.527155],[41.551057,41.527155],[41.548974,41.524457],[41.551057,41.521759],[41.555223,41.521759],[41.557306,41.524457]]]}},{"type":"Feature","properties":{"id":"B0438","kind":"stream","core":true,"sea":false,"river":false,"stream":true,"lake":false},"geometry":{"type":"Polygon","coordinates":[[[41.557306,41.529853],[41.555223,41.532551],[41.551057,41.532551],[41.548974,41.529853],[41.551057,41.527155],[41.555223,41.527155],[41.557306,41.529853]]]}},{"type":"Feature","properties":{"id":"B0439","kind":"sea","core":true,"sea":true,"river":false,"stream":false,"lake":false},"geometry":{"type":"Polygon","coordinates":[[[41.557306,41.535249],[41.555223,41.537947],[41.551057,41.537947],[41.548974,41.535249],[41.551057,41.532551],[41.555223,41.532551],[41.557306,41.535249]]]}},{"type":"Feature","properties":{"id":"B0440","kind":"sea","core":true,"sea":true,"river":false,"stream":false,"lake":false},"geometry":{"type":"Polygon","coordinates":[[[41.557306,41.540645],[41.555223,41.543343],[41.551057,41.543343],[41.548974,41.540645],[41.551057,41.537947],[41.555223,41.537947],[41.557306,41.540645]]]}},{"type":"Feature","properties":{"id":"B0478","kind":"stream","core":true,"sea":false,"river":false,"stream":true,"lake":false},"geometry":{"type":"Polygon","coordinates":[[[41.563555,41.489384],[41.561472,41.492082],[41.557306,41.492082],[41.555223,41.489384],[41.557306,41.486686],[41.561472,41.486686],[41.563555,41.489384]]]}},{"type":"Feature","properties":{"id":"B0479","kind":"stream","core":true,"sea":false,"river":false,"stream":true,"lake":false},"geometry":{"type":"Polygon","coordinates":[[[41.563555,41.49478],[41.561472,41.497477],[41.557306,41.497477],[41.555223,41.49478],[41.557306,41.492082],[41.561472,41.492082],[41.563555,41.49478]]]}},{"type":"Feature","properties":{"id":"B0484","kind":"stream","core":true,"sea":false,"river":false,"stream":true,"lake":false},"geometry":{"type":"Polygon","coordinates":[[[41.563555,41.521759],[41.561472,41.524457],[41.557306,41.524457],[41.555223,41.521759],[41.557306,41.519061],[41.561472,41.519061],[41.563555,41.521759]]]}},{"type":"Feature","properties":{"id":"B0485","kind":"stream","core":true,"sea":false,"river":false,"stream":true,"lake":false},"geometry":{"type":"Polygon","coordinates":[[[41.563555,41.527155],[41.561472,41.529853],[41.557306,41.529853],[41.555223,41.527155],[41.557306,41.524457],[41.561472,41.524457],[41.563555,41.527155]]]}},{"type":"Feature","properties":{"id":"B0486","kind":"stream","core":true,"sea":false,"river":false,"stream":true,"lake":false},"geometry":{"type":"Polygon","coordinates":[[[41.563555,41.532551],[41.561472,41.535249],[41.557306,41.535249],[41.555223,41.532551],[41.557306,41.529853],[41.561472,41.529853],[41.563555,41.532551]]]}},{"type":"Feature","properties":{"id":"B0488","kind":"sea","core":true,"sea":true,"river":false,"stream":false,"lake":false},"geometry":{"type":"Polygon","coordinates":[[[41.563555,41.543343],[41.561472,41.546041],[41.557306,41.546041],[41.555223,41.543343],[41.557306,41.540645],[41.561472,41.540645],[41.563555,41.543343]]]}},{"type":"Feature","properties":{"id":"B0489","kind":"sea","core":true,"sea":true,"river":false,"stream":false,"lake":false},"geometry":{"type":"Polygon","coordinates":[[[41.563555,41.548739],[41.561472,41.551437],[41.557306,41.551437],[41.555223,41.548739],[41.557306,41.546041],[41.561472,41.546041],[41.563555,41.548739]]]}},{"type":"Feature","properties":{"id":"B0495","kind":"river","core":false,"sea":false,"river":false,"stream":false,"lake":false},"geometry":{"type":"Polygon","coordinates":[[[41.563555,41.581114],[41.561472,41.583812],[41.557306,41.583812],[41.555223,41.581114],[41.557306,41.578416],[41.561472,41.578416],[41.563555,41.581114]]]}},{"type":"Feature","properties":{"id":"B0496","kind":"river","core":false,"sea":false,"river":false,"stream":false,"lake":false},"geometry":{"type":"Polygon","coordinates":[[[41.563555,41.58651],[41.561472,41.589208],[41.557306,41.589208],[41.555223,41.58651],[41.557306,41.583812],[41.561472,41.583812],[41.563555,41.58651]]]}},{"type":"Feature","properties":{"id":"B0525","kind":"stream","core":true,"sea":false,"river":false,"stream":true,"lake":false},"geometry":{"type":"Polygon","coordinates":[[[41.569804,41.486686],[41.567721,41.489384],[41.563555,41.489384],[41.561472,41.486686],[41.563555,41.483988],[41.567721,41.483988],[41.569804,41.486686]]]}},{"type":"Feature","properties":{"id":"B0526","kind":"stream","core":true,"sea":false,"river":false,"stream":true,"lake":false},"geometry":{"type":"Polygon","coordinates":[[[41.569804,41.492082],[41.567721,41.49478],[41.563555,41.49478],[41.561472,41.492082],[41.563555,41.489384],[41.567721,41.489384],[41.569804,41.492082]]]}},{"type":"Feature","properties":{"id":"B0532","kind":"stream","core":true,"sea":false,"river":false,"stream":true,"lake":false},"geometry":{"type":"Polygon","coordinates":[[[41.569804,41.524457],[41.567721,41.527155],[41.563555,41.527155],[41.561472,41.524457],[41.563555,41.521759],[41.567721,41.521759],[41.569804,41.524457]]]}},{"type":"Feature","properties":{"id":"B0533","kind":"stream","core":true,"sea":false,"river":false,"stream":true,"lake":false},"geometry":{"type":"Polygon","coordinates":[[[41.569804,41.529853],[41.567721,41.532551],[41.563555,41.532551],[41.561472,41.529853],[41.563555,41.527155],[41.567721,41.527155],[41.569804,41.529853]]]}},{"type":"Feature","properties":{"id":"B0534","kind":"stream","core":true,"sea":false,"river":false,"stream":true,"lake":false},"geometry":{"type":"Polygon","coordinates":[[[41.569804,41.535249],[41.567721,41.537947],[41.563555,41.537947],[41.561472,41.535249],[41.563555,41.532551],[41.567721,41.532551],[41.569804,41.535249]]]}},{"type":"Feature","properties":{"id":"B0536","kind":"sea","core":true,"sea":true,"river":false,"stream":true,"lake":false},"geometry":{"type":"Polygon","coordinates":[[[41.569804,41.546041],[41.567721,41.548739],[41.563555,41.548739],[41.561472,41.546041],[41.563555,41.543343],[41.567721,41.543343],[41.569804,41.546041]]]}},{"type":"Feature","properties":{"id":"B0537","kind":"sea","core":true,"sea":true,"river":false,"stream":false,"lake":false},"geometry":{"type":"Polygon","coordinates":[[[41.569804,41.551437],[41.567721,41.554135],[41.563555,41.554135],[41.561472,41.551437],[41.563555,41.548739],[41.567721,41.548739],[41.569804,41.551437]]]}},{"type":"Feature","properties":{"id":"B0538","kind":"sea","core":true,"sea":true,"river":false,"stream":false,"lake":false},"geometry":{"type":"Polygon","coordinates":[[[41.569804,41.556833],[41.567721,41.559531],[41.563555,41.559531],[41.561472,41.556833],[41.563555,41.554135],[41.567721,41.554135],[41.569804,41.556833]]]}},{"type":"Feature","properties":{"id":"B0539","kind":"sea","core":true,"sea":true,"river":false,"stream":false,"lake":false},"geometry":{"type":"Polygon","coordinates":[[[41.569804,41.562229],[41.567721,41.564927],[41.563555,41.564927],[41.561472,41.562229],[41.563555,41.559531],[41.567721,41.559531],[41.569804,41.562229]]]}},{"type":"Feature","properties":{"id":"B0540","kind":"sea","core":true,"sea":true,"river":false,"stream":true,"lake":false},"geometry":{"type":"Polygon","coordinates":[[[41.569804,41.567624],[41.567721,41.570322],[41.563555,41.570322],[41.561472,41.567624],[41.563555,41.564927],[41.567721,41.564927],[41.569804,41.567624]]]}},{"type":"Feature","properties":{"id":"B0541","kind":"sea","core":true,"sea":true,"river":false,"stream":true,"lake":false},"geometry":{"type":"Polygon","coordinates":[[[41.569804,41.57302],[41.567721,41.575718],[41.563555,41.575718],[41.561472,41.57302],[41.563555,41.570322],[41.567721,41.570322],[41.569804,41.57302]]]}},{"type":"Feature","properties":{"id":"B0542","kind":"sea","core":true,"sea":true,"river":false,"stream":true,"lake":false},"geometry":{"type":"Polygon","coordinates":[[[41.569804,41.578416],[41.567721,41.581114],[41.563555,41.581114],[41.561472,41.578416],[41.563555,41.575718],[41.567721,41.575718],[41.569804,41.578416]]]}},{"type":"Feature","properties":{"id":"B0543","kind":"river","core":true,"sea":true,"river":true,"stream":true,"lake":false},"geometry":{"type":"Polygon","coordinates":[[[41.569804,41.583812],[41.567721,41.58651],[41.563555,41.58651],[41.561472,41.583812],[41.563555,41.581114],[41.567721,41.581114],[41.569804,41.583812]]]}},{"type":"Feature","properties":{"id":"B0544","kind":"sea","core":true,"sea":true,"river":false,"stream":false,"lake":false},"geometry":{"type":"Polygon","coordinates":[[[41.569804,41.589208],[41.567721,41.591906],[41.563555,41.591906],[41.561472,41.589208],[41.563555,41.58651],[41.567721,41.58651],[41.569804,41.589208]]]}},{"type":"Feature","properties":{"id":"B0545","kind":"sea","core":true,"sea":true,"river":false,"stream":false,"lake":false},"geometry":{"type":"Polygon","coordinates":[[[41.569804,41.594604],[41.567721,41.597302],[41.563555,41.597302],[41.561472,41.594604],[41.563555,41.591906],[41.567721,41.591906],[41.569804,41.594604]]]}},{"type":"Feature","properties":{"id":"B0546","kind":"river","core":false,"sea":false,"river":false,"stream":false,"lake":false},"geometry":{"type":"Polygon","coordinates":[[[41.569804,41.6],[41.567721,41.602698],[41.563555,41.602698],[41.561472,41.6],[41.563555,41.597302],[41.567721,41.597302],[41.569804,41.6]]]}},{"type":"Feature","properties":{"id":"B0547","kind":"river","core":false,"sea":false,"river":false,"stream":false,"lake":false},"geometry":{"type":"Polygon","coordinates":[[[41.569804,41.605396],[41.567721,41.608094],[41.563555,41.608094],[41.561472,41.605396],[41.563555,41.602698],[41.567721,41.602698],[41.569804,41.605396]]]}},{"type":"Feature","properties":{"id":"B0573","kind":"stream","core":true,"sea":false,"river":false,"stream":true,"lake":false},"geometry":{"type":"Polygon","coordinates":[[[41.576053,41.489384],[41.57397,41.492082],[41.569804,41.492082],[41.567721,41.489384],[41.569804,41.486686],[41.57397,41.486686],[41.576053,41.489384]]]}},{"type":"Feature","properties":{"id":"B0579","kind":"stream","core":true,"sea":false,"river":false,"stream":true,"lake":false},"geometry":{"type":"Polygon","coordinates":[[[41.576053,41.521759],[41.57397,41.524457],[41.569804,41.524457],[41.567721,41.521759],[41.569804,41.519061],[41.57397,41.519061],[41.576053,41.521759]]]}},{"type":"Feature","properties":{"id":"B0580","kind":"stream","core":true,"sea":false,"river":false,"stream":true,"lake":false},"geometry":{"type":"Polygon","coordinates":[[[41.576053,41.527155],[41.57397,41.529853],[41.569804,41.529853],[41.567721,41.527155],[41.569804,41.524457],[41.57397,41.524457],[41.576053,41.527155]]]}},{"type":"Feature","properties":{"id":"B0581","kind":"stream","core":true,"sea":false,"river":false,"stream":true,"lake":false},"geometry":{"type":"Polygon","coordinates":[[[41.576053,41.532551],[41.57397,41.535249],[41.569804,41.535249],[41.567721,41.532551],[41.569804,41.529853],[41.57397,41.529853],[41.576053,41.532551]]]}},{"type":"Feature","properties":{"id":"B0582","kind":"river","core":false,"sea":false,"river":false,"stream":false,"lake":false},"geometry":{"type":"Polygon","coordinates":[[[41.576053,41.537947],[41.57397,41.540645],[41.569804,41.540645],[41.567721,41.537947],[41.569804,41.535249],[41.57397,41.535249],[41.576053,41.537947]]]}},{"type":"Feature","properties":{"id":"B0583","kind":"stream","core":true,"sea":false,"river":false,"stream":true,"lake":false},"geometry":{"type":"Polygon","coordinates":[[[41.576053,41.543343],[41.57397,41.546041],[41.569804,41.546041],[41.567721,41.543343],[41.569804,41.540645],[41.57397,41.540645],[41.576053,41.543343]]]}},{"type":"Feature","properties":{"id":"B0584","kind":"stream","core":true,"sea":false,"river":false,"stream":true,"lake":false},"geometry":{"type":"Polygon","coordinates":[[[41.576053,41.548739],[41.57397,41.551437],[41.569804,41.551437],[41.567721,41.548739],[41.569804,41.546041],[41.57397,41.546041],[41.576053,41.548739]]]}},{"type":"Feature","properties":{"id":"B0586","kind":"stream","core":true,"sea":false,"river":false,"stream":true,"lake":false},"geometry":{"type":"Polygon","coordinates":[[[41.576053,41.559531],[41.57397,41.562229],[41.569804,41.562229],[41.567721,41.559531],[41.569804,41.556833],[41.57397,41.556833],[41.576053,41.559531]]]}},{"type":"Feature","properties":{"id":"B0587","kind":"stream","core":true,"sea":false,"river":false,"stream":true,"lake":false},"geometry":{"type":"Polygon","coordinates":[[[41.576053,41.564927],[41.57397,41.567624],[41.569804,41.567624],[41.567721,41.564927],[41.569804,41.562229],[41.57397,41.562229],[41.576053,41.564927]]]}},{"type":"Feature","properties":{"id":"B0588","kind":"stream","core":true,"sea":false,"river":false,"stream":true,"lake":false},"geometry":{"type":"Polygon","coordinates":[[[41.576053,41.570322],[41.57397,41.57302],[41.569804,41.57302],[41.567721,41.570322],[41.569804,41.567624],[41.57397,41.567624],[41.576053,41.570322]]]}},{"type":"Feature","properties":{"id":"B0589","kind":"river","core":true,"sea":false,"river":true,"stream":true,"lake":false},"geometry":{"type":"Polygon","coordinates":[[[41.576053,41.575718],[41.57397,41.578416],[41.569804,41.578416],[41.567721,41.575718],[41.569804,41.57302],[41.57397,41.57302],[41.576053,41.575718]]]}},{"type":"Feature","properties":{"id":"B0590","kind":"river","core":true,"sea":false,"river":true,"stream":true,"lake":false},"geometry":{"type":"Polygon","coordinates":[[[41.576053,41.581114],[41.57397,41.583812],[41.569804,41.583812],[41.567721,41.581114],[41.569804,41.578416],[41.57397,41.578416],[41.576053,41.581114]]]}},{"type":"Feature","properties":{"id":"B0591","kind":"stream","core":true,"sea":false,"river":false,"stream":true,"lake":false},"geometry":{"type":"Polygon","coordinates":[[[41.576053,41.58651],[41.57397,41.589208],[41.569804,41.589208],[41.567721,41.58651],[41.569804,41.583812],[41.57397,41.583812],[41.576053,41.58651]]]}},{"type":"Feature","properties":{"id":"B0592","kind":"sea","core":true,"sea":true,"river":false,"stream":false,"lake":false},"geometry":{"type":"Polygon","coordinates":[[[41.576053,41.591906],[41.57397,41.594604],[41.569804,41.594604],[41.567721,41.591906],[41.569804,41.589208],[41.57397,41.589208],[41.576053,41.591906]]]}},{"type":"Feature","properties":{"id":"B0593","kind":"river","core":true,"sea":true,"river":true,"stream":false,"lake":false},"geometry":{"type":"Polygon","coordinates":[[[41.576053,41.597302],[41.57397,41.6],[41.569804,41.6],[41.567721,41.597302],[41.569804,41.594604],[41.57397,41.594604],[41.576053,41.597302]]]}},{"type":"Feature","properties":{"id":"B0594","kind":"river","core":true,"sea":true,"river":true,"stream":false,"lake":false},"geometry":{"type":"Polygon","coordinates":[[[41.576053,41.602698],[41.57397,41.605396],[41.569804,41.605396],[41.567721,41.602698],[41.569804,41.6],[41.57397,41.6],[41.576053,41.602698]]]}},{"type":"Feature","properties":{"id":"B0595","kind":"river","core":false,"sea":false,"river":false,"stream":false,"lake":false},"geometry":{"type":"Polygon","coordinates":[[[41.576053,41.608094],[41.57397,41.610792],[41.569804,41.610792],[41.567721,41.608094],[41.569804,41.605396],[41.57397,41.605396],[41.576053,41.608094]]]}},{"type":"Feature","properties":{"id":"B0620","kind":"stream","core":true,"sea":false,"river":false,"stream":true,"lake":false},"geometry":{"type":"Polygon","coordinates":[[[41.582302,41.486686],[41.580219,41.489384],[41.576053,41.489384],[41.57397,41.486686],[41.576053,41.483988],[41.580219,41.483988],[41.582302,41.486686]]]}},{"type":"Feature","properties":{"id":"B0626","kind":"river","core":false,"sea":false,"river":false,"stream":false,"lake":false},"geometry":{"type":"Polygon","coordinates":[[[41.582302,41.519061],[41.580219,41.521759],[41.576053,41.521759],[41.57397,41.519061],[41.576053,41.516363],[41.580219,41.516363],[41.582302,41.519061]]]}},{"type":"Feature","properties":{"id":"B0627","kind":"river","core":false,"sea":false,"river":false,"stream":false,"lake":false},"geometry":{"type":"Polygon","coordinates":[[[41.582302,41.524457],[41.580219,41.527155],[41.576053,41.527155],[41.57397,41.524457],[41.576053,41.521759],[41.580219,41.521759],[41.582302,41.524457]]]}},{"type":"Feature","properties":{"id":"B0628","kind":"river","core":true,"sea":false,"river":true,"stream":false,"lake":false},"geometry":{"type":"Polygon","coordinates":[[[41.582302,41.529853],[41.580219,41.532551],[41.576053,41.532551],[41.57397,41.529853],[41.576053,41.527155],[41.580219,41.527155],[41.582302,41.529853]]]}},{"type":"Feature","properties":{"id":"B0629","kind":"river","core":true,"sea":false,"river":true,"stream":false,"lake":false},"geometry":{"type":"Polygon","coordinates":[[[41.582302,41.535249],[41.580219,41.537947],[41.576053,41.537947],[41.57397,41.535249],[41.576053,41.532551],[41.580219,41.532551],[41.582302,41.535249]]]}},{"type":"Feature","properties":{"id":"B0630","kind":"river","core":false,"sea":false,"river":false,"stream":false,"lake":false},"geometry":{"type":"Polygon","coordinates":[[[41.582302,41.540645],[41.580219,41.543343],[41.576053,41.543343],[41.57397,41.540645],[41.576053,41.537947],[41.580219,41.537947],[41.582302,41.540645]]]}},{"type":"Feature","properties":{"id":"B0631","kind":"stream","core":true,"sea":false,"river":false,"stream":true,"lake":false},"geometry":{"type":"Polygon","coordinates":[[[41.582302,41.546041],[41.580219,41.548739],[41.576053,41.548739],[41.57397,41.546041],[41.576053,41.543343],[41.580219,41.543343],[41.582302,41.546041]]]}},{"type":"Feature","properties":{"id":"B0633","kind":"stream","core":true,"sea":false,"river":false,"stream":true,"lake":false},"geometry":{"type":"Polygon","coordinates":[[[41.582302,41.556833],[41.580219,41.559531],[41.576053,41.559531],[41.57397,41.556833],[41.576053,41.554135],[41.580219,41.554135],[41.582302,41.556833]]]}},{"type":"Feature","properties":{"id":"B0636","kind":"river","core":false,"sea":false,"river":false,"stream":false,"lake":false},"geometry":{"type":"Polygon","coordinates":[[[41.582302,41.57302],[41.580219,41.575718],[41.576053,41.575718],[41.57397,41.57302],[41.576053,41.570322],[41.580219,41.570322],[41.582302,41.57302]]]}},{"type":"Feature","properties":{"id":"B0637","kind":"river","core":true,"sea":false,"river":true,"stream":true,"lake":false},"geometry":{"type":"Polygon","coordinates":[[[41.582302,41.578416],[41.580219,41.581114],[41.576053,41.581114],[41.57397,41.578416],[41.576053,41.575718],[41.580219,41.575718],[41.582302,41.578416]]]}},{"type":"Feature","properties":{"id":"B0638","kind":"stream","core":true,"sea":false,"river":false,"stream":true,"lake":false},"geometry":{"type":"Polygon","coordinates":[[[41.582302,41.583812],[41.580219,41.58651],[41.576053,41.58651],[41.57397,41.583812],[41.576053,41.581114],[41.580219,41.581114],[41.582302,41.583812]]]}},{"type":"Feature","properties":{"id":"B0639","kind":"river","core":false,"sea":false,"river":false,"stream":false,"lake":false},"geometry":{"type":"Polygon","coordinates":[[[41.582302,41.589208],[41.580219,41.591906],[41.576053,41.591906],[41.57397,41.589208],[41.576053,41.58651],[41.580219,41.58651],[41.582302,41.589208]]]}},{"type":"Feature","properties":{"id":"B0640","kind":"river","core":true,"sea":false,"river":true,"stream":false,"lake":false},"geometry":{"type":"Polygon","coordinates":[[[41.582302,41.594604],[41.580219,41.597302],[41.576053,41.597302],[41.57397,41.594604],[41.576053,41.591906],[41.580219,41.591906],[41.582302,41.594604]]]}},{"type":"Feature","properties":{"id":"B0641","kind":"river","core":true,"sea":false,"river":true,"stream":false,"lake":false},"geometry":{"type":"Polygon","coordinates":[[[41.582302,41.6],[41.580219,41.602698],[41.576053,41.602698],[41.57397,41.6],[41.576053,41.597302],[41.580219,41.597302],[41.582302,41.6]]]}},{"type":"Feature","properties":{"id":"B0642","kind":"river","core":true,"sea":true,"river":true,"stream":true,"lake":true},"geometry":{"type":"Polygon","coordinates":[[[41.582302,41.605396],[41.580219,41.608094],[41.576053,41.608094],[41.57397,41.605396],[41.576053,41.602698],[41.580219,41.602698],[41.582302,41.605396]]]}},{"type":"Feature","properties":{"id":"B0643","kind":"sea","core":true,"sea":true,"river":false,"stream":true,"lake":false},"geometry":{"type":"Polygon","coordinates":[[[41.582302,41.610792],[41.580219,41.61349],[41.576053,41.61349],[41.57397,41.610792],[41.576053,41.608094],[41.580219,41.608094],[41.582302,41.610792]]]}},{"type":"Feature","properties":{"id":"B0644","kind":"river","core":false,"sea":false,"river":false,"stream":false,"lake":false},"geometry":{"type":"Polygon","coordinates":[[[41.582302,41.616188],[41.580219,41.618886],[41.576053,41.618886],[41.57397,41.616188],[41.576053,41.61349],[41.580219,41.61349],[41.582302,41.616188]]]}},{"type":"Feature","properties":{"id":"B0645","kind":"river","core":false,"sea":false,"river":false,"stream":false,"lake":false},"geometry":{"type":"Polygon","coordinates":[[[41.582302,41.621584],[41.580219,41.624282],[41.576053,41.624282],[41.57397,41.621584],[41.576053,41.618886],[41.580219,41.618886],[41.582302,41.621584]]]}},{"type":"Feature","properties":{"id":"B0667","kind":"stream","core":true,"sea":false,"river":false,"stream":true,"lake":false},"geometry":{"type":"Polygon","coordinates":[[[41.588551,41.483988],[41.586468,41.486686],[41.582302,41.486686],[41.580219,41.483988],[41.582302,41.48129],[41.586468,41.48129],[41.588551,41.483988]]]}},{"type":"Feature","properties":{"id":"B0668","kind":"stream","core":true,"sea":false,"river":false,"stream":true,"lake":false},"geometry":{"type":"Polygon","coordinates":[[[41.588551,41.489384],[41.586468,41.492082],[41.582302,41.492082],[41.580219,41.489384],[41.582302,41.486686],[41.586468,41.486686],[41.588551,41.489384]]]}},{"type":"Feature","properties":{"id":"B0673","kind":"river","core":false,"sea":false,"river":false,"stream":false,"lake":false},"geometry":{"type":"Polygon","coordinates":[[[41.588551,41.516363],[41.586468,41.519061],[41.582302,41.519061],[41.580219,41.516363],[41.582302,41.513665],[41.586468,41.513665],[41.588551,41.516363]]]}},{"type":"Feature","properties":{"id":"B0674","kind":"river","core":true,"sea":false,"river":true,"stream":false,"lake":false},"geometry":{"type":"Polygon","coordinates":[[[41.588551,41.521759],[41.586468,41.524457],[41.582302,41.524457],[41.580219,41.521759],[41.582302,41.519061],[41.586468,41.519061],[41.588551,41.521759]]]}},{"type":"Feature","properties":{"id":"B0675","kind":"river","core":true,"sea":false,"river":true,"stream":false,"lake":false},"geometry":{"type":"Polygon","coordinates":[[[41.588551,41.527155],[41.586468,41.529853],[41.582302,41.529853],[41.580219,41.527155],[41.582302,41.524457],[41.586468,41.524457],[41.588551,41.527155]]]}},{"type":"Feature","properties":{"id":"B0676","kind":"river","core":true,"sea":false,"river":true,"stream":false,"lake":false},"geometry":{"type":"Polygon","coordinates":[[[41.588551,41.532551],[41.586468,41.535249],[41.582302,41.535249],[41.580219,41.532551],[41.582302,41.529853],[41.586468,41.529853],[41.588551,41.532551]]]}},{"type":"Feature","properties":{"id":"B0677","kind":"river","core":true,"sea":false,"river":true,"stream":false,"lake":false},"geometry":{"type":"Polygon","coordinates":[[[41.588551,41.537947],[41.586468,41.540645],[41.582302,41.540645],[41.580219,41.537947],[41.582302,41.535249],[41.586468,41.535249],[41.588551,41.537947]]]}},{"type":"Feature","properties":{"id":"B0678","kind":"river","core":true,"sea":false,"river":true,"stream":false,"lake":false},"geometry":{"type":"Polygon","coordinates":[[[41.588551,41.543343],[41.586468,41.546041],[41.582302,41.546041],[41.580219,41.543343],[41.582302,41.540645],[41.586468,41.540645],[41.588551,41.543343]]]}},{"type":"Feature","properties":{"id":"B0679","kind":"river","core":false,"sea":false,"river":false,"stream":false,"lake":false},"geometry":{"type":"Polygon","coordinates":[[[41.588551,41.548739],[41.586468,41.551437],[41.582302,41.551437],[41.580219,41.548739],[41.582302,41.546041],[41.586468,41.546041],[41.588551,41.548739]]]}},{"type":"Feature","properties":{"id":"B0680","kind":"stream","core":true,"sea":false,"river":false,"stream":true,"lake":false},"geometry":{"type":"Polygon","coordinates":[[[41.588551,41.554135],[41.586468,41.556833],[41.582302,41.556833],[41.580219,41.554135],[41.582302,41.551437],[41.586468,41.551437],[41.588551,41.554135]]]}},{"type":"Feature","properties":{"id":"B0683","kind":"river","core":false,"sea":false,"river":false,"stream":false,"lake":false},"geometry":{"type":"Polygon","coordinates":[[[41.588551,41.570322],[41.586468,41.57302],[41.582302,41.57302],[41.580219,41.570322],[41.582302,41.567624],[41.586468,41.567624],[41.588551,41.570322]]]}},{"type":"Feature","properties":{"id":"B0684","kind":"river","core":true,"sea":false,"river":true,"stream":false,"lake":false},"geometry":{"type":"Polygon","coordinates":[[[41.588551,41.575718],[41.586468,41.578416],[41.582302,41.578416],[41.580219,41.575718],[41.582302,41.57302],[41.586468,41.57302],[41.588551,41.575718]]]}},{"type":"Feature","properties":{"id":"B0685","kind":"river","core":true,"sea":false,"river":true,"stream":false,"lake":false},"geometry":{"type":"Polygon","coordinates":[[[41.588551,41.581114],[41.586468,41.583812],[41.582302,41.583812],[41.580219,41.581114],[41.582302,41.578416],[41.586468,41.578416],[41.588551,41.581114]]]}},{"type":"Feature","properties":{"id":"B0686","kind":"stream","core":true,"sea":false,"river":false,"stream":true,"lake":false},"geometry":{"type":"Polygon","coordinates":[[[41.588551,41.58651],[41.586468,41.589208],[41.582302,41.589208],[41.580219,41.58651],[41.582302,41.583812],[41.586468,41.583812],[41.588551,41.58651]]]}},{"type":"Feature","properties":{"id":"B0687","kind":"river","core":true,"sea":false,"river":true,"stream":true,"lake":true},"geometry":{"type":"Polygon","coordinates":[[[41.588551,41.591906],[41.586468,41.594604],[41.582302,41.594604],[41.580219,41.591906],[41.582302,41.589208],[41.586468,41.589208],[41.588551,41.591906]]]}},{"type":"Feature","properties":{"id":"B0688","kind":"river","core":true,"sea":false,"river":true,"stream":false,"lake":false},"geometry":{"type":"Polygon","coordinates":[[[41.588551,41.597302],[41.586468,41.6],[41.582302,41.6],[41.580219,41.597302],[41.582302,41.594604],[41.586468,41.594604],[41.588551,41.597302]]]}},{"type":"Feature","properties":{"id":"B0689","kind":"river","core":true,"sea":false,"river":true,"stream":false,"lake":false},"geometry":{"type":"Polygon","coordinates":[[[41.588551,41.602698],[41.586468,41.605396],[41.582302,41.605396],[41.580219,41.602698],[41.582302,41.6],[41.586468,41.6],[41.588551,41.602698]]]}},{"type":"Feature","properties":{"id":"B0690","kind":"river","core":true,"sea":false,"river":true,"stream":true,"lake":true},"geometry":{"type":"Polygon","coordinates":[[[41.588551,41.608094],[41.586468,41.610792],[41.582302,41.610792],[41.580219,41.608094],[41.582302,41.605396],[41.586468,41.605396],[41.588551,41.608094]]]}},{"type":"Feature","properties":{"id":"B0691","kind":"sea","core":true,"sea":true,"river":false,"stream":false,"lake":true},"geometry":{"type":"Polygon","coordinates":[[[41.588551,41.61349],[41.586468,41.616188],[41.582302,41.616188],[41.580219,41.61349],[41.582302,41.610792],[41.586468,41.610792],[41.588551,41.61349]]]}},{"type":"Feature","properties":{"id":"B0692","kind":"river","core":true,"sea":true,"river":true,"stream":false,"lake":false},"geometry":{"type":"Polygon","coordinates":[[[41.588551,41.618886],[41.586468,41.621584],[41.582302,41.621584],[41.580219,41.618886],[41.582302,41.616188],[41.586468,41.616188],[41.588551,41.618886]]]}},{"type":"Feature","properties":{"id":"B0693","kind":"river","core":false,"sea":false,"river":false,"stream":false,"lake":false},"geometry":{"type":"Polygon","coordinates":[[[41.588551,41.624282],[41.586468,41.62698],[41.582302,41.62698],[41.580219,41.624282],[41.582302,41.621584],[41.586468,41.621584],[41.588551,41.624282]]]}},{"type":"Feature","properties":{"id":"B0715","kind":"stream","core":true,"sea":false,"river":false,"stream":true,"lake":false},"geometry":{"type":"Polygon","coordinates":[[[41.5948,41.486686],[41.592717,41.489384],[41.588551,41.489384],[41.586468,41.486686],[41.588551,41.483988],[41.592717,41.483988],[41.5948,41.486686]]]}},{"type":"Feature","properties":{"id":"B0721","kind":"river","core":false,"sea":false,"river":false,"stream":false,"lake":false},"geometry":{"type":"Polygon","coordinates":[[[41.5948,41.519061],[41.592717,41.521759],[41.588551,41.521759],[41.586468,41.519061],[41.588551,41.516363],[41.592717,41.516363],[41.5948,41.519061]]]}},{"type":"Feature","properties":{"id":"B0722","kind":"river","core":false,"sea":false,"river":false,"stream":false,"lake":false},"geometry":{"type":"Polygon","coordinates":[[[41.5948,41.524457],[41.592717,41.527155],[41.588551,41.527155],[41.586468,41.524457],[41.588551,41.521759],[41.592717,41.521759],[41.5948,41.524457]]]}},{"type":"Feature","properties":{"id":"B0723","kind":"river","core":false,"sea":false,"river":false,"stream":false,"lake":false},"geometry":{"type":"Polygon","coordinates":[[[41.5948,41.529853],[41.592717,41.532551],[41.588551,41.532551],[41.586468,41.529853],[41.588551,41.527155],[41.592717,41.527155],[41.5948,41.529853]]]}},{"type":"Feature","properties":{"id":"B0724","kind":"river","core":false,"sea":false,"river":false,"stream":false,"lake":false},"geometry":{"type":"Polygon","coordinates":[[[41.5948,41.535249],[41.592717,41.537947],[41.588551,41.537947],[41.586468,41.535249],[41.588551,41.532551],[41.592717,41.532551],[41.5948,41.535249]]]}},{"type":"Feature","properties":{"id":"B0725","kind":"river","core":false,"sea":false,"river":false,"stream":false,"lake":false},"geometry":{"type":"Polygon","coordinates":[[[41.5948,41.540645],[41.592717,41.543343],[41.588551,41.543343],[41.586468,41.540645],[41.588551,41.537947],[41.592717,41.537947],[41.5948,41.540645]]]}},{"type":"Feature","properties":{"id":"B0726","kind":"river","core":true,"sea":false,"river":true,"stream":false,"lake":false},"geometry":{"type":"Polygon","coordinates":[[[41.5948,41.546041],[41.592717,41.548739],[41.588551,41.548739],[41.586468,41.546041],[41.588551,41.543343],[41.592717,41.543343],[41.5948,41.546041]]]}},{"type":"Feature","properties":{"id":"B0727","kind":"river","core":true,"sea":false,"river":true,"stream":false,"lake":false},"geometry":{"type":"Polygon","coordinates":[[[41.5948,41.551437],[41.592717,41.554135],[41.588551,41.554135],[41.586468,41.551437],[41.588551,41.548739],[41.592717,41.548739],[41.5948,41.551437]]]}},{"type":"Feature","properties":{"id":"B0728","kind":"river","core":false,"sea":false,"river":false,"stream":false,"lake":false},"geometry":{"type":"Polygon","coordinates":[[[41.5948,41.556833],[41.592717,41.559531],[41.588551,41.559531],[41.586468,41.556833],[41.588551,41.554135],[41.592717,41.554135],[41.5948,41.556833]]]}},{"type":"Feature","properties":{"id":"B0731","kind":"river","core":false,"sea":false,"river":false,"stream":false,"lake":false},"geometry":{"type":"Polygon","coordinates":[[[41.5948,41.57302],[41.592717,41.575718],[41.588551,41.575718],[41.586468,41.57302],[41.588551,41.570322],[41.592717,41.570322],[41.5948,41.57302]]]}},{"type":"Feature","properties":{"id":"B0732","kind":"stream","core":true,"sea":false,"river":false,"stream":true,"lake":false},"geometry":{"type":"Polygon","coordinates":[[[41.5948,41.578416],[41.592717,41.581114],[41.588551,41.581114],[41.586468,41.578416],[41.588551,41.575718],[41.592717,41.575718],[41.5948,41.578416]]]}},{"type":"Feature","properties":{"id":"B0733","kind":"stream","core":true,"sea":false,"river":false,"stream":true,"lake":false},"geometry":{"type":"Polygon","coordinates":[[[41.5948,41.583812],[41.592717,41.58651],[41.588551,41.58651],[41.586468,41.583812],[41.588551,41.581114],[41.592717,41.581114],[41.5948,41.583812]]]}},{"type":"Feature","properties":{"id":"B0734","kind":"lake","core":true,"sea":false,"river":false,"stream":true,"lake":true},"geometry":{"type":"Polygon","coordinates":[[[41.5948,41.589208],[41.592717,41.591906],[41.588551,41.591906],[41.586468,41.589208],[41.588551,41.58651],[41.592717,41.58651],[41.5948,41.589208]]]}},{"type":"Feature","properties":{"id":"B0735","kind":"river","core":true,"sea":false,"river":true,"stream":true,"lake":true},"geometry":{"type":"Polygon","coordinates":[[[41.5948,41.594604],[41.592717,41.597302],[41.588551,41.597302],[41.586468,41.594604],[41.588551,41.591906],[41.592717,41.591906],[41.5948,41.594604]]]}},{"type":"Feature","properties":{"id":"B0736","kind":"river","core":true,"sea":false,"river":true,"stream":false,"lake":false},"geometry":{"type":"Polygon","coordinates":[[[41.5948,41.6],[41.592717,41.602698],[41.588551,41.602698],[41.586468,41.6],[41.588551,41.597302],[41.592717,41.597302],[41.5948,41.6]]]}},{"type":"Feature","properties":{"id":"B0737","kind":"stream","core":true,"sea":false,"river":false,"stream":true,"lake":false},"geometry":{"type":"Polygon","coordinates":[[[41.5948,41.605396],[41.592717,41.608094],[41.588551,41.608094],[41.586468,41.605396],[41.588551,41.602698],[41.592717,41.602698],[41.5948,41.605396]]]}},{"type":"Feature","properties":{"id":"B0738","kind":"lake","core":true,"sea":false,"river":false,"stream":false,"lake":true},"geometry":{"type":"Polygon","coordinates":[[[41.5948,41.610792],[41.592717,41.61349],[41.588551,41.61349],[41.586468,41.610792],[41.588551,41.608094],[41.592717,41.608094],[41.5948,41.610792]]]}},{"type":"Feature","properties":{"id":"B0739","kind":"river","core":false,"sea":false,"river":false,"stream":false,"lake":false},"geometry":{"type":"Polygon","coordinates":[[[41.5948,41.616188],[41.592717,41.618886],[41.588551,41.618886],[41.586468,41.616188],[41.588551,41.61349],[41.592717,41.61349],[41.5948,41.616188]]]}},{"type":"Feature","properties":{"id":"B0740","kind":"sea","core":true,"sea":true,"river":false,"stream":false,"lake":false},"geometry":{"type":"Polygon","coordinates":[[[41.5948,41.621584],[41.592717,41.624282],[41.588551,41.624282],[41.586468,41.621584],[41.588551,41.618886],[41.592717,41.618886],[41.5948,41.621584]]]}},{"type":"Feature","properties":{"id":"B0741","kind":"river","core":false,"sea":false,"river":false,"stream":false,"lake":false},"geometry":{"type":"Polygon","coordinates":[[[41.5948,41.62698],[41.592717,41.629678],[41.588551,41.629678],[41.586468,41.62698],[41.588551,41.624282],[41.592717,41.624282],[41.5948,41.62698]]]}},{"type":"Feature","properties":{"id":"B0742","kind":"river","core":false,"sea":false,"river":false,"stream":false,"lake":false},"geometry":{"type":"Polygon","coordinates":[[[41.5948,41.632376],[41.592717,41.635073],[41.588551,41.635073],[41.586468,41.632376],[41.588551,41.629678],[41.592717,41.629678],[41.5948,41.632376]]]}},{"type":"Feature","properties":{"id":"B0763","kind":"stream","core":true,"sea":false,"river":false,"stream":true,"lake":false},"geometry":{"type":"Polygon","coordinates":[[[41.601049,41.489384],[41.598966,41.492082],[41.5948,41.492082],[41.592717,41.489384],[41.5948,41.486686],[41.598966,41.486686],[41.601049,41.489384]]]}},{"type":"Feature","properties":{"id":"B0764","kind":"stream","core":true,"sea":false,"river":false,"stream":true,"lake":false},"geometry":{"type":"Polygon","coordinates":[[[41.601049,41.49478],[41.598966,41.497477],[41.5948,41.497477],[41.592717,41.49478],[41.5948,41.492082],[41.598966,41.492082],[41.601049,41.49478]]]}},{"type":"Feature","properties":{"id":"B0773","kind":"river","core":false,"sea":false,"river":false,"stream":false,"lake":false},"geometry":{"type":"Polygon","coordinates":[[[41.601049,41.543343],[41.598966,41.546041],[41.5948,41.546041],[41.592717,41.543343],[41.5948,41.540645],[41.598966,41.540645],[41.601049,41.543343]]]}},{"type":"Feature","properties":{"id":"B0774","kind":"river","core":true,"sea":false,"river":true,"stream":false,"lake":false},"geometry":{"type":"Polygon","coordinates":[[[41.601049,41.548739],[41.598966,41.551437],[41.5948,41.551437],[41.592717,41.548739],[41.5948,41.546041],[41.598966,41.546041],[41.601049,41.548739]]]}},{"type":"Feature","properties":{"id":"B0775","kind":"river","core":true,"sea":false,"river":true,"stream":false,"lake":false},"geometry":{"type":"Polygon","coordinates":[[[41.601049,41.554135],[41.598966,41.556833],[41.5948,41.556833],[41.592717,41.554135],[41.5948,41.551437],[41.598966,41.551437],[41.601049,41.554135]]]}},{"type":"Feature","properties":{"id":"B0776","kind":"river","core":false,"sea":false,"river":false,"stream":false,"lake":false},"geometry":{"type":"Polygon","coordinates":[[[41.601049,41.559531],[41.598966,41.562229],[41.5948,41.562229],[41.592717,41.559531],[41.5948,41.556833],[41.598966,41.556833],[41.601049,41.559531]]]}},{"type":"Feature","properties":{"id":"B0779","kind":"stream","core":true,"sea":false,"river":false,"stream":true,"lake":false},"geometry":{"type":"Polygon","coordinates":[[[41.601049,41.575718],[41.598966,41.578416],[41.5948,41.578416],[41.592717,41.575718],[41.5948,41.57302],[41.598966,41.57302],[41.601049,41.575718]]]}},{"type":"Feature","properties":{"id":"B0780","kind":"stream","core":true,"sea":false,"river":false,"stream":true,"lake":false},"geometry":{"type":"Polygon","coordinates":[[[41.601049,41.581114],[41.598966,41.583812],[41.5948,41.583812],[41.592717,41.581114],[41.5948,41.578416],[41.598966,41.578416],[41.601049,41.581114]]]}},{"type":"Feature","properties":{"id":"B0781","kind":"stream","core":true,"sea":false,"river":false,"stream":true,"lake":false},"geometry":{"type":"Polygon","coordinates":[[[41.601049,41.58651],[41.598966,41.589208],[41.5948,41.589208],[41.592717,41.58651],[41.5948,41.583812],[41.598966,41.583812],[41.601049,41.58651]]]}},{"type":"Feature","properties":{"id":"B0782","kind":"river","core":true,"sea":false,"river":true,"stream":true,"lake":true},"geometry":{"type":"Polygon","coordinates":[[[41.601049,41.591906],[41.598966,41.594604],[41.5948,41.594604],[41.592717,41.591906],[41.5948,41.589208],[41.598966,41.589208],[41.601049,41.591906]]]}},{"type":"Feature","properties":{"id":"B0783","kind":"river","core":true,"sea":false,"river":true,"stream":false,"lake":true},"geometry":{"type":"Polygon","coordinates":[[[41.601049,41.597302],[41.598966,41.6],[41.5948,41.6],[41.592717,41.597302],[41.5948,41.594604],[41.598966,41.594604],[41.601049,41.597302]]]}},{"type":"Feature","properties":{"id":"B0784","kind":"lake","core":true,"sea":false,"river":false,"stream":true,"lake":true},"geometry":{"type":"Polygon","coordinates":[[[41.601049,41.602698],[41.598966,41.605396],[41.5948,41.605396],[41.592717,41.602698],[41.5948,41.6],[41.598966,41.6],[41.601049,41.602698]]]}},{"type":"Feature","properties":{"id":"B0787","kind":"lake","core":true,"sea":false,"river":false,"stream":false,"lake":true},"geometry":{"type":"Polygon","coordinates":[[[41.601049,41.618886],[41.598966,41.621584],[41.5948,41.621584],[41.592717,41.618886],[41.5948,41.616188],[41.598966,41.616188],[41.601049,41.618886]]]}},{"type":"Feature","properties":{"id":"B0788","kind":"sea","core":true,"sea":true,"river":false,"stream":false,"lake":true},"geometry":{"type":"Polygon","coordinates":[[[41.601049,41.624282],[41.598966,41.62698],[41.5948,41.62698],[41.592717,41.624282],[41.5948,41.621584],[41.598966,41.621584],[41.601049,41.624282]]]}},{"type":"Feature","properties":{"id":"B0789","kind":"river","core":true,"sea":true,"river":true,"stream":false,"lake":false},"geometry":{"type":"Polygon","coordinates":[[[41.601049,41.629678],[41.598966,41.632376],[41.5948,41.632376],[41.592717,41.629678],[41.5948,41.62698],[41.598966,41.62698],[41.601049,41.629678]]]}},{"type":"Feature","properties":{"id":"B0790","kind":"river","core":false,"sea":false,"river":false,"stream":false,"lake":false},"geometry":{"type":"Polygon","coordinates":[[[41.601049,41.635073],[41.598966,41.637771],[41.5948,41.637771],[41.592717,41.635073],[41.5948,41.632376],[41.598966,41.632376],[41.601049,41.635073]]]}},{"type":"Feature","properties":{"id":"B0811","kind":"stream","core":true,"sea":false,"river":false,"stream":true,"lake":false},"geometry":{"type":"Polygon","coordinates":[[[41.607298,41.492082],[41.605215,41.49478],[41.601049,41.49478],[41.598966,41.492082],[41.601049,41.489384],[41.605215,41.489384],[41.607298,41.492082]]]}},{"type":"Feature","properties":{"id":"B0816","kind":"river","core":false,"sea":false,"river":false,"stream":false,"lake":false},"geometry":{"type":"Polygon","coordinates":[[[41.607298,41.519061],[41.605215,41.521759],[41.601049,41.521759],[41.598966,41.519061],[41.601049,41.516363],[41.605215,41.516363],[41.607298,41.519061]]]}},{"type":"Feature","properties":{"id":"B0817","kind":"river","core":false,"sea":false,"river":false,"stream":false,"lake":false},"geometry":{"type":"Polygon","coordinates":[[[41.607298,41.524457],[41.605215,41.527155],[41.601049,41.527155],[41.598966,41.524457],[41.601049,41.521759],[41.605215,41.521759],[41.607298,41.524457]]]}},{"type":"Feature","properties":{"id":"B0821","kind":"river","core":false,"sea":false,"river":false,"stream":false,"lake":false},"geometry":{"type":"Polygon","coordinates":[[[41.607298,41.546041],[41.605215,41.548739],[41.601049,41.548739],[41.598966,41.546041],[41.601049,41.543343],[41.605215,41.543343],[41.607298,41.546041]]]}},{"type":"Feature","properties":{"id":"B0822","kind":"river","core":true,"sea":false,"river":true,"stream":false,"lake":false},"geometry":{"type":"Polygon","coordinates":[[[41.607298,41.551437],[41.605215,41.554135],[41.601049,41.554135],[41.598966,41.551437],[41.601049,41.548739],[41.605215,41.548739],[41.607298,41.551437]]]}},{"type":"Feature","properties":{"id":"B0823","kind":"river","core":false,"sea":false,"river":false,"stream":false,"lake":false},"geometry":{"type":"Polygon","coordinates":[[[41.607298,41.556833],[41.605215,41.559531],[41.601049,41.559531],[41.598966,41.556833],[41.601049,41.554135],[41.605215,41.554135],[41.607298,41.556833]]]}},{"type":"Feature","properties":{"id":"B0824","kind":"river","core":false,"sea":false,"river":false,"stream":false,"lake":false},"geometry":{"type":"Polygon","coordinates":[[[41.607298,41.562229],[41.605215,41.564927],[41.601049,41.564927],[41.598966,41.562229],[41.601049,41.559531],[41.605215,41.559531],[41.607298,41.562229]]]}},{"type":"Feature","properties":{"id":"B0828","kind":"stream","core":true,"sea":false,"river":false,"stream":true,"lake":false},"geometry":{"type":"Polygon","coordinates":[[[41.607298,41.583812],[41.605215,41.58651],[41.601049,41.58651],[41.598966,41.583812],[41.601049,41.581114],[41.605215,41.581114],[41.607298,41.583812]]]}},{"type":"Feature","properties":{"id":"B0829","kind":"river","core":true,"sea":false,"river":true,"stream":true,"lake":true},"geometry":{"type":"Polygon","coordinates":[[[41.607298,41.589208],[41.605215,41.591906],[41.601049,41.591906],[41.598966,41.589208],[41.601049,41.58651],[41.605215,41.58651],[41.607298,41.589208]]]}},{"type":"Feature","properties":{"id":"B0830","kind":"river","core":true,"sea":false,"river":true,"stream":false,"lake":true},"geometry":{"type":"Polygon","coordinates":[[[41.607298,41.594604],[41.605215,41.597302],[41.601049,41.597302],[41.598966,41.594604],[41.601049,41.591906],[41.605215,41.591906],[41.607298,41.594604]]]}},{"type":"Feature","properties":{"id":"B0831","kind":"lake","core":true,"sea":false,"river":false,"stream":true,"lake":true},"geometry":{"type":"Polygon","coordinates":[[[41.607298,41.6],[41.605215,41.602698],[41.601049,41.602698],[41.598966,41.6],[41.601049,41.597302],[41.605215,41.597302],[41.607298,41.6]]]}},{"type":"Feature","properties":{"id":"B0833","kind":"lake","core":true,"sea":false,"river":false,"stream":false,"lake":true},"geometry":{"type":"Polygon","coordinates":[[[41.607298,41.610792],[41.605215,41.61349],[41.601049,41.61349],[41.598966,41.610792],[41.601049,41.608094],[41.605215,41.608094],[41.607298,41.610792]]]}},{"type":"Feature","properties":{"id":"B0834","kind":"river","core":false,"sea":false,"river":false,"stream":false,"lake":false},"geometry":{"type":"Polygon","coordinates":[[[41.607298,41.616188],[41.605215,41.618886],[41.601049,41.618886],[41.598966,41.616188],[41.601049,41.61349],[41.605215,41.61349],[41.607298,41.616188]]]}},{"type":"Feature","properties":{"id":"B0835","kind":"lake","core":true,"sea":false,"river":false,"stream":false,"lake":true},"geometry":{"type":"Polygon","coordinates":[[[41.607298,41.621584],[41.605215,41.624282],[41.601049,41.624282],[41.598966,41.621584],[41.601049,41.618886],[41.605215,41.618886],[41.607298,41.621584]]]}},{"type":"Feature","properties":{"id":"B0836","kind":"river","core":true,"sea":false,"river":true,"stream":false,"lake":true},"geometry":{"type":"Polygon","coordinates":[[[41.607298,41.62698],[41.605215,41.629678],[41.601049,41.629678],[41.598966,41.62698],[41.601049,41.624282],[41.605215,41.624282],[41.607298,41.62698]]]}},{"type":"Feature","properties":{"id":"B0837","kind":"river","core":true,"sea":true,"river":true,"stream":false,"lake":true},"geometry":{"type":"Polygon","coordinates":[[[41.607298,41.632376],[41.605215,41.635073],[41.601049,41.635073],[41.598966,41.632376],[41.601049,41.629678],[41.605215,41.629678],[41.607298,41.632376]]]}},{"type":"Feature","properties":{"id":"B0838","kind":"sea","core":true,"sea":true,"river":false,"stream":false,"lake":false},"geometry":{"type":"Polygon","coordinates":[[[41.607298,41.637771],[41.605215,41.640469],[41.601049,41.640469],[41.598966,41.637771],[41.601049,41.635073],[41.605215,41.635073],[41.607298,41.637771]]]}},{"type":"Feature","properties":{"id":"B0839","kind":"river","core":false,"sea":false,"river":false,"stream":false,"lake":false},"geometry":{"type":"Polygon","coordinates":[[[41.607298,41.643167],[41.605215,41.645865],[41.601049,41.645865],[41.598966,41.643167],[41.601049,41.640469],[41.605215,41.640469],[41.607298,41.643167]]]}},{"type":"Feature","properties":{"id":"B0858","kind":"stream","core":true,"sea":false,"river":false,"stream":true,"lake":false},"geometry":{"type":"Polygon","coordinates":[[[41.613547,41.489384],[41.611464,41.492082],[41.607298,41.492082],[41.605215,41.489384],[41.607298,41.486686],[41.611464,41.486686],[41.613547,41.489384]]]}},{"type":"Feature","properties":{"id":"B0859","kind":"stream","core":true,"sea":false,"river":false,"stream":true,"lake":false},"geometry":{"type":"Polygon","coordinates":[[[41.613547,41.49478],[41.611464,41.497477],[41.607298,41.497477],[41.605215,41.49478],[41.607298,41.492082],[41.611464,41.492082],[41.613547,41.49478]]]}},{"type":"Feature","properties":{"id":"B0863","kind":"river","core":false,"sea":false,"river":false,"stream":false,"lake":false},"geometry":{"type":"Polygon","coordinates":[[[41.613547,41.516363],[41.611464,41.519061],[41.607298,41.519061],[41.605215,41.516363],[41.607298,41.513665],[41.611464,41.513665],[41.613547,41.516363]]]}},{"type":"Feature","properties":{"id":"B0864","kind":"river","core":true,"sea":false,"river":true,"stream":false,"lake":false},"geometry":{"type":"Polygon","coordinates":[[[41.613547,41.521759],[41.611464,41.524457],[41.607298,41.524457],[41.605215,41.521759],[41.607298,41.519061],[41.611464,41.519061],[41.613547,41.521759]]]}},{"type":"Feature","properties":{"id":"B0865","kind":"river","core":false,"sea":false,"river":false,"stream":false,"lake":false},"geometry":{"type":"Polygon","coordinates":[[[41.613547,41.527155],[41.611464,41.529853],[41.607298,41.529853],[41.605215,41.527155],[41.607298,41.524457],[41.611464,41.524457],[41.613547,41.527155]]]}},{"type":"Feature","properties":{"id":"B0869","kind":"river","core":false,"sea":false,"river":false,"stream":false,"lake":false},"geometry":{"type":"Polygon","coordinates":[[[41.613547,41.548739],[41.611464,41.551437],[41.607298,41.551437],[41.605215,41.548739],[41.607298,41.546041],[41.611464,41.546041],[41.613547,41.548739]]]}},{"type":"Feature","properties":{"id":"B0870","kind":"river","core":true,"sea":false,"river":true,"stream":false,"lake":false},"geometry":{"type":"Polygon","coordinates":[[[41.613547,41.554135],[41.611464,41.556833],[41.607298,41.556833],[41.605215,41.554135],[41.607298,41.551437],[41.611464,41.551437],[41.613547,41.554135]]]}},{"type":"Feature","properties":{"id":"B0871","kind":"river","core":true,"sea":false,"river":true,"stream":false,"lake":false},"geometry":{"type":"Polygon","coordinates":[[[41.613547,41.559531],[41.611464,41.562229],[41.607298,41.562229],[41.605215,41.559531],[41.607298,41.556833],[41.611464,41.556833],[41.613547,41.559531]]]}},{"type":"Feature","properties":{"id":"B0872","kind":"river","core":false,"sea":false,"river":false,"stream":false,"lake":false},"geometry":{"type":"Polygon","coordinates":[[[41.613547,41.564927],[41.611464,41.567624],[41.607298,41.567624],[41.605215,41.564927],[41.607298,41.562229],[41.611464,41.562229],[41.613547,41.564927]]]}},{"type":"Feature","properties":{"id":"B0873","kind":"river","core":false,"sea":false,"river":false,"stream":false,"lake":false},"geometry":{"type":"Polygon","coordinates":[[[41.613547,41.570322],[41.611464,41.57302],[41.607298,41.57302],[41.605215,41.570322],[41.607298,41.567624],[41.611464,41.567624],[41.613547,41.570322]]]}},{"type":"Feature","properties":{"id":"B0875","kind":"river","core":false,"sea":false,"river":false,"stream":false,"lake":false},"geometry":{"type":"Polygon","coordinates":[[[41.613547,41.581114],[41.611464,41.583812],[41.607298,41.583812],[41.605215,41.581114],[41.607298,41.578416],[41.611464,41.578416],[41.613547,41.581114]]]}},{"type":"Feature","properties":{"id":"B0876","kind":"river","core":true,"sea":false,"river":true,"stream":false,"lake":true},"geometry":{"type":"Polygon","coordinates":[[[41.613547,41.58651],[41.611464,41.589208],[41.607298,41.589208],[41.605215,41.58651],[41.607298,41.583812],[41.611464,41.583812],[41.613547,41.58651]]]}},{"type":"Feature","properties":{"id":"B0877","kind":"river","core":true,"sea":false,"river":true,"stream":false,"lake":false},"geometry":{"type":"Polygon","coordinates":[[[41.613547,41.591906],[41.611464,41.594604],[41.607298,41.594604],[41.605215,41.591906],[41.607298,41.589208],[41.611464,41.589208],[41.613547,41.591906]]]}},{"type":"Feature","properties":{"id":"B0878","kind":"stream","core":true,"sea":false,"river":false,"stream":true,"lake":false},"geometry":{"type":"Polygon","coordinates":[[[41.613547,41.597302],[41.611464,41.6],[41.607298,41.6],[41.605215,41.597302],[41.607298,41.594604],[41.611464,41.594604],[41.613547,41.597302]]]}},{"type":"Feature","properties":{"id":"B0880","kind":"river","core":false,"sea":false,"river":false,"stream":false,"lake":false},"geometry":{"type":"Polygon","coordinates":[[[41.613547,41.608094],[41.611464,41.610792],[41.607298,41.610792],[41.605215,41.608094],[41.607298,41.605396],[41.611464,41.605396],[41.613547,41.608094]]]}},{"type":"Feature","properties":{"id":"B0881","kind":"lake","core":true,"sea":false,"river":false,"stream":false,"lake":true},"geometry":{"type":"Polygon","coordinates":[[[41.613547,41.61349],[41.611464,41.616188],[41.607298,41.616188],[41.605215,41.61349],[41.607298,41.610792],[41.611464,41.610792],[41.613547,41.61349]]]}},{"type":"Feature","properties":{"id":"B0882","kind":"river","core":true,"sea":false,"river":true,"stream":false,"lake":true},"geometry":{"type":"Polygon","coordinates":[[[41.613547,41.618886],[41.611464,41.621584],[41.607298,41.621584],[41.605215,41.618886],[41.607298,41.616188],[41.611464,41.616188],[41.613547,41.618886]]]}},{"type":"Feature","properties":{"id":"B0883","kind":"river","core":true,"sea":false,"river":true,"stream":true,"lake":false},"geometry":{"type":"Polygon","coordinates":[[[41.613547,41.624282],[41.611464,41.62698],[41.607298,41.62698],[41.605215,41.624282],[41.607298,41.621584],[41.611464,41.621584],[41.613547,41.624282]]]}},{"type":"Feature","properties":{"id":"B0884","kind":"river","core":false,"sea":false,"river":false,"stream":false,"lake":false},"geometry":{"type":"Polygon","coordinates":[[[41.613547,41.629678],[41.611464,41.632376],[41.607298,41.632376],[41.605215,41.629678],[41.607298,41.62698],[41.611464,41.62698],[41.613547,41.629678]]]}},{"type":"Feature","properties":{"id":"B0885","kind":"lake","core":true,"sea":false,"river":false,"stream":false,"lake":true},"geometry":{"type":"Polygon","coordinates":[[[41.613547,41.635073],[41.611464,41.637771],[41.607298,41.637771],[41.605215,41.635073],[41.607298,41.632376],[41.611464,41.632376],[41.613547,41.635073]]]}},{"type":"Feature","properties":{"id":"B0886","kind":"river","core":true,"sea":true,"river":true,"stream":false,"lake":true},"geometry":{"type":"Polygon","coordinates":[[[41.613547,41.640469],[41.611464,41.643167],[41.607298,41.643167],[41.605215,41.640469],[41.607298,41.637771],[41.611464,41.637771],[41.613547,41.640469]]]}},{"type":"Feature","properties":{"id":"B0887","kind":"river","core":false,"sea":false,"river":false,"stream":false,"lake":false},"geometry":{"type":"Polygon","coordinates":[[[41.613547,41.645865],[41.611464,41.648563],[41.607298,41.648563],[41.605215,41.645865],[41.607298,41.643167],[41.611464,41.643167],[41.613547,41.645865]]]}},{"type":"Feature","properties":{"id":"B0906","kind":"stream","core":true,"sea":false,"river":false,"stream":true,"lake":false},"geometry":{"type":"Polygon","coordinates":[[[41.619796,41.492082],[41.617713,41.49478],[41.613547,41.49478],[41.611464,41.492082],[41.613547,41.489384],[41.617713,41.489384],[41.619796,41.492082]]]}},{"type":"Feature","properties":{"id":"B0910","kind":"river","core":false,"sea":false,"river":false,"stream":false,"lake":false},"geometry":{"type":"Polygon","coordinates":[[[41.619796,41.513665],[41.617713,41.516363],[41.613547,41.516363],[41.611464,41.513665],[41.613547,41.510967],[41.617713,41.510967],[41.619796,41.513665]]]}},{"type":"Feature","properties":{"id":"B0911","kind":"river","core":true,"sea":false,"river":true,"stream":false,"lake":false},"geometry":{"type":"Polygon","coordinates":[[[41.619796,41.519061],[41.617713,41.521759],[41.613547,41.521759],[41.611464,41.519061],[41.613547,41.516363],[41.617713,41.516363],[41.619796,41.519061]]]}},{"type":"Feature","properties":{"id":"B0912","kind":"river","core":true,"sea":false,"river":true,"stream":false,"lake":false},"geometry":{"type":"Polygon","coordinates":[[[41.619796,41.524457],[41.617713,41.527155],[41.613547,41.527155],[41.611464,41.524457],[41.613547,41.521759],[41.617713,41.521759],[41.619796,41.524457]]]}},{"type":"Feature","properties":{"id":"B0913","kind":"river","core":false,"sea":false,"river":false,"stream":false,"lake":false},"geometry":{"type":"Polygon","coordinates":[[[41.619796,41.529853],[41.617713,41.532551],[41.613547,41.532551],[41.611464,41.529853],[41.613547,41.527155],[41.617713,41.527155],[41.619796,41.529853]]]}},{"type":"Feature","properties":{"id":"B0917","kind":"river","core":false,"sea":false,"river":false,"stream":false,"lake":false},"geometry":{"type":"Polygon","coordinates":[[[41.619796,41.551437],[41.617713,41.554135],[41.613547,41.554135],[41.611464,41.551437],[41.613547,41.548739],[41.617713,41.548739],[41.619796,41.551437]]]}},{"type":"Feature","properties":{"id":"B0918","kind":"river","core":false,"sea":false,"river":false,"stream":false,"lake":false},"geometry":{"type":"Polygon","coordinates":[[[41.619796,41.556833],[41.617713,41.559531],[41.613547,41.559531],[41.611464,41.556833],[41.613547,41.554135],[41.617713,41.554135],[41.619796,41.556833]]]}},{"type":"Feature","properties":{"id":"B0919","kind":"river","core":true,"sea":false,"river":true,"stream":false,"lake":false},"geometry":{"type":"Polygon","coordinates":[[[41.619796,41.562229],[41.617713,41.564927],[41.613547,41.564927],[41.611464,41.562229],[41.613547,41.559531],[41.617713,41.559531],[41.619796,41.562229]]]}},{"type":"Feature","properties":{"id":"B0920","kind":"river","core":true,"sea":false,"river":true,"stream":false,"lake":false},"geometry":{"type":"Polygon","coordinates":[[[41.619796,41.567624],[41.617713,41.570322],[41.613547,41.570322],[41.611464,41.567624],[41.613547,41.564927],[41.617713,41.564927],[41.619796,41.567624]]]}},{"type":"Feature","properties":{"id":"B0921","kind":"river","core":false,"sea":false,"river":false,"stream":false,"lake":false},"geometry":{"type":"Polygon","coordinates":[[[41.619796,41.57302],[41.617713,41.575718],[41.613547,41.575718],[41.611464,41.57302],[41.613547,41.570322],[41.617713,41.570322],[41.619796,41.57302]]]}},{"type":"Feature","properties":{"id":"B0922","kind":"river","core":false,"sea":false,"river":false,"stream":false,"lake":false},"geometry":{"type":"Polygon","coordinates":[[[41.619796,41.578416],[41.617713,41.581114],[41.613547,41.581114],[41.611464,41.578416],[41.613547,41.575718],[41.617713,41.575718],[41.619796,41.578416]]]}},{"type":"Feature","properties":{"id":"B0923","kind":"river","core":true,"sea":false,"river":true,"stream":false,"lake":false},"geometry":{"type":"Polygon","coordinates":[[[41.619796,41.583812],[41.617713,41.58651],[41.613547,41.58651],[41.611464,41.583812],[41.613547,41.581114],[41.617713,41.581114],[41.619796,41.583812]]]}},{"type":"Feature","properties":{"id":"B0924","kind":"river","core":true,"sea":false,"river":true,"stream":false,"lake":false},"geometry":{"type":"Polygon","coordinates":[[[41.619796,41.589208],[41.617713,41.591906],[41.613547,41.591906],[41.611464,41.589208],[41.613547,41.58651],[41.617713,41.58651],[41.619796,41.589208]]]}},{"type":"Feature","properties":{"id":"B0925","kind":"river","core":true,"sea":false,"river":true,"stream":true,"lake":true},"geometry":{"type":"Polygon","coordinates":[[[41.619796,41.594604],[41.617713,41.597302],[41.613547,41.597302],[41.611464,41.594604],[41.613547,41.591906],[41.617713,41.591906],[41.619796,41.594604]]]}},{"type":"Feature","properties":{"id":"B0926","kind":"river","core":false,"sea":false,"river":false,"stream":false,"lake":false},"geometry":{"type":"Polygon","coordinates":[[[41.619796,41.6],[41.617713,41.602698],[41.613547,41.602698],[41.611464,41.6],[41.613547,41.597302],[41.617713,41.597302],[41.619796,41.6]]]}},{"type":"Feature","properties":{"id":"B0927","kind":"river","core":false,"sea":false,"river":false,"stream":false,"lake":false},"geometry":{"type":"Polygon","coordinates":[[[41.619796,41.605396],[41.617713,41.608094],[41.613547,41.608094],[41.611464,41.605396],[41.613547,41.602698],[41.617713,41.602698],[41.619796,41.605396]]]}},{"type":"Feature","properties":{"id":"B0928","kind":"river","core":true,"sea":false,"river":true,"stream":false,"lake":false},"geometry":{"type":"Polygon","coordinates":[[[41.619796,41.610792],[41.617713,41.61349],[41.613547,41.61349],[41.611464,41.610792],[41.613547,41.608094],[41.617713,41.608094],[41.619796,41.610792]]]}},{"type":"Feature","properties":{"id":"B0929","kind":"river","core":true,"sea":false,"river":true,"stream":false,"lake":false},"geometry":{"type":"Polygon","coordinates":[[[41.619796,41.616188],[41.617713,41.618886],[41.613547,41.618886],[41.611464,41.616188],[41.613547,41.61349],[41.617713,41.61349],[41.619796,41.616188]]]}},{"type":"Feature","properties":{"id":"B0930","kind":"river","core":true,"sea":false,"river":true,"stream":true,"lake":false},"geometry":{"type":"Polygon","coordinates":[[[41.619796,41.621584],[41.617713,41.624282],[41.613547,41.624282],[41.611464,41.621584],[41.613547,41.618886],[41.617713,41.618886],[41.619796,41.621584]]]}},{"type":"Feature","properties":{"id":"B0931","kind":"river","core":false,"sea":false,"river":false,"stream":false,"lake":false},"geometry":{"type":"Polygon","coordinates":[[[41.619796,41.62698],[41.617713,41.629678],[41.613547,41.629678],[41.611464,41.62698],[41.613547,41.624282],[41.617713,41.624282],[41.619796,41.62698]]]}},{"type":"Feature","properties":{"id":"B0933","kind":"river","core":false,"sea":false,"river":false,"stream":false,"lake":false},"geometry":{"type":"Polygon","coordinates":[[[41.619796,41.637771],[41.617713,41.640469],[41.613547,41.640469],[41.611464,41.637771],[41.613547,41.635073],[41.617713,41.635073],[41.619796,41.637771]]]}},{"type":"Feature","properties":{"id":"B0934","kind":"sea","core":true,"sea":true,"river":false,"stream":false,"lake":true},"geometry":{"type":"Polygon","coordinates":[[[41.619796,41.643167],[41.617713,41.645865],[41.613547,41.645865],[41.611464,41.643167],[41.613547,41.640469],[41.617713,41.640469],[41.619796,41.643167]]]}},{"type":"Feature","properties":{"id":"B0935","kind":"sea","core":true,"sea":true,"river":false,"stream":false,"lake":false},"geometry":{"type":"Polygon","coordinates":[[[41.619796,41.648563],[41.617713,41.651261],[41.613547,41.651261],[41.611464,41.648563],[41.613547,41.645865],[41.617713,41.645865],[41.619796,41.648563]]]}},{"type":"Feature","properties":{"id":"B0936","kind":"river","core":false,"sea":false,"river":false,"stream":false,"lake":false},"geometry":{"type":"Polygon","coordinates":[[[41.619796,41.653959],[41.617713,41.656657],[41.613547,41.656657],[41.611464,41.653959],[41.613547,41.651261],[41.617713,41.651261],[41.619796,41.653959]]]}},{"type":"Feature","properties":{"id":"B0958","kind":"river","core":false,"sea":false,"river":false,"stream":false,"lake":false},"geometry":{"type":"Polygon","coordinates":[[[41.626045,41.516363],[41.623962,41.519061],[41.619796,41.519061],[41.617713,41.516363],[41.619796,41.513665],[41.623962,41.513665],[41.626045,41.516363]]]}},{"type":"Feature","properties":{"id":"B0959","kind":"river","core":true,"sea":false,"river":true,"stream":false,"lake":false},"geometry":{"type":"Polygon","coordinates":[[[41.626045,41.521759],[41.623962,41.524457],[41.619796,41.524457],[41.617713,41.521759],[41.619796,41.519061],[41.623962,41.519061],[41.626045,41.521759]]]}},{"type":"Feature","properties":{"id":"B0960","kind":"river","core":true,"sea":false,"river":true,"stream":false,"lake":false},"geometry":{"type":"Polygon","coordinates":[[[41.626045,41.527155],[41.623962,41.529853],[41.619796,41.529853],[41.617713,41.527155],[41.619796,41.524457],[41.623962,41.524457],[41.626045,41.527155]]]}},{"type":"Feature","properties":{"id":"B0961","kind":"river","core":false,"sea":false,"river":false,"stream":false,"lake":false},"geometry":{"type":"Polygon","coordinates":[[[41.626045,41.532551],[41.623962,41.535249],[41.619796,41.535249],[41.617713,41.532551],[41.619796,41.529853],[41.623962,41.529853],[41.626045,41.532551]]]}},{"type":"Feature","properties":{"id":"B0966","kind":"river","core":false,"sea":false,"river":false,"stream":false,"lake":false},"geometry":{"type":"Polygon","coordinates":[[[41.626045,41.559531],[41.623962,41.562229],[41.619796,41.562229],[41.617713,41.559531],[41.619796,41.556833],[41.623962,41.556833],[41.626045,41.559531]]]}},{"type":"Feature","properties":{"id":"B0967","kind":"river","core":false,"sea":false,"river":false,"stream":false,"lake":false},"geometry":{"type":"Polygon","coordinates":[[[41.626045,41.564927],[41.623962,41.567624],[41.619796,41.567624],[41.617713,41.564927],[41.619796,41.562229],[41.623962,41.562229],[41.626045,41.564927]]]}},{"type":"Feature","properties":{"id":"B0968","kind":"river","core":true,"sea":false,"river":true,"stream":false,"lake":false},"geometry":{"type":"Polygon","coordinates":[[[41.626045,41.570322],[41.623962,41.57302],[41.619796,41.57302],[41.617713,41.570322],[41.619796,41.567624],[41.623962,41.567624],[41.626045,41.570322]]]}},{"type":"Feature","properties":{"id":"B0969","kind":"river","core":false,"sea":false,"river":false,"stream":false,"lake":false},"geometry":{"type":"Polygon","coordinates":[[[41.626045,41.575718],[41.623962,41.578416],[41.619796,41.578416],[41.617713,41.575718],[41.619796,41.57302],[41.623962,41.57302],[41.626045,41.575718]]]}},{"type":"Feature","properties":{"id":"B0970","kind":"river","core":true,"sea":false,"river":true,"stream":false,"lake":false},"geometry":{"type":"Polygon","coordinates":[[[41.626045,41.581114],[41.623962,41.583812],[41.619796,41.583812],[41.617713,41.581114],[41.619796,41.578416],[41.623962,41.578416],[41.626045,41.581114]]]}},{"type":"Feature","properties":{"id":"B0971","kind":"river","core":true,"sea":false,"river":true,"stream":false,"lake":true},"geometry":{"type":"Polygon","coordinates":[[[41.626045,41.58651],[41.623962,41.589208],[41.619796,41.589208],[41.617713,41.58651],[41.619796,41.583812],[41.623962,41.583812],[41.626045,41.58651]]]}},{"type":"Feature","properties":{"id":"B0972","kind":"river","core":true,"sea":false,"river":true,"stream":false,"lake":false},"geometry":{"type":"Polygon","coordinates":[[[41.626045,41.591906],[41.623962,41.594604],[41.619796,41.594604],[41.617713,41.591906],[41.619796,41.589208],[41.623962,41.589208],[41.626045,41.591906]]]}},{"type":"Feature","properties":{"id":"B0973","kind":"stream","core":true,"sea":false,"river":false,"stream":true,"lake":false},"geometry":{"type":"Polygon","coordinates":[[[41.626045,41.597302],[41.623962,41.6],[41.619796,41.6],[41.617713,41.597302],[41.619796,41.594604],[41.623962,41.594604],[41.626045,41.597302]]]}},{"type":"Feature","properties":{"id":"B0974","kind":"river","core":true,"sea":false,"river":true,"stream":false,"lake":false},"geometry":{"type":"Polygon","coordinates":[[[41.626045,41.602698],[41.623962,41.605396],[41.619796,41.605396],[41.617713,41.602698],[41.619796,41.6],[41.623962,41.6],[41.626045,41.602698]]]}},{"type":"Feature","properties":{"id":"B0975","kind":"river","core":true,"sea":false,"river":true,"stream":false,"lake":false},"geometry":{"type":"Polygon","coordinates":[[[41.626045,41.608094],[41.623962,41.610792],[41.619796,41.610792],[41.617713,41.608094],[41.619796,41.605396],[41.623962,41.605396],[41.626045,41.608094]]]}},{"type":"Feature","properties":{"id":"B0976","kind":"river","core":false,"sea":false,"river":false,"stream":false,"lake":false},"geometry":{"type":"Polygon","coordinates":[[[41.626045,41.61349],[41.623962,41.616188],[41.619796,41.616188],[41.617713,41.61349],[41.619796,41.610792],[41.623962,41.610792],[41.626045,41.61349]]]}},{"type":"Feature","properties":{"id":"B0977","kind":"river","core":true,"sea":false,"river":true,"stream":true,"lake":false},"geometry":{"type":"Polygon","coordinates":[[[41.626045,41.618886],[41.623962,41.621584],[41.619796,41.621584],[41.617713,41.618886],[41.619796,41.616188],[41.623962,41.616188],[41.626045,41.618886]]]}},{"type":"Feature","properties":{"id":"B0978","kind":"river","core":false,"sea":false,"river":false,"stream":false,"lake":false},"geometry":{"type":"Polygon","coordinates":[[[41.626045,41.624282],[41.623962,41.62698],[41.619796,41.62698],[41.617713,41.624282],[41.619796,41.621584],[41.623962,41.621584],[41.626045,41.624282]]]}},{"type":"Feature","properties":{"id":"B0982","kind":"sea","core":true,"sea":true,"river":false,"stream":false,"lake":true},"geometry":{"type":"Polygon","coordinates":[[[41.626045,41.645865],[41.623962,41.648563],[41.619796,41.648563],[41.617713,41.645865],[41.619796,41.643167],[41.623962,41.643167],[41.626045,41.645865]]]}},{"type":"Feature","properties":{"id":"B0983","kind":"river","core":true,"sea":true,"river":true,"stream":false,"lake":false},"geometry":{"type":"Polygon","coordinates":[[[41.626045,41.651261],[41.623962,41.653959],[41.619796,41.653959],[41.617713,41.651261],[41.619796,41.648563],[41.623962,41.648563],[41.626045,41.651261]]]}},{"type":"Feature","properties":{"id":"B0984","kind":"river","core":false,"sea":false,"river":false,"stream":false,"lake":false},"geometry":{"type":"Polygon","coordinates":[[[41.626045,41.656657],[41.623962,41.659355],[41.619796,41.659355],[41.617713,41.656657],[41.619796,41.653959],[41.623962,41.653959],[41.626045,41.656657]]]}},{"type":"Feature","properties":{"id":"B1006","kind":"river","core":false,"sea":false,"river":false,"stream":false,"lake":false},"geometry":{"type":"Polygon","coordinates":[[[41.632294,41.519061],[41.630211,41.521759],[41.626045,41.521759],[41.623962,41.519061],[41.626045,41.516363],[41.630211,41.516363],[41.632294,41.519061]]]}},{"type":"Feature","properties":{"id":"B1007","kind":"river","core":true,"sea":false,"river":true,"stream":false,"lake":false},"geometry":{"type":"Polygon","coordinates":[[[41.632294,41.524457],[41.630211,41.527155],[41.626045,41.527155],[41.623962,41.524457],[41.626045,41.521759],[41.630211,41.521759],[41.632294,41.524457]]]}},{"type":"Feature","properties":{"id":"B1008","kind":"river","core":false,"sea":false,"river":false,"stream":false,"lake":false},"geometry":{"type":"Polygon","coordinates":[[[41.632294,41.529853],[41.630211,41.532551],[41.626045,41.532551],[41.623962,41.529853],[41.626045,41.527155],[41.630211,41.527155],[41.632294,41.529853]]]}},{"type":"Feature","properties":{"id":"B1009","kind":"river","core":false,"sea":false,"river":false,"stream":false,"lake":false},"geometry":{"type":"Polygon","coordinates":[[[41.632294,41.535249],[41.630211,41.537947],[41.626045,41.537947],[41.623962,41.535249],[41.626045,41.532551],[41.630211,41.532551],[41.632294,41.535249]]]}},{"type":"Feature","properties":{"id":"B1010","kind":"river","core":false,"sea":false,"river":false,"stream":false,"lake":false},"geometry":{"type":"Polygon","coordinates":[[[41.632294,41.540645],[41.630211,41.543343],[41.626045,41.543343],[41.623962,41.540645],[41.626045,41.537947],[41.630211,41.537947],[41.632294,41.540645]]]}},{"type":"Feature","properties":{"id":"B1015","kind":"river","core":false,"sea":false,"river":false,"stream":false,"lake":false},"geometry":{"type":"Polygon","coordinates":[[[41.632294,41.567624],[41.630211,41.570322],[41.626045,41.570322],[41.623962,41.567624],[41.626045,41.564927],[41.630211,41.564927],[41.632294,41.567624]]]}},{"type":"Feature","properties":{"id":"B1016","kind":"river","core":true,"sea":false,"river":true,"stream":false,"lake":false},"geometry":{"type":"Polygon","coordinates":[[[41.632294,41.57302],[41.630211,41.575718],[41.626045,41.575718],[41.623962,41.57302],[41.626045,41.570322],[41.630211,41.570322],[41.632294,41.57302]]]}},{"type":"Feature","properties":{"id":"B1017","kind":"river","core":true,"sea":false,"river":true,"stream":false,"lake":false},"geometry":{"type":"Polygon","coordinates":[[[41.632294,41.578416],[41.630211,41.581114],[41.626045,41.581114],[41.623962,41.578416],[41.626045,41.575718],[41.630211,41.575718],[41.632294,41.578416]]]}},{"type":"Feature","properties":{"id":"B1018","kind":"river","core":true,"sea":false,"river":true,"stream":false,"lake":true},"geometry":{"type":"Polygon","coordinates":[[[41.632294,41.583812],[41.630211,41.58651],[41.626045,41.58651],[41.623962,41.583812],[41.626045,41.581114],[41.630211,41.581114],[41.632294,41.583812]]]}},{"type":"Feature","properties":{"id":"B1019","kind":"river","core":true,"sea":false,"river":true,"stream":false,"lake":false},"geometry":{"type":"Polygon","coordinates":[[[41.632294,41.589208],[41.630211,41.591906],[41.626045,41.591906],[41.623962,41.589208],[41.626045,41.58651],[41.630211,41.58651],[41.632294,41.589208]]]}},{"type":"Feature","properties":{"id":"B1020","kind":"lake","core":true,"sea":false,"river":false,"stream":false,"lake":true},"geometry":{"type":"Polygon","coordinates":[[[41.632294,41.594604],[41.630211,41.597302],[41.626045,41.597302],[41.623962,41.594604],[41.626045,41.591906],[41.630211,41.591906],[41.632294,41.594604]]]}},{"type":"Feature","properties":{"id":"B1021","kind":"river","core":true,"sea":false,"river":true,"stream":false,"lake":false},"geometry":{"type":"Polygon","coordinates":[[[41.632294,41.6],[41.630211,41.602698],[41.626045,41.602698],[41.623962,41.6],[41.626045,41.597302],[41.630211,41.597302],[41.632294,41.6]]]}},{"type":"Feature","properties":{"id":"B1022","kind":"river","core":true,"sea":false,"river":true,"stream":false,"lake":false},"geometry":{"type":"Polygon","coordinates":[[[41.632294,41.605396],[41.630211,41.608094],[41.626045,41.608094],[41.623962,41.605396],[41.626045,41.602698],[41.630211,41.602698],[41.632294,41.605396]]]}},{"type":"Feature","properties":{"id":"B1023","kind":"stream","core":true,"sea":false,"river":false,"stream":true,"lake":false},"geometry":{"type":"Polygon","coordinates":[[[41.632294,41.610792],[41.630211,41.61349],[41.626045,41.61349],[41.623962,41.610792],[41.626045,41.608094],[41.630211,41.608094],[41.632294,41.610792]]]}},{"type":"Feature","properties":{"id":"B1024","kind":"stream","core":true,"sea":false,"river":false,"stream":true,"lake":false},"geometry":{"type":"Polygon","coordinates":[[[41.632294,41.616188],[41.630211,41.618886],[41.626045,41.618886],[41.623962,41.616188],[41.626045,41.61349],[41.630211,41.61349],[41.632294,41.616188]]]}},{"type":"Feature","properties":{"id":"B1025","kind":"river","core":true,"sea":false,"river":true,"stream":true,"lake":false},"geometry":{"type":"Polygon","coordinates":[[[41.632294,41.621584],[41.630211,41.624282],[41.626045,41.624282],[41.623962,41.621584],[41.626045,41.618886],[41.630211,41.618886],[41.632294,41.621584]]]}},{"type":"Feature","properties":{"id":"B1026","kind":"river","core":false,"sea":false,"river":false,"stream":false,"lake":false},"geometry":{"type":"Polygon","coordinates":[[[41.632294,41.62698],[41.630211,41.629678],[41.626045,41.629678],[41.623962,41.62698],[41.626045,41.624282],[41.630211,41.624282],[41.632294,41.62698]]]}},{"type":"Feature","properties":{"id":"B1030","kind":"lake","core":true,"sea":false,"river":false,"stream":false,"lake":true},"geometry":{"type":"Polygon","coordinates":[[[41.632294,41.648563],[41.630211,41.651261],[41.626045,41.651261],[41.623962,41.648563],[41.626045,41.645865],[41.630211,41.645865],[41.632294,41.648563]]]}},{"type":"Feature","properties":{"id":"B1031","kind":"sea","core":true,"sea":true,"river":false,"stream":false,"lake":true},"geometry":{"type":"Polygon","coordinates":[[[41.632294,41.653959],[41.630211,41.656657],[41.626045,41.656657],[41.623962,41.653959],[41.626045,41.651261],[41.630211,41.651261],[41.632294,41.653959]]]}},{"type":"Feature","properties":{"id":"B1054","kind":"river","core":false,"sea":false,"river":false,"stream":false,"lake":false},"geometry":{"type":"Polygon","coordinates":[[[41.638543,41.521759],[41.63646,41.524457],[41.632294,41.524457],[41.630211,41.521759],[41.632294,41.519061],[41.63646,41.519061],[41.638543,41.521759]]]}},{"type":"Feature","properties":{"id":"B1055","kind":"river","core":true,"sea":false,"river":true,"stream":false,"lake":false},"geometry":{"type":"Polygon","coordinates":[[[41.638543,41.527155],[41.63646,41.529853],[41.632294,41.529853],[41.630211,41.527155],[41.632294,41.524457],[41.63646,41.524457],[41.638543,41.527155]]]}},{"type":"Feature","properties":{"id":"B1056","kind":"river","core":true,"sea":false,"river":true,"stream":false,"lake":false},"geometry":{"type":"Polygon","coordinates":[[[41.638543,41.532551],[41.63646,41.535249],[41.632294,41.535249],[41.630211,41.532551],[41.632294,41.529853],[41.63646,41.529853],[41.638543,41.532551]]]}},{"type":"Feature","properties":{"id":"B1057","kind":"river","core":true,"sea":false,"river":true,"stream":false,"lake":false},"geometry":{"type":"Polygon","coordinates":[[[41.638543,41.537947],[41.63646,41.540645],[41.632294,41.540645],[41.630211,41.537947],[41.632294,41.535249],[41.63646,41.535249],[41.638543,41.537947]]]}},{"type":"Feature","properties":{"id":"B1058","kind":"river","core":false,"sea":false,"river":false,"stream":false,"lake":false},"geometry":{"type":"Polygon","coordinates":[[[41.638543,41.543343],[41.63646,41.546041],[41.632294,41.546041],[41.630211,41.543343],[41.632294,41.540645],[41.63646,41.540645],[41.638543,41.543343]]]}},{"type":"Feature","properties":{"id":"B1059","kind":"river","core":false,"sea":false,"river":false,"stream":false,"lake":false},"geometry":{"type":"Polygon","coordinates":[[[41.638543,41.548739],[41.63646,41.551437],[41.632294,41.551437],[41.630211,41.548739],[41.632294,41.546041],[41.63646,41.546041],[41.638543,41.548739]]]}},{"type":"Feature","properties":{"id":"B1060","kind":"river","core":false,"sea":false,"river":false,"stream":false,"lake":false},"geometry":{"type":"Polygon","coordinates":[[[41.638543,41.554135],[41.63646,41.556833],[41.632294,41.556833],[41.630211,41.554135],[41.632294,41.551437],[41.63646,41.551437],[41.638543,41.554135]]]}},{"type":"Feature","properties":{"id":"B1063","kind":"river","core":false,"sea":false,"river":false,"stream":false,"lake":false},"geometry":{"type":"Polygon","coordinates":[[[41.638543,41.570322],[41.63646,41.57302],[41.632294,41.57302],[41.630211,41.570322],[41.632294,41.567624],[41.63646,41.567624],[41.638543,41.570322]]]}},{"type":"Feature","properties":{"id":"B1064","kind":"river","core":false,"sea":false,"river":false,"stream":false,"lake":false},"geometry":{"type":"Polygon","coordinates":[[[41.638543,41.575718],[41.63646,41.578416],[41.632294,41.578416],[41.630211,41.575718],[41.632294,41.57302],[41.63646,41.57302],[41.638543,41.575718]]]}},{"type":"Feature","properties":{"id":"B1065","kind":"river","core":true,"sea":false,"river":true,"stream":false,"lake":true},"geometry":{"type":"Polygon","coordinates":[[[41.638543,41.581114],[41.63646,41.583812],[41.632294,41.583812],[41.630211,41.581114],[41.632294,41.578416],[41.63646,41.578416],[41.638543,41.581114]]]}},{"type":"Feature","properties":{"id":"B1066","kind":"river","core":true,"sea":false,"river":true,"stream":false,"lake":true},"geometry":{"type":"Polygon","coordinates":[[[41.638543,41.58651],[41.63646,41.589208],[41.632294,41.589208],[41.630211,41.58651],[41.632294,41.583812],[41.63646,41.583812],[41.638543,41.58651]]]}},{"type":"Feature","properties":{"id":"B1067","kind":"lake","core":true,"sea":false,"river":false,"stream":false,"lake":true},"geometry":{"type":"Polygon","coordinates":[[[41.638543,41.591906],[41.63646,41.594604],[41.632294,41.594604],[41.630211,41.591906],[41.632294,41.589208],[41.63646,41.589208],[41.638543,41.591906]]]}},{"type":"Feature","properties":{"id":"B1068","kind":"river","core":false,"sea":false,"river":false,"stream":false,"lake":false},"geometry":{"type":"Polygon","coordinates":[[[41.638543,41.597302],[41.63646,41.6],[41.632294,41.6],[41.630211,41.597302],[41.632294,41.594604],[41.63646,41.594604],[41.638543,41.597302]]]}},{"type":"Feature","properties":{"id":"B1069","kind":"river","core":true,"sea":false,"river":true,"stream":false,"lake":false},"geometry":{"type":"Polygon","coordinates":[[[41.638543,41.602698],[41.63646,41.605396],[41.632294,41.605396],[41.630211,41.602698],[41.632294,41.6],[41.63646,41.6],[41.638543,41.602698]]]}},{"type":"Feature","properties":{"id":"B1070","kind":"stream","core":true,"sea":false,"river":false,"stream":true,"lake":false},"geometry":{"type":"Polygon","coordinates":[[[41.638543,41.608094],[41.63646,41.610792],[41.632294,41.610792],[41.630211,41.608094],[41.632294,41.605396],[41.63646,41.605396],[41.638543,41.608094]]]}},{"type":"Feature","properties":{"id":"B1072","kind":"stream","core":true,"sea":false,"river":false,"stream":true,"lake":false},"geometry":{"type":"Polygon","coordinates":[[[41.638543,41.618886],[41.63646,41.621584],[41.632294,41.621584],[41.630211,41.618886],[41.632294,41.616188],[41.63646,41.616188],[41.638543,41.618886]]]}},{"type":"Feature","properties":{"id":"B1073","kind":"stream","core":true,"sea":false,"river":false,"stream":true,"lake":false},"geometry":{"type":"Polygon","coordinates":[[[41.638543,41.624282],[41.63646,41.62698],[41.632294,41.62698],[41.630211,41.624282],[41.632294,41.621584],[41.63646,41.621584],[41.638543,41.624282]]]}},{"type":"Feature","properties":{"id":"B1078","kind":"lake","core":true,"sea":false,"river":false,"stream":false,"lake":true},"geometry":{"type":"Polygon","coordinates":[[[41.638543,41.651261],[41.63646,41.653959],[41.632294,41.653959],[41.630211,41.651261],[41.632294,41.648563],[41.63646,41.648563],[41.638543,41.651261]]]}},{"type":"Feature","properties":{"id":"B1079","kind":"sea","core":true,"sea":true,"river":false,"stream":false,"lake":true},"geometry":{"type":"Polygon","coordinates":[[[41.638543,41.656657],[41.63646,41.659355],[41.632294,41.659355],[41.630211,41.656657],[41.632294,41.653959],[41.63646,41.653959],[41.638543,41.656657]]]}},{"type":"Feature","properties":{"id":"B1102","kind":"river","core":false,"sea":false,"river":false,"stream":false,"lake":false},"geometry":{"type":"Polygon","coordinates":[[[41.644792,41.524457],[41.642709,41.527155],[41.638543,41.527155],[41.63646,41.524457],[41.638543,41.521759],[41.642709,41.521759],[41.644792,41.524457]]]}},{"type":"Feature","properties":{"id":"B1103","kind":"river","core":false,"sea":false,"river":false,"stream":false,"lake":false},"geometry":{"type":"Polygon","coordinates":[[[41.644792,41.529853],[41.642709,41.532551],[41.638543,41.532551],[41.63646,41.529853],[41.638543,41.527155],[41.642709,41.527155],[41.644792,41.529853]]]}},{"type":"Feature","properties":{"id":"B1104","kind":"river","core":true,"sea":false,"river":true,"stream":false,"lake":false},"geometry":{"type":"Polygon","coordinates":[[[41.644792,41.535249],[41.642709,41.537947],[41.638543,41.537947],[41.63646,41.535249],[41.638543,41.532551],[41.642709,41.532551],[41.644792,41.535249]]]}},{"type":"Feature","properties":{"id":"B1105","kind":"river","core":true,"sea":false,"river":true,"stream":false,"lake":false},"geometry":{"type":"Polygon","coordinates":[[[41.644792,41.540645],[41.642709,41.543343],[41.638543,41.543343],[41.63646,41.540645],[41.638543,41.537947],[41.642709,41.537947],[41.644792,41.540645]]]}},{"type":"Feature","properties":{"id":"B1106","kind":"river","core":true,"sea":false,"river":true,"stream":false,"lake":false},"geometry":{"type":"Polygon","coordinates":[[[41.644792,41.546041],[41.642709,41.548739],[41.638543,41.548739],[41.63646,41.546041],[41.638543,41.543343],[41.642709,41.543343],[41.644792,41.546041]]]}},{"type":"Feature","properties":{"id":"B1107","kind":"river","core":true,"sea":false,"river":true,"stream":false,"lake":false},"geometry":{"type":"Polygon","coordinates":[[[41.644792,41.551437],[41.642709,41.554135],[41.638543,41.554135],[41.63646,41.551437],[41.638543,41.548739],[41.642709,41.548739],[41.644792,41.551437]]]}},{"type":"Feature","properties":{"id":"B1108","kind":"river","core":false,"sea":false,"river":false,"stream":false,"lake":false},"geometry":{"type":"Polygon","coordinates":[[[41.644792,41.556833],[41.642709,41.559531],[41.638543,41.559531],[41.63646,41.556833],[41.638543,41.554135],[41.642709,41.554135],[41.644792,41.556833]]]}},{"type":"Feature","properties":{"id":"B1109","kind":"river","core":false,"sea":false,"river":false,"stream":false,"lake":false},"geometry":{"type":"Polygon","coordinates":[[[41.644792,41.562229],[41.642709,41.564927],[41.638543,41.564927],[41.63646,41.562229],[41.638543,41.559531],[41.642709,41.559531],[41.644792,41.562229]]]}},{"type":"Feature","properties":{"id":"B1110","kind":"river","core":false,"sea":false,"river":false,"stream":false,"lake":false},"geometry":{"type":"Polygon","coordinates":[[[41.644792,41.567624],[41.642709,41.570322],[41.638543,41.570322],[41.63646,41.567624],[41.638543,41.564927],[41.642709,41.564927],[41.644792,41.567624]]]}},{"type":"Feature","properties":{"id":"B1111","kind":"river","core":false,"sea":false,"river":false,"stream":false,"lake":false},"geometry":{"type":"Polygon","coordinates":[[[41.644792,41.57302],[41.642709,41.575718],[41.638543,41.575718],[41.63646,41.57302],[41.638543,41.570322],[41.642709,41.570322],[41.644792,41.57302]]]}},{"type":"Feature","properties":{"id":"B1112","kind":"river","core":true,"sea":false,"river":true,"stream":false,"lake":true},"geometry":{"type":"Polygon","coordinates":[[[41.644792,41.578416],[41.642709,41.581114],[41.638543,41.581114],[41.63646,41.578416],[41.638543,41.575718],[41.642709,41.575718],[41.644792,41.578416]]]}},{"type":"Feature","properties":{"id":"B1113","kind":"river","core":true,"sea":false,"river":true,"stream":false,"lake":false},"geometry":{"type":"Polygon","coordinates":[[[41.644792,41.583812],[41.642709,41.58651],[41.638543,41.58651],[41.63646,41.583812],[41.638543,41.581114],[41.642709,41.581114],[41.644792,41.583812]]]}},{"type":"Feature","properties":{"id":"B1114","kind":"lake","core":true,"sea":false,"river":false,"stream":false,"lake":true},"geometry":{"type":"Polygon","coordinates":[[[41.644792,41.589208],[41.642709,41.591906],[41.638543,41.591906],[41.63646,41.589208],[41.638543,41.58651],[41.642709,41.58651],[41.644792,41.589208]]]}},{"type":"Feature","properties":{"id":"B1115","kind":"river","core":true,"sea":false,"river":true,"stream":true,"lake":false},"geometry":{"type":"Polygon","coordinates":[[[41.644792,41.594604],[41.642709,41.597302],[41.638543,41.597302],[41.63646,41.594604],[41.638543,41.591906],[41.642709,41.591906],[41.644792,41.594604]]]}},{"type":"Feature","properties":{"id":"B1116","kind":"river","core":true,"sea":false,"river":true,"stream":false,"lake":false},"geometry":{"type":"Polygon","coordinates":[[[41.644792,41.6],[41.642709,41.602698],[41.638543,41.602698],[41.63646,41.6],[41.638543,41.597302],[41.642709,41.597302],[41.644792,41.6]]]}},{"type":"Feature","properties":{"id":"B1117","kind":"river","core":false,"sea":false,"river":false,"stream":false,"lake":false},"geometry":{"type":"Polygon","coordinates":[[[41.644792,41.605396],[41.642709,41.608094],[41.638543,41.608094],[41.63646,41.605396],[41.638543,41.602698],[41.642709,41.602698],[41.644792,41.605396]]]}},{"type":"Feature","properties":{"id":"B1118","kind":"stream","core":true,"sea":false,"river":false,"stream":true,"lake":false},"geometry":{"type":"Polygon","coordinates":[[[41.644792,41.610792],[41.642709,41.61349],[41.638543,41.61349],[41.63646,41.610792],[41.638543,41.608094],[41.642709,41.608094],[41.644792,41.610792]]]}},{"type":"Feature","properties":{"id":"B1120","kind":"lake","core":true,"sea":false,"river":false,"stream":true,"lake":true},"geometry":{"type":"Polygon","coordinates":[[[41.644792,41.621584],[41.642709,41.624282],[41.638543,41.624282],[41.63646,41.621584],[41.638543,41.618886],[41.642709,41.618886],[41.644792,41.621584]]]}},{"type":"Feature","properties":{"id":"B1126","kind":"sea","core":true,"sea":true,"river":false,"stream":false,"lake":false},"geometry":{"type":"Polygon","coordinates":[[[41.644792,41.653959],[41.642709,41.656657],[41.638543,41.656657],[41.63646,41.653959],[41.638543,41.651261],[41.642709,41.651261],[41.644792,41.653959]]]}},{"type":"Feature","properties":{"id":"B1127","kind":"sea","core":true,"sea":true,"river":false,"stream":false,"lake":false},"geometry":{"type":"Polygon","coordinates":[[[41.644792,41.659355],[41.642709,41.662053],[41.638543,41.662053],[41.63646,41.659355],[41.638543,41.656657],[41.642709,41.656657],[41.644792,41.659355]]]}},{"type":"Feature","properties":{"id":"B1143","kind":"stream","core":true,"sea":false,"river":false,"stream":true,"lake":false},"geometry":{"type":"Polygon","coordinates":[[[41.651042,41.489384],[41.648958,41.492082],[41.644792,41.492082],[41.642709,41.489384],[41.644792,41.486686],[41.648958,41.486686],[41.651042,41.489384]]]}},{"type":"Feature","properties":{"id":"B1151","kind":"river","core":false,"sea":false,"river":false,"stream":false,"lake":false},"geometry":{"type":"Polygon","coordinates":[[[41.651042,41.532551],[41.648958,41.535249],[41.644792,41.535249],[41.642709,41.532551],[41.644792,41.529853],[41.648958,41.529853],[41.651042,41.532551]]]}},{"type":"Feature","properties":{"id":"B1152","kind":"river","core":false,"sea":false,"river":false,"stream":false,"lake":false},"geometry":{"type":"Polygon","coordinates":[[[41.651042,41.537947],[41.648958,41.540645],[41.644792,41.540645],[41.642709,41.537947],[41.644792,41.535249],[41.648958,41.535249],[41.651042,41.537947]]]}},{"type":"Feature","properties":{"id":"B1153","kind":"river","core":true,"sea":false,"river":true,"stream":false,"lake":false},"geometry":{"type":"Polygon","coordinates":[[[41.651042,41.543343],[41.648958,41.546041],[41.644792,41.546041],[41.642709,41.543343],[41.644792,41.540645],[41.648958,41.540645],[41.651042,41.543343]]]}},{"type":"Feature","properties":{"id":"B1154","kind":"river","core":false,"sea":false,"river":false,"stream":false,"lake":false},"geometry":{"type":"Polygon","coordinates":[[[41.651042,41.548739],[41.648958,41.551437],[41.644792,41.551437],[41.642709,41.548739],[41.644792,41.546041],[41.648958,41.546041],[41.651042,41.548739]]]}},{"type":"Feature","properties":{"id":"B1155","kind":"river","core":true,"sea":false,"river":true,"stream":false,"lake":false},"geometry":{"type":"Polygon","coordinates":[[[41.651042,41.554135],[41.648958,41.556833],[41.644792,41.556833],[41.642709,41.554135],[41.644792,41.551437],[41.648958,41.551437],[41.651042,41.554135]]]}},{"type":"Feature","properties":{"id":"B1156","kind":"river","core":true,"sea":false,"river":true,"stream":false,"lake":false},"geometry":{"type":"Polygon","coordinates":[[[41.651042,41.559531],[41.648958,41.562229],[41.644792,41.562229],[41.642709,41.559531],[41.644792,41.556833],[41.648958,41.556833],[41.651042,41.559531]]]}},{"type":"Feature","properties":{"id":"B1157","kind":"river","core":true,"sea":false,"river":true,"stream":false,"lake":false},"geometry":{"type":"Polygon","coordinates":[[[41.651042,41.564927],[41.648958,41.567624],[41.644792,41.567624],[41.642709,41.564927],[41.644792,41.562229],[41.648958,41.562229],[41.651042,41.564927]]]}},{"type":"Feature","properties":{"id":"B1158","kind":"river","core":true,"sea":false,"river":true,"stream":false,"lake":false},"geometry":{"type":"Polygon","coordinates":[[[41.651042,41.570322],[41.648958,41.57302],[41.644792,41.57302],[41.642709,41.570322],[41.644792,41.567624],[41.648958,41.567624],[41.651042,41.570322]]]}},{"type":"Feature","properties":{"id":"B1159","kind":"river","core":true,"sea":false,"river":true,"stream":false,"lake":true},"geometry":{"type":"Polygon","coordinates":[[[41.651042,41.575718],[41.648958,41.578416],[41.644792,41.578416],[41.642709,41.575718],[41.644792,41.57302],[41.648958,41.57302],[41.651042,41.575718]]]}},{"type":"Feature","properties":{"id":"B1160","kind":"river","core":true,"sea":false,"river":true,"stream":false,"lake":false},"geometry":{"type":"Polygon","coordinates":[[[41.651042,41.581114],[41.648958,41.583812],[41.644792,41.583812],[41.642709,41.581114],[41.644792,41.578416],[41.648958,41.578416],[41.651042,41.581114]]]}},{"type":"Feature","properties":{"id":"B1161","kind":"river","core":false,"sea":false,"river":false,"stream":false,"lake":false},"geometry":{"type":"Polygon","coordinates":[[[41.651042,41.58651],[41.648958,41.589208],[41.644792,41.589208],[41.642709,41.58651],[41.644792,41.583812],[41.648958,41.583812],[41.651042,41.58651]]]}},{"type":"Feature","properties":{"id":"B1162","kind":"river","core":true,"sea":false,"river":true,"stream":true,"lake":false},"geometry":{"type":"Polygon","coordinates":[[[41.651042,41.591906],[41.648958,41.594604],[41.644792,41.594604],[41.642709,41.591906],[41.644792,41.589208],[41.648958,41.589208],[41.651042,41.591906]]]}},{"type":"Feature","properties":{"id":"B1163","kind":"river","core":true,"sea":false,"river":true,"stream":true,"lake":false},"geometry":{"type":"Polygon","coordinates":[[[41.651042,41.597302],[41.648958,41.6],[41.644792,41.6],[41.642709,41.597302],[41.644792,41.594604],[41.648958,41.594604],[41.651042,41.597302]]]}},{"type":"Feature","properties":{"id":"B1164","kind":"river","core":false,"sea":false,"river":false,"stream":false,"lake":false},"geometry":{"type":"Polygon","coordinates":[[[41.651042,41.602698],[41.648958,41.605396],[41.644792,41.605396],[41.642709,41.602698],[41.644792,41.6],[41.648958,41.6],[41.651042,41.602698]]]}},{"type":"Feature","properties":{"id":"B1165","kind":"stream","core":true,"sea":false,"river":false,"stream":true,"lake":false},"geometry":{"type":"Polygon","coordinates":[[[41.651042,41.608094],[41.648958,41.610792],[41.644792,41.610792],[41.642709,41.608094],[41.644792,41.605396],[41.648958,41.605396],[41.651042,41.608094]]]}},{"type":"Feature","properties":{"id":"B1166","kind":"stream","core":true,"sea":false,"river":false,"stream":true,"lake":false},"geometry":{"type":"Polygon","coordinates":[[[41.651042,41.61349],[41.648958,41.616188],[41.644792,41.616188],[41.642709,41.61349],[41.644792,41.610792],[41.648958,41.610792],[41.651042,41.61349]]]}},{"type":"Feature","properties":{"id":"B1167","kind":"stream","core":true,"sea":false,"river":false,"stream":true,"lake":false},"geometry":{"type":"Polygon","coordinates":[[[41.651042,41.618886],[41.648958,41.621584],[41.644792,41.621584],[41.642709,41.618886],[41.644792,41.616188],[41.648958,41.616188],[41.651042,41.618886]]]}},{"type":"Feature","properties":{"id":"B1172","kind":"sea","core":true,"sea":true,"river":false,"stream":false,"lake":false},"geometry":{"type":"Polygon","coordinates":[[[41.651042,41.645865],[41.648958,41.648563],[41.644792,41.648563],[41.642709,41.645865],[41.644792,41.643167],[41.648958,41.643167],[41.651042,41.645865]]]}},{"type":"Feature","properties":{"id":"B1173","kind":"sea","core":true,"sea":true,"river":false,"stream":false,"lake":false},"geometry":{"type":"Polygon","coordinates":[[[41.651042,41.651261],[41.648958,41.653959],[41.644792,41.653959],[41.642709,41.651261],[41.644792,41.648563],[41.648958,41.648563],[41.651042,41.651261]]]}},{"type":"Feature","properties":{"id":"B1174","kind":"sea","core":true,"sea":true,"river":false,"stream":false,"lake":false},"geometry":{"type":"Polygon","coordinates":[[[41.651042,41.656657],[41.648958,41.659355],[41.644792,41.659355],[41.642709,41.656657],[41.644792,41.653959],[41.648958,41.653959],[41.651042,41.656657]]]}},{"type":"Feature","properties":{"id":"B1190","kind":"stream","core":true,"sea":false,"river":false,"stream":true,"lake":false},"geometry":{"type":"Polygon","coordinates":[[[41.657291,41.486686],[41.655208,41.489384],[41.651042,41.489384],[41.648958,41.486686],[41.651042,41.483988],[41.655208,41.483988],[41.657291,41.486686]]]}},{"type":"Feature","properties":{"id":"B1191","kind":"stream","core":true,"sea":false,"river":false,"stream":true,"lake":false},"geometry":{"type":"Polygon","coordinates":[[[41.657291,41.492082],[41.655208,41.49478],[41.651042,41.49478],[41.648958,41.492082],[41.651042,41.489384],[41.655208,41.489384],[41.657291,41.492082]]]}},{"type":"Feature","properties":{"id":"B1200","kind":"river","core":false,"sea":false,"river":false,"stream":false,"lake":false},"geometry":{"type":"Polygon","coordinates":[[[41.657291,41.540645],[41.655208,41.543343],[41.651042,41.543343],[41.648958,41.540645],[41.651042,41.537947],[41.655208,41.537947],[41.657291,41.540645]]]}},{"type":"Feature","properties":{"id":"B1201","kind":"river","core":false,"sea":false,"river":false,"stream":false,"lake":false},"geometry":{"type":"Polygon","coordinates":[[[41.657291,41.546041],[41.655208,41.548739],[41.651042,41.548739],[41.648958,41.546041],[41.651042,41.543343],[41.655208,41.543343],[41.657291,41.546041]]]}},{"type":"Feature","properties":{"id":"B1202","kind":"river","core":false,"sea":false,"river":false,"stream":false,"lake":false},"geometry":{"type":"Polygon","coordinates":[[[41.657291,41.551437],[41.655208,41.554135],[41.651042,41.554135],[41.648958,41.551437],[41.651042,41.548739],[41.655208,41.548739],[41.657291,41.551437]]]}},{"type":"Feature","properties":{"id":"B1203","kind":"river","core":false,"sea":false,"river":false,"stream":false,"lake":false},"geometry":{"type":"Polygon","coordinates":[[[41.657291,41.556833],[41.655208,41.559531],[41.651042,41.559531],[41.648958,41.556833],[41.651042,41.554135],[41.655208,41.554135],[41.657291,41.556833]]]}},{"type":"Feature","properties":{"id":"B1204","kind":"river","core":true,"sea":false,"river":true,"stream":false,"lake":false},"geometry":{"type":"Polygon","coordinates":[[[41.657291,41.562229],[41.655208,41.564927],[41.651042,41.564927],[41.648958,41.562229],[41.651042,41.559531],[41.655208,41.559531],[41.657291,41.562229]]]}},{"type":"Feature","properties":{"id":"B1205","kind":"river","core":true,"sea":false,"river":true,"stream":true,"lake":false},"geometry":{"type":"Polygon","coordinates":[[[41.657291,41.567624],[41.655208,41.570322],[41.651042,41.570322],[41.648958,41.567624],[41.651042,41.564927],[41.655208,41.564927],[41.657291,41.567624]]]}},{"type":"Feature","properties":{"id":"B1206","kind":"river","core":true,"sea":false,"river":true,"stream":true,"lake":false},"geometry":{"type":"Polygon","coordinates":[[[41.657291,41.57302],[41.655208,41.575718],[41.651042,41.575718],[41.648958,41.57302],[41.651042,41.570322],[41.655208,41.570322],[41.657291,41.57302]]]}},{"type":"Feature","properties":{"id":"B1207","kind":"river","core":true,"sea":false,"river":true,"stream":false,"lake":true},"geometry":{"type":"Polygon","coordinates":[[[41.657291,41.578416],[41.655208,41.581114],[41.651042,41.581114],[41.648958,41.578416],[41.651042,41.575718],[41.655208,41.575718],[41.657291,41.578416]]]}},{"type":"Feature","properties":{"id":"B1208","kind":"river","core":false,"sea":false,"river":false,"stream":false,"lake":false},"geometry":{"type":"Polygon","coordinates":[[[41.657291,41.583812],[41.655208,41.58651],[41.651042,41.58651],[41.648958,41.583812],[41.651042,41.581114],[41.655208,41.581114],[41.657291,41.583812]]]}},{"type":"Feature","properties":{"id":"B1209","kind":"river","core":true,"sea":false,"river":true,"stream":true,"lake":false},"geometry":{"type":"Polygon","coordinates":[[[41.657291,41.589208],[41.655208,41.591906],[41.651042,41.591906],[41.648958,41.589208],[41.651042,41.58651],[41.655208,41.58651],[41.657291,41.589208]]]}},{"type":"Feature","properties":{"id":"B1210","kind":"river","core":true,"sea":false,"river":true,"stream":false,"lake":false},"geometry":{"type":"Polygon","coordinates":[[[41.657291,41.594604],[41.655208,41.597302],[41.651042,41.597302],[41.648958,41.594604],[41.651042,41.591906],[41.655208,41.591906],[41.657291,41.594604]]]}},{"type":"Feature","properties":{"id":"B1211","kind":"stream","core":true,"sea":false,"river":false,"stream":true,"lake":false},"geometry":{"type":"Polygon","coordinates":[[[41.657291,41.6],[41.655208,41.602698],[41.651042,41.602698],[41.648958,41.6],[41.651042,41.597302],[41.655208,41.597302],[41.657291,41.6]]]}},{"type":"Feature","properties":{"id":"B1212","kind":"stream","core":true,"sea":false,"river":false,"stream":true,"lake":false},"geometry":{"type":"Polygon","coordinates":[[[41.657291,41.605396],[41.655208,41.608094],[41.651042,41.608094],[41.648958,41.605396],[41.651042,41.602698],[41.655208,41.602698],[41.657291,41.605396]]]}},{"type":"Feature","properties":{"id":"B1214","kind":"stream","core":true,"sea":false,"river":false,"stream":true,"lake":false},"geometry":{"type":"Polygon","coordinates":[[[41.657291,41.616188],[41.655208,41.618886],[41.651042,41.618886],[41.648958,41.616188],[41.651042,41.61349],[41.655208,41.61349],[41.657291,41.616188]]]}},{"type":"Feature","properties":{"id":"B1220","kind":"sea","core":true,"sea":true,"river":false,"stream":false,"lake":true},"geometry":{"type":"Polygon","coordinates":[[[41.657291,41.648563],[41.655208,41.651261],[41.651042,41.651261],[41.648958,41.648563],[41.651042,41.645865],[41.655208,41.645865],[41.657291,41.648563]]]}},{"type":"Feature","properties":{"id":"B1238","kind":"stream","core":true,"sea":false,"river":false,"stream":true,"lake":false},"geometry":{"type":"Polygon","coordinates":[[[41.66354,41.489384],[41.661457,41.492082],[41.657291,41.492082],[41.655208,41.489384],[41.657291,41.486686],[41.661457,41.486686],[41.66354,41.489384]]]}},{"type":"Feature","properties":{"id":"B1251","kind":"river","core":false,"sea":false,"river":false,"stream":false,"lake":false},"geometry":{"type":"Polygon","coordinates":[[[41.66354,41.559531],[41.661457,41.562229],[41.657291,41.562229],[41.655208,41.559531],[41.657291,41.556833],[41.661457,41.556833],[41.66354,41.559531]]]}},{"type":"Feature","properties":{"id":"B1252","kind":"river","core":true,"sea":false,"river":true,"stream":true,"lake":false},"geometry":{"type":"Polygon","coordinates":[[[41.66354,41.564927],[41.661457,41.567624],[41.657291,41.567624],[41.655208,41.564927],[41.657291,41.562229],[41.661457,41.562229],[41.66354,41.564927]]]}},{"type":"Feature","properties":{"id":"B1253","kind":"river","core":true,"sea":false,"river":true,"stream":true,"lake":true},"geometry":{"type":"Polygon","coordinates":[[[41.66354,41.570322],[41.661457,41.57302],[41.657291,41.57302],[41.655208,41.570322],[41.657291,41.567624],[41.661457,41.567624],[41.66354,41.570322]]]}},{"type":"Feature","properties":{"id":"B1254","kind":"river","core":false,"sea":false,"river":false,"stream":false,"lake":false},"geometry":{"type":"Polygon","coordinates":[[[41.66354,41.575718],[41.661457,41.578416],[41.657291,41.578416],[41.655208,41.575718],[41.657291,41.57302],[41.661457,41.57302],[41.66354,41.575718]]]}},{"type":"Feature","properties":{"id":"B1255","kind":"river","core":false,"sea":false,"river":false,"stream":false,"lake":false},"geometry":{"type":"Polygon","coordinates":[[[41.66354,41.581114],[41.661457,41.583812],[41.657291,41.583812],[41.655208,41.581114],[41.657291,41.578416],[41.661457,41.578416],[41.66354,41.581114]]]}},{"type":"Feature","properties":{"id":"B1256","kind":"river","core":true,"sea":false,"river":true,"stream":true,"lake":false},"geometry":{"type":"Polygon","coordinates":[[[41.66354,41.58651],[41.661457,41.589208],[41.657291,41.589208],[41.655208,41.58651],[41.657291,41.583812],[41.661457,41.583812],[41.66354,41.58651]]]}},{"type":"Feature","properties":{"id":"B1257","kind":"river","core":true,"sea":false,"river":true,"stream":false,"lake":false},"geometry":{"type":"Polygon","coordinates":[[[41.66354,41.591906],[41.661457,41.594604],[41.657291,41.594604],[41.655208,41.591906],[41.657291,41.589208],[41.661457,41.589208],[41.66354,41.591906]]]}},{"type":"Feature","properties":{"id":"B1258","kind":"river","core":false,"sea":false,"river":false,"stream":false,"lake":false},"geometry":{"type":"Polygon","coordinates":[[[41.66354,41.597302],[41.661457,41.6],[41.657291,41.6],[41.655208,41.597302],[41.657291,41.594604],[41.661457,41.594604],[41.66354,41.597302]]]}},{"type":"Feature","properties":{"id":"B1259","kind":"stream","core":true,"sea":false,"river":false,"stream":true,"lake":false},"geometry":{"type":"Polygon","coordinates":[[[41.66354,41.602698],[41.661457,41.605396],[41.657291,41.605396],[41.655208,41.602698],[41.657291,41.6],[41.661457,41.6],[41.66354,41.602698]]]}},{"type":"Feature","properties":{"id":"B1260","kind":"stream","core":true,"sea":false,"river":false,"stream":true,"lake":false},"geometry":{"type":"Polygon","coordinates":[[[41.66354,41.608094],[41.661457,41.610792],[41.657291,41.610792],[41.655208,41.608094],[41.657291,41.605396],[41.661457,41.605396],[41.66354,41.608094]]]}},{"type":"Feature","properties":{"id":"B1261","kind":"stream","core":true,"sea":false,"river":false,"stream":true,"lake":false},"geometry":{"type":"Polygon","coordinates":[[[41.66354,41.61349],[41.661457,41.616188],[41.657291,41.616188],[41.655208,41.61349],[41.657291,41.610792],[41.661457,41.610792],[41.66354,41.61349]]]}},{"type":"Feature","properties":{"id":"B1266","kind":"river","core":false,"sea":false,"river":false,"stream":false,"lake":false},"geometry":{"type":"Polygon","coordinates":[[[41.66354,41.640469],[41.661457,41.643167],[41.657291,41.643167],[41.655208,41.640469],[41.657291,41.637771],[41.661457,41.637771],[41.66354,41.640469]]]}},{"type":"Feature","properties":{"id":"B1267","kind":"sea","core":true,"sea":true,"river":false,"stream":false,"lake":false},"geometry":{"type":"Polygon","coordinates":[[[41.66354,41.645865],[41.661457,41.648563],[41.657291,41.648563],[41.655208,41.645865],[41.657291,41.643167],[41.661457,41.643167],[41.66354,41.645865]]]}},{"type":"Feature","properties":{"id":"B1268","kind":"sea","core":true,"sea":true,"river":false,"stream":false,"lake":true},"geometry":{"type":"Polygon","coordinates":[[[41.66354,41.651261],[41.661457,41.653959],[41.657291,41.653959],[41.655208,41.651261],[41.657291,41.648563],[41.661457,41.648563],[41.66354,41.651261]]]}},{"type":"Feature","properties":{"id":"B1286","kind":"stream","core":true,"sea":false,"river":false,"stream":true,"lake":false},"geometry":{"type":"Polygon","coordinates":[[[41.669789,41.492082],[41.667706,41.49478],[41.66354,41.49478],[41.661457,41.492082],[41.66354,41.489384],[41.667706,41.489384],[41.669789,41.492082]]]}},{"type":"Feature","properties":{"id":"B1295","kind":"stream","core":true,"sea":false,"river":false,"stream":true,"lake":false},"geometry":{"type":"Polygon","coordinates":[[[41.669789,41.540645],[41.667706,41.543343],[41.66354,41.543343],[41.661457,41.540645],[41.66354,41.537947],[41.667706,41.537947],[41.669789,41.540645]]]}},{"type":"Feature","properties":{"id":"B1296","kind":"lake","core":true,"sea":false,"river":false,"stream":true,"lake":true},"geometry":{"type":"Polygon","coordinates":[[[41.669789,41.546041],[41.667706,41.548739],[41.66354,41.548739],[41.661457,41.546041],[41.66354,41.543343],[41.667706,41.543343],[41.669789,41.546041]]]}},{"type":"Feature","properties":{"id":"B1297","kind":"stream","core":true,"sea":false,"river":false,"stream":true,"lake":false},"geometry":{"type":"Polygon","coordinates":[[[41.669789,41.551437],[41.667706,41.554135],[41.66354,41.554135],[41.661457,41.551437],[41.66354,41.548739],[41.667706,41.548739],[41.669789,41.551437]]]}},{"type":"Feature","properties":{"id":"B1298","kind":"stream","core":true,"sea":false,"river":false,"stream":true,"lake":false},"geometry":{"type":"Polygon","coordinates":[[[41.669789,41.556833],[41.667706,41.559531],[41.66354,41.559531],[41.661457,41.556833],[41.66354,41.554135],[41.667706,41.554135],[41.669789,41.556833]]]}},{"type":"Feature","properties":{"id":"B1299","kind":"stream","core":true,"sea":false,"river":false,"stream":true,"lake":false},"geometry":{"type":"Polygon","coordinates":[[[41.669789,41.562229],[41.667706,41.564927],[41.66354,41.564927],[41.661457,41.562229],[41.66354,41.559531],[41.667706,41.559531],[41.669789,41.562229]]]}},{"type":"Feature","properties":{"id":"B1300","kind":"river","core":true,"sea":false,"river":true,"stream":true,"lake":true},"geometry":{"type":"Polygon","coordinates":[[[41.669789,41.567624],[41.667706,41.570322],[41.66354,41.570322],[41.661457,41.567624],[41.66354,41.564927],[41.667706,41.564927],[41.669789,41.567624]]]}},{"type":"Feature","properties":{"id":"B1301","kind":"river","core":false,"sea":false,"river":false,"stream":false,"lake":false},"geometry":{"type":"Polygon","coordinates":[[[41.669789,41.57302],[41.667706,41.575718],[41.66354,41.575718],[41.661457,41.57302],[41.66354,41.570322],[41.667706,41.570322],[41.669789,41.57302]]]}},{"type":"Feature","properties":{"id":"B1302","kind":"river","core":false,"sea":false,"river":false,"stream":false,"lake":false},"geometry":{"type":"Polygon","coordinates":[[[41.669789,41.578416],[41.667706,41.581114],[41.66354,41.581114],[41.661457,41.578416],[41.66354,41.575718],[41.667706,41.575718],[41.669789,41.578416]]]}},{"type":"Feature","properties":{"id":"B1303","kind":"river","core":true,"sea":false,"river":true,"stream":true,"lake":false},"geometry":{"type":"Polygon","coordinates":[[[41.669789,41.583812],[41.667706,41.58651],[41.66354,41.58651],[41.661457,41.583812],[41.66354,41.581114],[41.667706,41.581114],[41.669789,41.583812]]]}},{"type":"Feature","properties":{"id":"B1304","kind":"river","core":true,"sea":false,"river":true,"stream":true,"lake":false},"geometry":{"type":"Polygon","coordinates":[[[41.669789,41.589208],[41.667706,41.591906],[41.66354,41.591906],[41.661457,41.589208],[41.66354,41.58651],[41.667706,41.58651],[41.669789,41.589208]]]}},{"type":"Feature","properties":{"id":"B1305","kind":"river","core":false,"sea":false,"river":false,"stream":false,"lake":false},"geometry":{"type":"Polygon","coordinates":[[[41.669789,41.594604],[41.667706,41.597302],[41.66354,41.597302],[41.661457,41.594604],[41.66354,41.591906],[41.667706,41.591906],[41.669789,41.594604]]]}},{"type":"Feature","properties":{"id":"B1307","kind":"stream","core":true,"sea":false,"river":false,"stream":true,"lake":false},"geometry":{"type":"Polygon","coordinates":[[[41.669789,41.605396],[41.667706,41.608094],[41.66354,41.608094],[41.661457,41.605396],[41.66354,41.602698],[41.667706,41.602698],[41.669789,41.605396]]]}},{"type":"Feature","properties":{"id":"B1308","kind":"stream","core":true,"sea":false,"river":false,"stream":true,"lake":false},"geometry":{"type":"Polygon","coordinates":[[[41.669789,41.610792],[41.667706,41.61349],[41.66354,41.61349],[41.661457,41.610792],[41.66354,41.608094],[41.667706,41.608094],[41.669789,41.610792]]]}},{"type":"Feature","properties":{"id":"B1313","kind":"river","core":false,"sea":false,"river":false,"stream":false,"lake":false},"geometry":{"type":"Polygon","coordinates":[[[41.669789,41.637771],[41.667706,41.640469],[41.66354,41.640469],[41.661457,41.637771],[41.66354,41.635073],[41.667706,41.635073],[41.669789,41.637771]]]}},{"type":"Feature","properties":{"id":"B1314","kind":"river","core":true,"sea":false,"river":true,"stream":false,"lake":false},"geometry":{"type":"Polygon","coordinates":[[[41.669789,41.643167],[41.667706,41.645865],[41.66354,41.645865],[41.661457,41.643167],[41.66354,41.640469],[41.667706,41.640469],[41.669789,41.643167]]]}},{"type":"Feature","properties":{"id":"B1315","kind":"river","core":true,"sea":true,"river":true,"stream":false,"lake":false},"geometry":{"type":"Polygon","coordinates":[[[41.669789,41.648563],[41.667706,41.651261],[41.66354,41.651261],[41.661457,41.648563],[41.66354,41.645865],[41.667706,41.645865],[41.669789,41.648563]]]}},{"type":"Feature","properties":{"id":"B1316","kind":"sea","core":true,"sea":true,"river":false,"stream":false,"lake":false},"geometry":{"type":"Polygon","coordinates":[[[41.669789,41.653959],[41.667706,41.656657],[41.66354,41.656657],[41.661457,41.653959],[41.66354,41.651261],[41.667706,41.651261],[41.669789,41.653959]]]}},{"type":"Feature","properties":{"id":"B1334","kind":"stream","core":true,"sea":false,"river":false,"stream":true,"lake":false},"geometry":{"type":"Polygon","coordinates":[[[41.676038,41.49478],[41.673955,41.497477],[41.669789,41.497477],[41.667706,41.49478],[41.669789,41.492082],[41.673955,41.492082],[41.676038,41.49478]]]}},{"type":"Feature","properties":{"id":"B1335","kind":"stream","core":true,"sea":false,"river":false,"stream":true,"lake":false},"geometry":{"type":"Polygon","coordinates":[[[41.676038,41.500175],[41.673955,41.502873],[41.669789,41.502873],[41.667706,41.500175],[41.669789,41.497477],[41.673955,41.497477],[41.676038,41.500175]]]}},{"type":"Feature","properties":{"id":"B1344","kind":"stream","core":true,"sea":false,"river":false,"stream":true,"lake":false},"geometry":{"type":"Polygon","coordinates":[[[41.676038,41.548739],[41.673955,41.551437],[41.669789,41.551437],[41.667706,41.548739],[41.669789,41.546041],[41.673955,41.546041],[41.676038,41.548739]]]}},{"type":"Feature","properties":{"id":"B1346","kind":"stream","core":true,"sea":false,"river":false,"stream":true,"lake":false},"geometry":{"type":"Polygon","coordinates":[[[41.676038,41.559531],[41.673955,41.562229],[41.669789,41.562229],[41.667706,41.559531],[41.669789,41.556833],[41.673955,41.556833],[41.676038,41.559531]]]}},{"type":"Feature","properties":{"id":"B1347","kind":"river","core":true,"sea":false,"river":true,"stream":true,"lake":true},"geometry":{"type":"Polygon","coordinates":[[[41.676038,41.564927],[41.673955,41.567624],[41.669789,41.567624],[41.667706,41.564927],[41.669789,41.562229],[41.673955,41.562229],[41.676038,41.564927]]]}},{"type":"Feature","properties":{"id":"B1348","kind":"river","core":true,"sea":false,"river":true,"stream":false,"lake":false},"geometry":{"type":"Polygon","coordinates":[[[41.676038,41.570322],[41.673955,41.57302],[41.669789,41.57302],[41.667706,41.570322],[41.669789,41.567624],[41.673955,41.567624],[41.676038,41.570322]]]}},{"type":"Feature","properties":{"id":"B1349","kind":"river","core":false,"sea":false,"river":false,"stream":false,"lake":false},"geometry":{"type":"Polygon","coordinates":[[[41.676038,41.575718],[41.673955,41.578416],[41.669789,41.578416],[41.667706,41.575718],[41.669789,41.57302],[41.673955,41.57302],[41.676038,41.575718]]]}},{"type":"Feature","properties":{"id":"B1350","kind":"river","core":false,"sea":false,"river":false,"stream":false,"lake":false},"geometry":{"type":"Polygon","coordinates":[[[41.676038,41.581114],[41.673955,41.583812],[41.669789,41.583812],[41.667706,41.581114],[41.669789,41.578416],[41.673955,41.578416],[41.676038,41.581114]]]}},{"type":"Feature","properties":{"id":"B1351","kind":"river","core":true,"sea":false,"river":true,"stream":true,"lake":false},"geometry":{"type":"Polygon","coordinates":[[[41.676038,41.58651],[41.673955,41.589208],[41.669789,41.589208],[41.667706,41.58651],[41.669789,41.583812],[41.673955,41.583812],[41.676038,41.58651]]]}},{"type":"Feature","properties":{"id":"B1352","kind":"stream","core":true,"sea":false,"river":false,"stream":true,"lake":false},"geometry":{"type":"Polygon","coordinates":[[[41.676038,41.591906],[41.673955,41.594604],[41.669789,41.594604],[41.667706,41.591906],[41.669789,41.589208],[41.673955,41.589208],[41.676038,41.591906]]]}},{"type":"Feature","properties":{"id":"B1353","kind":"stream","core":true,"sea":false,"river":false,"stream":true,"lake":false},"geometry":{"type":"Polygon","coordinates":[[[41.676038,41.597302],[41.673955,41.6],[41.669789,41.6],[41.667706,41.597302],[41.669789,41.594604],[41.673955,41.594604],[41.676038,41.597302]]]}},{"type":"Feature","properties":{"id":"B1357","kind":"river","core":false,"sea":false,"river":false,"stream":false,"lake":false},"geometry":{"type":"Polygon","coordinates":[[[41.676038,41.618886],[41.673955,41.621584],[41.669789,41.621584],[41.667706,41.618886],[41.669789,41.616188],[41.673955,41.616188],[41.676038,41.618886]]]}},{"type":"Feature","properties":{"id":"B1358","kind":"river","core":false,"sea":false,"river":false,"stream":false,"lake":false},"geometry":{"type":"Polygon","coordinates":[[[41.676038,41.624282],[41.673955,41.62698],[41.669789,41.62698],[41.667706,41.624282],[41.669789,41.621584],[41.673955,41.621584],[41.676038,41.624282]]]}},{"type":"Feature","properties":{"id":"B1359","kind":"river","core":false,"sea":false,"river":false,"stream":false,"lake":false},"geometry":{"type":"Polygon","coordinates":[[[41.676038,41.629678],[41.673955,41.632376],[41.669789,41.632376],[41.667706,41.629678],[41.669789,41.62698],[41.673955,41.62698],[41.676038,41.629678]]]}},{"type":"Feature","properties":{"id":"B1360","kind":"river","core":false,"sea":false,"river":false,"stream":false,"lake":false},"geometry":{"type":"Polygon","coordinates":[[[41.676038,41.635073],[41.673955,41.637771],[41.669789,41.637771],[41.667706,41.635073],[41.669789,41.632376],[41.673955,41.632376],[41.676038,41.635073]]]}},{"type":"Feature","properties":{"id":"B1361","kind":"river","core":true,"sea":false,"river":true,"stream":true,"lake":false},"geometry":{"type":"Polygon","coordinates":[[[41.676038,41.640469],[41.673955,41.643167],[41.669789,41.643167],[41.667706,41.640469],[41.669789,41.637771],[41.673955,41.637771],[41.676038,41.640469]]]}},{"type":"Feature","properties":{"id":"B1362","kind":"river","core":true,"sea":false,"river":true,"stream":false,"lake":false},"geometry":{"type":"Polygon","coordinates":[[[41.676038,41.645865],[41.673955,41.648563],[41.669789,41.648563],[41.667706,41.645865],[41.669789,41.643167],[41.673955,41.643167],[41.676038,41.645865]]]}},{"type":"Feature","properties":{"id":"B1363","kind":"river","core":false,"sea":false,"river":false,"stream":false,"lake":false},"geometry":{"type":"Polygon","coordinates":[[[41.676038,41.651261],[41.673955,41.653959],[41.669789,41.653959],[41.667706,41.651261],[41.669789,41.648563],[41.673955,41.648563],[41.676038,41.651261]]]}},{"type":"Feature","properties":{"id":"B1364","kind":"sea","core":true,"sea":true,"river":false,"stream":true,"lake":false},"geometry":{"type":"Polygon","coordinates":[[[41.676038,41.656657],[41.673955,41.659355],[41.669789,41.659355],[41.667706,41.656657],[41.669789,41.653959],[41.673955,41.653959],[41.676038,41.656657]]]}},{"type":"Feature","properties":{"id":"B1365","kind":"sea","core":true,"sea":true,"river":false,"stream":false,"lake":false},"geometry":{"type":"Polygon","coordinates":[[[41.676038,41.662053],[41.673955,41.664751],[41.669789,41.664751],[41.667706,41.662053],[41.669789,41.659355],[41.673955,41.659355],[41.676038,41.662053]]]}},{"type":"Feature","properties":{"id":"B1382","kind":"stream","core":true,"sea":false,"river":false,"stream":true,"lake":false},"geometry":{"type":"Polygon","coordinates":[[[41.682287,41.497477],[41.680204,41.500175],[41.676038,41.500175],[41.673955,41.497477],[41.676038,41.49478],[41.680204,41.49478],[41.682287,41.497477]]]}},{"type":"Feature","properties":{"id":"B1393","kind":"river","core":false,"sea":false,"river":false,"stream":false,"lake":false},"geometry":{"type":"Polygon","coordinates":[[[41.682287,41.556833],[41.680204,41.559531],[41.676038,41.559531],[41.673955,41.556833],[41.676038,41.554135],[41.680204,41.554135],[41.682287,41.556833]]]}},{"type":"Feature","properties":{"id":"B1394","kind":"river","core":true,"sea":false,"river":true,"stream":false,"lake":false},"geometry":{"type":"Polygon","coordinates":[[[41.682287,41.562229],[41.680204,41.564927],[41.676038,41.564927],[41.673955,41.562229],[41.676038,41.559531],[41.680204,41.559531],[41.682287,41.562229]]]}},{"type":"Feature","properties":{"id":"B1395","kind":"river","core":true,"sea":false,"river":true,"stream":true,"lake":false},"geometry":{"type":"Polygon","coordinates":[[[41.682287,41.567624],[41.680204,41.570322],[41.676038,41.570322],[41.673955,41.567624],[41.676038,41.564927],[41.680204,41.564927],[41.682287,41.567624]]]}},{"type":"Feature","properties":{"id":"B1396","kind":"river","core":false,"sea":false,"river":false,"stream":false,"lake":false},"geometry":{"type":"Polygon","coordinates":[[[41.682287,41.57302],[41.680204,41.575718],[41.676038,41.575718],[41.673955,41.57302],[41.676038,41.570322],[41.680204,41.570322],[41.682287,41.57302]]]}},{"type":"Feature","properties":{"id":"B1398","kind":"river","core":false,"sea":false,"river":false,"stream":false,"lake":false},"geometry":{"type":"Polygon","coordinates":[[[41.682287,41.583812],[41.680204,41.58651],[41.676038,41.58651],[41.673955,41.583812],[41.676038,41.581114],[41.680204,41.581114],[41.682287,41.583812]]]}},{"type":"Feature","properties":{"id":"B1399","kind":"stream","core":true,"sea":false,"river":false,"stream":true,"lake":false},"geometry":{"type":"Polygon","coordinates":[[[41.682287,41.589208],[41.680204,41.591906],[41.676038,41.591906],[41.673955,41.589208],[41.676038,41.58651],[41.680204,41.58651],[41.682287,41.589208]]]}},{"type":"Feature","properties":{"id":"B1400","kind":"stream","core":true,"sea":false,"river":false,"stream":true,"lake":false},"geometry":{"type":"Polygon","coordinates":[[[41.682287,41.594604],[41.680204,41.597302],[41.676038,41.597302],[41.673955,41.594604],[41.676038,41.591906],[41.680204,41.591906],[41.682287,41.594604]]]}},{"type":"Feature","properties":{"id":"B1404","kind":"river","core":false,"sea":false,"river":false,"stream":false,"lake":false},"geometry":{"type":"Polygon","coordinates":[[[41.682287,41.616188],[41.680204,41.618886],[41.676038,41.618886],[41.673955,41.616188],[41.676038,41.61349],[41.680204,41.61349],[41.682287,41.616188]]]}},{"type":"Feature","properties":{"id":"B1405","kind":"river","core":true,"sea":false,"river":true,"stream":false,"lake":false},"geometry":{"type":"Polygon","coordinates":[[[41.682287,41.621584],[41.680204,41.624282],[41.676038,41.624282],[41.673955,41.621584],[41.676038,41.618886],[41.680204,41.618886],[41.682287,41.621584]]]}},{"type":"Feature","properties":{"id":"B1406","kind":"river","core":true,"sea":false,"river":true,"stream":false,"lake":false},"geometry":{"type":"Polygon","coordinates":[[[41.682287,41.62698],[41.680204,41.629678],[41.676038,41.629678],[41.673955,41.62698],[41.676038,41.624282],[41.680204,41.624282],[41.682287,41.62698]]]}},{"type":"Feature","properties":{"id":"B1407","kind":"river","core":true,"sea":false,"river":true,"stream":true,"lake":false},"geometry":{"type":"Polygon","coordinates":[[[41.682287,41.632376],[41.680204,41.635073],[41.676038,41.635073],[41.673955,41.632376],[41.676038,41.629678],[41.680204,41.629678],[41.682287,41.632376]]]}},{"type":"Feature","properties":{"id":"B1408","kind":"river","core":true,"sea":false,"river":true,"stream":true,"lake":false},"geometry":{"type":"Polygon","coordinates":[[[41.682287,41.637771],[41.680204,41.640469],[41.676038,41.640469],[41.673955,41.637771],[41.676038,41.635073],[41.680204,41.635073],[41.682287,41.637771]]]}},{"type":"Feature","properties":{"id":"B1409","kind":"stream","core":true,"sea":false,"river":false,"stream":true,"lake":false},"geometry":{"type":"Polygon","coordinates":[[[41.682287,41.643167],[41.680204,41.645865],[41.676038,41.645865],[41.673955,41.643167],[41.676038,41.640469],[41.680204,41.640469],[41.682287,41.643167]]]}},{"type":"Feature","properties":{"id":"B1410","kind":"stream","core":true,"sea":false,"river":false,"stream":true,"lake":false},"geometry":{"type":"Polygon","coordinates":[[[41.682287,41.648563],[41.680204,41.651261],[41.676038,41.651261],[41.673955,41.648563],[41.676038,41.645865],[41.680204,41.645865],[41.682287,41.648563]]]}},{"type":"Feature","properties":{"id":"B1411","kind":"stream","core":true,"sea":false,"river":false,"stream":true,"lake":false},"geometry":{"type":"Polygon","coordinates":[[[41.682287,41.653959],[41.680204,41.656657],[41.676038,41.656657],[41.673955,41.653959],[41.676038,41.651261],[41.680204,41.651261],[41.682287,41.653959]]]}},{"type":"Feature","properties":{"id":"B1412","kind":"river","core":false,"sea":false,"river":false,"stream":false,"lake":false},"geometry":{"type":"Polygon","coordinates":[[[41.682287,41.659355],[41.680204,41.662053],[41.676038,41.662053],[41.673955,41.659355],[41.676038,41.656657],[41.680204,41.656657],[41.682287,41.659355]]]}},{"type":"Feature","properties":{"id":"B1413","kind":"sea","core":true,"sea":true,"river":false,"stream":false,"lake":false},"geometry":{"type":"Polygon","coordinates":[[[41.682287,41.664751],[41.680204,41.667449],[41.676038,41.667449],[41.673955,41.664751],[41.676038,41.662053],[41.680204,41.662053],[41.682287,41.664751]]]}},{"type":"Feature","properties":{"id":"B1414","kind":"river","core":false,"sea":false,"river":false,"stream":false,"lake":false},"geometry":{"type":"Polygon","coordinates":[[[41.682287,41.670147],[41.680204,41.672845],[41.676038,41.672845],[41.673955,41.670147],[41.676038,41.667449],[41.680204,41.667449],[41.682287,41.670147]]]}},{"type":"Feature","properties":{"id":"B1429","kind":"stream","core":true,"sea":false,"river":false,"stream":true,"lake":false},"geometry":{"type":"Polygon","coordinates":[[[41.688536,41.49478],[41.686453,41.497477],[41.682287,41.497477],[41.680204,41.49478],[41.682287,41.492082],[41.686453,41.492082],[41.688536,41.49478]]]}},{"type":"Feature","properties":{"id":"B1430","kind":"stream","core":true,"sea":false,"river":false,"stream":true,"lake":false},"geometry":{"type":"Polygon","coordinates":[[[41.688536,41.500175],[41.686453,41.502873],[41.682287,41.502873],[41.680204,41.500175],[41.682287,41.497477],[41.686453,41.497477],[41.688536,41.500175]]]}},{"type":"Feature","properties":{"id":"B1439","kind":"river","core":false,"sea":false,"river":false,"stream":false,"lake":false},"geometry":{"type":"Polygon","coordinates":[[[41.688536,41.548739],[41.686453,41.551437],[41.682287,41.551437],[41.680204,41.548739],[41.682287,41.546041],[41.686453,41.546041],[41.688536,41.548739]]]}},{"type":"Feature","properties":{"id":"B1440","kind":"river","core":false,"sea":false,"river":false,"stream":false,"lake":false},"geometry":{"type":"Polygon","coordinates":[[[41.688536,41.554135],[41.686453,41.556833],[41.682287,41.556833],[41.680204,41.554135],[41.682287,41.551437],[41.686453,41.551437],[41.688536,41.554135]]]}},{"type":"Feature","properties":{"id":"B1441","kind":"river","core":true,"sea":false,"river":true,"stream":false,"lake":false},"geometry":{"type":"Polygon","coordinates":[[[41.688536,41.559531],[41.686453,41.562229],[41.682287,41.562229],[41.680204,41.559531],[41.682287,41.556833],[41.686453,41.556833],[41.688536,41.559531]]]}},{"type":"Feature","properties":{"id":"B1442","kind":"river","core":true,"sea":false,"river":true,"stream":true,"lake":false},"geometry":{"type":"Polygon","coordinates":[[[41.688536,41.564927],[41.686453,41.567624],[41.682287,41.567624],[41.680204,41.564927],[41.682287,41.562229],[41.686453,41.562229],[41.688536,41.564927]]]}},{"type":"Feature","properties":{"id":"B1443","kind":"stream","core":true,"sea":false,"river":false,"stream":true,"lake":false},"geometry":{"type":"Polygon","coordinates":[[[41.688536,41.570322],[41.686453,41.57302],[41.682287,41.57302],[41.680204,41.570322],[41.682287,41.567624],[41.686453,41.567624],[41.688536,41.570322]]]}},{"type":"Feature","properties":{"id":"B1444","kind":"river","core":false,"sea":false,"river":false,"stream":false,"lake":false},"geometry":{"type":"Polygon","coordinates":[[[41.688536,41.575718],[41.686453,41.578416],[41.682287,41.578416],[41.680204,41.575718],[41.682287,41.57302],[41.686453,41.57302],[41.688536,41.575718]]]}},{"type":"Feature","properties":{"id":"B1451","kind":"river","core":false,"sea":false,"river":false,"stream":false,"lake":false},"geometry":{"type":"Polygon","coordinates":[[[41.688536,41.61349],[41.686453,41.616188],[41.682287,41.616188],[41.680204,41.61349],[41.682287,41.610792],[41.686453,41.610792],[41.688536,41.61349]]]}},{"type":"Feature","properties":{"id":"B1452","kind":"river","core":true,"sea":false,"river":true,"stream":false,"lake":false},"geometry":{"type":"Polygon","coordinates":[[[41.688536,41.618886],[41.686453,41.621584],[41.682287,41.621584],[41.680204,41.618886],[41.682287,41.616188],[41.686453,41.616188],[41.688536,41.618886]]]}},{"type":"Feature","properties":{"id":"B1453","kind":"river","core":false,"sea":false,"river":false,"stream":false,"lake":false},"geometry":{"type":"Polygon","coordinates":[[[41.688536,41.624282],[41.686453,41.62698],[41.682287,41.62698],[41.680204,41.624282],[41.682287,41.621584],[41.686453,41.621584],[41.688536,41.624282]]]}},{"type":"Feature","properties":{"id":"B1454","kind":"stream","core":true,"sea":false,"river":false,"stream":true,"lake":false},"geometry":{"type":"Polygon","coordinates":[[[41.688536,41.629678],[41.686453,41.632376],[41.682287,41.632376],[41.680204,41.629678],[41.682287,41.62698],[41.686453,41.62698],[41.688536,41.629678]]]}},{"type":"Feature","properties":{"id":"B1455","kind":"stream","core":true,"sea":false,"river":false,"stream":true,"lake":false},"geometry":{"type":"Polygon","coordinates":[[[41.688536,41.635073],[41.686453,41.637771],[41.682287,41.637771],[41.680204,41.635073],[41.682287,41.632376],[41.686453,41.632376],[41.688536,41.635073]]]}},{"type":"Feature","properties":{"id":"B1456","kind":"river","core":false,"sea":false,"river":false,"stream":false,"lake":false},"geometry":{"type":"Polygon","coordinates":[[[41.688536,41.640469],[41.686453,41.643167],[41.682287,41.643167],[41.680204,41.640469],[41.682287,41.637771],[41.686453,41.637771],[41.688536,41.640469]]]}},{"type":"Feature","properties":{"id":"B1457","kind":"stream","core":true,"sea":false,"river":false,"stream":true,"lake":false},"geometry":{"type":"Polygon","coordinates":[[[41.688536,41.645865],[41.686453,41.648563],[41.682287,41.648563],[41.680204,41.645865],[41.682287,41.643167],[41.686453,41.643167],[41.688536,41.645865]]]}},{"type":"Feature","properties":{"id":"B1458","kind":"stream","core":true,"sea":false,"river":false,"stream":true,"lake":false},"geometry":{"type":"Polygon","coordinates":[[[41.688536,41.651261],[41.686453,41.653959],[41.682287,41.653959],[41.680204,41.651261],[41.682287,41.648563],[41.686453,41.648563],[41.688536,41.651261]]]}},{"type":"Feature","properties":{"id":"B1459","kind":"river","core":false,"sea":false,"river":false,"stream":false,"lake":false},"geometry":{"type":"Polygon","coordinates":[[[41.688536,41.656657],[41.686453,41.659355],[41.682287,41.659355],[41.680204,41.656657],[41.682287,41.653959],[41.686453,41.653959],[41.688536,41.656657]]]}},{"type":"Feature","properties":{"id":"B1460","kind":"river","core":true,"sea":false,"river":true,"stream":false,"lake":false},"geometry":{"type":"Polygon","coordinates":[[[41.688536,41.662053],[41.686453,41.664751],[41.682287,41.664751],[41.680204,41.662053],[41.682287,41.659355],[41.686453,41.659355],[41.688536,41.662053]]]}},{"type":"Feature","properties":{"id":"B1461","kind":"river","core":true,"sea":true,"river":true,"stream":false,"lake":false},"geometry":{"type":"Polygon","coordinates":[[[41.688536,41.667449],[41.686453,41.670147],[41.682287,41.670147],[41.680204,41.667449],[41.682287,41.664751],[41.686453,41.664751],[41.688536,41.667449]]]}},{"type":"Feature","properties":{"id":"B1462","kind":"river","core":false,"sea":false,"river":false,"stream":false,"lake":false},"geometry":{"type":"Polygon","coordinates":[[[41.688536,41.672845],[41.686453,41.675543],[41.682287,41.675543],[41.680204,41.672845],[41.682287,41.670147],[41.686453,41.670147],[41.688536,41.672845]]]}},{"type":"Feature","properties":{"id":"B1477","kind":"stream","core":true,"sea":false,"river":false,"stream":true,"lake":false},"geometry":{"type":"Polygon","coordinates":[[[41.694785,41.497477],[41.692702,41.500175],[41.688536,41.500175],[41.686453,41.497477],[41.688536,41.49478],[41.692702,41.49478],[41.694785,41.497477]]]}},{"type":"Feature","properties":{"id":"B1486","kind":"river","core":false,"sea":false,"river":false,"stream":false,"lake":false},"geometry":{"type":"Polygon","coordinates":[[[41.694785,41.546041],[41.692702,41.548739],[41.688536,41.548739],[41.686453,41.546041],[41.688536,41.543343],[41.692702,41.543343],[41.694785,41.546041]]]}},{"type":"Feature","properties":{"id":"B1487","kind":"river","core":true,"sea":false,"river":true,"stream":false,"lake":false},"geometry":{"type":"Polygon","coordinates":[[[41.694785,41.551437],[41.692702,41.554135],[41.688536,41.554135],[41.686453,41.551437],[41.688536,41.548739],[41.692702,41.548739],[41.694785,41.551437]]]}},{"type":"Feature","properties":{"id":"B1488","kind":"river","core":true,"sea":false,"river":true,"stream":false,"lake":false},"geometry":{"type":"Polygon","coordinates":[[[41.694785,41.556833],[41.692702,41.559531],[41.688536,41.559531],[41.686453,41.556833],[41.688536,41.554135],[41.692702,41.554135],[41.694785,41.556833]]]}},{"type":"Feature","properties":{"id":"B1489","kind":"river","core":true,"sea":false,"river":true,"stream":false,"lake":false},"geometry":{"type":"Polygon","coordinates":[[[41.694785,41.562229],[41.692702,41.564927],[41.688536,41.564927],[41.686453,41.562229],[41.688536,41.559531],[41.692702,41.559531],[41.694785,41.562229]]]}},{"type":"Feature","properties":{"id":"B1490","kind":"river","core":true,"sea":false,"river":true,"stream":false,"lake":false},"geometry":{"type":"Polygon","coordinates":[[[41.694785,41.567624],[41.692702,41.570322],[41.688536,41.570322],[41.686453,41.567624],[41.688536,41.564927],[41.692702,41.564927],[41.694785,41.567624]]]}},{"type":"Feature","properties":{"id":"B1491","kind":"river","core":true,"sea":false,"river":true,"stream":true,"lake":false},"geometry":{"type":"Polygon","coordinates":[[[41.694785,41.57302],[41.692702,41.575718],[41.688536,41.575718],[41.686453,41.57302],[41.688536,41.570322],[41.692702,41.570322],[41.694785,41.57302]]]}},{"type":"Feature","properties":{"id":"B1492","kind":"stream","core":true,"sea":false,"river":false,"stream":true,"lake":false},"geometry":{"type":"Polygon","coordinates":[[[41.694785,41.578416],[41.692702,41.581114],[41.688536,41.581114],[41.686453,41.578416],[41.688536,41.575718],[41.692702,41.575718],[41.694785,41.578416]]]}},{"type":"Feature","properties":{"id":"B1493","kind":"stream","core":true,"sea":false,"river":false,"stream":true,"lake":false},"geometry":{"type":"Polygon","coordinates":[[[41.694785,41.583812],[41.692702,41.58651],[41.688536,41.58651],[41.686453,41.583812],[41.688536,41.581114],[41.692702,41.581114],[41.694785,41.583812]]]}},{"type":"Feature","properties":{"id":"B1494","kind":"stream","core":true,"sea":false,"river":false,"stream":true,"lake":false},"geometry":{"type":"Polygon","coordinates":[[[41.694785,41.589208],[41.692702,41.591906],[41.688536,41.591906],[41.686453,41.589208],[41.688536,41.58651],[41.692702,41.58651],[41.694785,41.589208]]]}},{"type":"Feature","properties":{"id":"B1495","kind":"stream","core":true,"sea":false,"river":false,"stream":true,"lake":false},"geometry":{"type":"Polygon","coordinates":[[[41.694785,41.594604],[41.692702,41.597302],[41.688536,41.597302],[41.686453,41.594604],[41.688536,41.591906],[41.692702,41.591906],[41.694785,41.594604]]]}},{"type":"Feature","properties":{"id":"B1498","kind":"river","core":false,"sea":false,"river":false,"stream":false,"lake":false},"geometry":{"type":"Polygon","coordinates":[[[41.694785,41.610792],[41.692702,41.61349],[41.688536,41.61349],[41.686453,41.610792],[41.688536,41.608094],[41.692702,41.608094],[41.694785,41.610792]]]}},{"type":"Feature","properties":{"id":"B1499","kind":"river","core":true,"sea":false,"river":true,"stream":false,"lake":false},"geometry":{"type":"Polygon","coordinates":[[[41.694785,41.616188],[41.692702,41.618886],[41.688536,41.618886],[41.686453,41.616188],[41.688536,41.61349],[41.692702,41.61349],[41.694785,41.616188]]]}},{"type":"Feature","properties":{"id":"B1500","kind":"river","core":false,"sea":false,"river":false,"stream":false,"lake":false},"geometry":{"type":"Polygon","coordinates":[[[41.694785,41.621584],[41.692702,41.624282],[41.688536,41.624282],[41.686453,41.621584],[41.688536,41.618886],[41.692702,41.618886],[41.694785,41.621584]]]}},{"type":"Feature","properties":{"id":"B1505","kind":"stream","core":true,"sea":false,"river":false,"stream":true,"lake":false},"geometry":{"type":"Polygon","coordinates":[[[41.694785,41.648563],[41.692702,41.651261],[41.688536,41.651261],[41.686453,41.648563],[41.688536,41.645865],[41.692702,41.645865],[41.694785,41.648563]]]}},{"type":"Feature","properties":{"id":"B1506","kind":"river","core":true,"sea":false,"river":true,"stream":false,"lake":false},"geometry":{"type":"Polygon","coordinates":[[[41.694785,41.653959],[41.692702,41.656657],[41.688536,41.656657],[41.686453,41.653959],[41.688536,41.651261],[41.692702,41.651261],[41.694785,41.653959]]]}},{"type":"Feature","properties":{"id":"B1507","kind":"river","core":true,"sea":false,"river":true,"stream":false,"lake":false},"geometry":{"type":"Polygon","coordinates":[[[41.694785,41.659355],[41.692702,41.662053],[41.688536,41.662053],[41.686453,41.659355],[41.688536,41.656657],[41.692702,41.656657],[41.694785,41.659355]]]}},{"type":"Feature","properties":{"id":"B1508","kind":"lake","core":true,"sea":false,"river":false,"stream":false,"lake":true},"geometry":{"type":"Polygon","coordinates":[[[41.694785,41.664751],[41.692702,41.667449],[41.688536,41.667449],[41.686453,41.664751],[41.688536,41.662053],[41.692702,41.662053],[41.694785,41.664751]]]}},{"type":"Feature","properties":{"id":"B1509","kind":"sea","core":true,"sea":true,"river":false,"stream":false,"lake":false},"geometry":{"type":"Polygon","coordinates":[[[41.694785,41.670147],[41.692702,41.672845],[41.688536,41.672845],[41.686453,41.670147],[41.688536,41.667449],[41.692702,41.667449],[41.694785,41.670147]]]}},{"type":"Feature","properties":{"id":"B1510","kind":"sea","core":true,"sea":true,"river":false,"stream":false,"lake":false},"geometry":{"type":"Polygon","coordinates":[[[41.694785,41.675543],[41.692702,41.678241],[41.688536,41.678241],[41.686453,41.675543],[41.688536,41.672845],[41.692702,41.672845],[41.694785,41.675543]]]}},{"type":"Feature","properties":{"id":"B1525","kind":"stream","core":true,"sea":false,"river":false,"stream":true,"lake":false},"geometry":{"type":"Polygon","coordinates":[[[41.701034,41.500175],[41.698951,41.502873],[41.694785,41.502873],[41.692702,41.500175],[41.694785,41.497477],[41.698951,41.497477],[41.701034,41.500175]]]}},{"type":"Feature","properties":{"id":"B1526","kind":"river","core":false,"sea":false,"river":false,"stream":false,"lake":false},"geometry":{"type":"Polygon","coordinates":[[[41.701034,41.505571],[41.698951,41.508269],[41.694785,41.508269],[41.692702,41.505571],[41.694785,41.502873],[41.698951,41.502873],[41.701034,41.505571]]]}},{"type":"Feature","properties":{"id":"B1527","kind":"river","core":false,"sea":false,"river":false,"stream":false,"lake":false},"geometry":{"type":"Polygon","coordinates":[[[41.701034,41.510967],[41.698951,41.513665],[41.694785,41.513665],[41.692702,41.510967],[41.694785,41.508269],[41.698951,41.508269],[41.701034,41.510967]]]}},{"type":"Feature","properties":{"id":"B1529","kind":"stream","core":true,"sea":false,"river":false,"stream":true,"lake":false},"geometry":{"type":"Polygon","coordinates":[[[41.701034,41.521759],[41.698951,41.524457],[41.694785,41.524457],[41.692702,41.521759],[41.694785,41.519061],[41.698951,41.519061],[41.701034,41.521759]]]}},{"type":"Feature","properties":{"id":"B1530","kind":"stream","core":true,"sea":false,"river":false,"stream":true,"lake":false},"geometry":{"type":"Polygon","coordinates":[[[41.701034,41.527155],[41.698951,41.529853],[41.694785,41.529853],[41.692702,41.527155],[41.694785,41.524457],[41.698951,41.524457],[41.701034,41.527155]]]}},{"type":"Feature","properties":{"id":"B1531","kind":"stream","core":true,"sea":false,"river":false,"stream":true,"lake":false},"geometry":{"type":"Polygon","coordinates":[[[41.701034,41.532551],[41.698951,41.535249],[41.694785,41.535249],[41.692702,41.532551],[41.694785,41.529853],[41.698951,41.529853],[41.701034,41.532551]]]}},{"type":"Feature","properties":{"id":"B1533","kind":"river","core":false,"sea":false,"river":false,"stream":false,"lake":false},"geometry":{"type":"Polygon","coordinates":[[[41.701034,41.543343],[41.698951,41.546041],[41.694785,41.546041],[41.692702,41.543343],[41.694785,41.540645],[41.698951,41.540645],[41.701034,41.543343]]]}},{"type":"Feature","properties":{"id":"B1534","kind":"river","core":true,"sea":false,"river":true,"stream":false,"lake":false},"geometry":{"type":"Polygon","coordinates":[[[41.701034,41.548739],[41.698951,41.551437],[41.694785,41.551437],[41.692702,41.548739],[41.694785,41.546041],[41.698951,41.546041],[41.701034,41.548739]]]}},{"type":"Feature","properties":{"id":"B1535","kind":"river","core":false,"sea":false,"river":false,"stream":false,"lake":false},"geometry":{"type":"Polygon","coordinates":[[[41.701034,41.554135],[41.698951,41.556833],[41.694785,41.556833],[41.692702,41.554135],[41.694785,41.551437],[41.698951,41.551437],[41.701034,41.554135]]]}},{"type":"Feature","properties":{"id":"B1536","kind":"river","core":false,"sea":false,"river":false,"stream":false,"lake":false},"geometry":{"type":"Polygon","coordinates":[[[41.701034,41.559531],[41.698951,41.562229],[41.694785,41.562229],[41.692702,41.559531],[41.694785,41.556833],[41.698951,41.556833],[41.701034,41.559531]]]}},{"type":"Feature","properties":{"id":"B1537","kind":"river","core":false,"sea":false,"river":false,"stream":false,"lake":false},"geometry":{"type":"Polygon","coordinates":[[[41.701034,41.564927],[41.698951,41.567624],[41.694785,41.567624],[41.692702,41.564927],[41.694785,41.562229],[41.698951,41.562229],[41.701034,41.564927]]]}},{"type":"Feature","properties":{"id":"B1538","kind":"river","core":true,"sea":false,"river":true,"stream":false,"lake":false},"geometry":{"type":"Polygon","coordinates":[[[41.701034,41.570322],[41.698951,41.57302],[41.694785,41.57302],[41.692702,41.570322],[41.694785,41.567624],[41.698951,41.567624],[41.701034,41.570322]]]}},{"type":"Feature","properties":{"id":"B1539","kind":"river","core":true,"sea":false,"river":true,"stream":false,"lake":false},"geometry":{"type":"Polygon","coordinates":[[[41.701034,41.575718],[41.698951,41.578416],[41.694785,41.578416],[41.692702,41.575718],[41.694785,41.57302],[41.698951,41.57302],[41.701034,41.575718]]]}},{"type":"Feature","properties":{"id":"B1540","kind":"river","core":false,"sea":false,"river":false,"stream":false,"lake":false},"geometry":{"type":"Polygon","coordinates":[[[41.701034,41.581114],[41.698951,41.583812],[41.694785,41.583812],[41.692702,41.581114],[41.694785,41.578416],[41.698951,41.578416],[41.701034,41.581114]]]}},{"type":"Feature","properties":{"id":"B1542","kind":"stream","core":true,"sea":false,"river":false,"stream":true,"lake":false},"geometry":{"type":"Polygon","coordinates":[[[41.701034,41.591906],[41.698951,41.594604],[41.694785,41.594604],[41.692702,41.591906],[41.694785,41.589208],[41.698951,41.589208],[41.701034,41.591906]]]}},{"type":"Feature","properties":{"id":"B1546","kind":"river","core":false,"sea":false,"river":false,"stream":false,"lake":false},"geometry":{"type":"Polygon","coordinates":[[[41.701034,41.61349],[41.698951,41.616188],[41.694785,41.616188],[41.692702,41.61349],[41.694785,41.610792],[41.698951,41.610792],[41.701034,41.61349]]]}},{"type":"Feature","properties":{"id":"B1547","kind":"river","core":true,"sea":false,"river":true,"stream":false,"lake":false},"geometry":{"type":"Polygon","coordinates":[[[41.701034,41.618886],[41.698951,41.621584],[41.694785,41.621584],[41.692702,41.618886],[41.694785,41.616188],[41.698951,41.616188],[41.701034,41.618886]]]}},{"type":"Feature","properties":{"id":"B1548","kind":"river","core":false,"sea":false,"river":false,"stream":false,"lake":false},"geometry":{"type":"Polygon","coordinates":[[[41.701034,41.624282],[41.698951,41.62698],[41.694785,41.62698],[41.692702,41.624282],[41.694785,41.621584],[41.698951,41.621584],[41.701034,41.624282]]]}},{"type":"Feature","properties":{"id":"B1552","kind":"stream","core":true,"sea":false,"river":false,"stream":true,"lake":false},"geometry":{"type":"Polygon","coordinates":[[[41.701034,41.645865],[41.698951,41.648563],[41.694785,41.648563],[41.692702,41.645865],[41.694785,41.643167],[41.698951,41.643167],[41.701034,41.645865]]]}},{"type":"Feature","properties":{"id":"B1553","kind":"river","core":true,"sea":false,"river":true,"stream":false,"lake":false},"geometry":{"type":"Polygon","coordinates":[[[41.701034,41.651261],[41.698951,41.653959],[41.694785,41.653959],[41.692702,41.651261],[41.694785,41.648563],[41.698951,41.648563],[41.701034,41.651261]]]}},{"type":"Feature","properties":{"id":"B1554","kind":"river","core":false,"sea":false,"river":false,"stream":false,"lake":false},"geometry":{"type":"Polygon","coordinates":[[[41.701034,41.656657],[41.698951,41.659355],[41.694785,41.659355],[41.692702,41.656657],[41.694785,41.653959],[41.698951,41.653959],[41.701034,41.656657]]]}},{"type":"Feature","properties":{"id":"B1555","kind":"river","core":false,"sea":false,"river":false,"stream":false,"lake":false},"geometry":{"type":"Polygon","coordinates":[[[41.701034,41.662053],[41.698951,41.664751],[41.694785,41.664751],[41.692702,41.662053],[41.694785,41.659355],[41.698951,41.659355],[41.701034,41.662053]]]}},{"type":"Feature","properties":{"id":"B1558","kind":"sea","core":true,"sea":true,"river":false,"stream":true,"lake":false},"geometry":{"type":"Polygon","coordinates":[[[41.701034,41.678241],[41.698951,41.680939],[41.694785,41.680939],[41.692702,41.678241],[41.694785,41.675543],[41.698951,41.675543],[41.701034,41.678241]]]}},{"type":"Feature","properties":{"id":"B1559","kind":"sea","core":true,"sea":true,"river":false,"stream":false,"lake":false},"geometry":{"type":"Polygon","coordinates":[[[41.701034,41.683637],[41.698951,41.686335],[41.694785,41.686335],[41.692702,41.683637],[41.694785,41.680939],[41.698951,41.680939],[41.701034,41.683637]]]}},{"type":"Feature","properties":{"id":"B1568","kind":"river","core":false,"sea":false,"river":false,"stream":false,"lake":false},"geometry":{"type":"Polygon","coordinates":[[[41.707283,41.475894],[41.7052,41.478592],[41.701034,41.478592],[41.698951,41.475894],[41.701034,41.473196],[41.7052,41.473196],[41.707283,41.475894]]]}},{"type":"Feature","properties":{"id":"B1569","kind":"river","core":false,"sea":false,"river":false,"stream":false,"lake":false},"geometry":{"type":"Polygon","coordinates":[[[41.707283,41.48129],[41.7052,41.483988],[41.701034,41.483988],[41.698951,41.48129],[41.701034,41.478592],[41.7052,41.478592],[41.707283,41.48129]]]}},{"type":"Feature","properties":{"id":"B1572","kind":"stream","core":true,"sea":false,"river":false,"stream":true,"lake":false},"geometry":{"type":"Polygon","coordinates":[[[41.707283,41.497477],[41.7052,41.500175],[41.701034,41.500175],[41.698951,41.497477],[41.701034,41.49478],[41.7052,41.49478],[41.707283,41.497477]]]}},{"type":"Feature","properties":{"id":"B1573","kind":"river","core":false,"sea":false,"river":false,"stream":false,"lake":false},"geometry":{"type":"Polygon","coordinates":[[[41.707283,41.502873],[41.7052,41.505571],[41.701034,41.505571],[41.698951,41.502873],[41.701034,41.500175],[41.7052,41.500175],[41.707283,41.502873]]]}},{"type":"Feature","properties":{"id":"B1574","kind":"river","core":true,"sea":false,"river":true,"stream":false,"lake":false},"geometry":{"type":"Polygon","coordinates":[[[41.707283,41.508269],[41.7052,41.510967],[41.701034,41.510967],[41.698951,41.508269],[41.701034,41.505571],[41.7052,41.505571],[41.707283,41.508269]]]}},{"type":"Feature","properties":{"id":"B1575","kind":"river","core":false,"sea":false,"river":false,"stream":false,"lake":false},"geometry":{"type":"Polygon","coordinates":[[[41.707283,41.513665],[41.7052,41.516363],[41.701034,41.516363],[41.698951,41.513665],[41.701034,41.510967],[41.7052,41.510967],[41.707283,41.513665]]]}},{"type":"Feature","properties":{"id":"B1576","kind":"river","core":false,"sea":false,"river":false,"stream":false,"lake":false},"geometry":{"type":"Polygon","coordinates":[[[41.707283,41.519061],[41.7052,41.521759],[41.701034,41.521759],[41.698951,41.519061],[41.701034,41.516363],[41.7052,41.516363],[41.707283,41.519061]]]}},{"type":"Feature","properties":{"id":"B1577","kind":"stream","core":true,"sea":false,"river":false,"stream":true,"lake":false},"geometry":{"type":"Polygon","coordinates":[[[41.707283,41.524457],[41.7052,41.527155],[41.701034,41.527155],[41.698951,41.524457],[41.701034,41.521759],[41.7052,41.521759],[41.707283,41.524457]]]}},{"type":"Feature","properties":{"id":"B1578","kind":"stream","core":true,"sea":false,"river":false,"stream":true,"lake":false},"geometry":{"type":"Polygon","coordinates":[[[41.707283,41.529853],[41.7052,41.532551],[41.701034,41.532551],[41.698951,41.529853],[41.701034,41.527155],[41.7052,41.527155],[41.707283,41.529853]]]}},{"type":"Feature","properties":{"id":"B1580","kind":"river","core":false,"sea":false,"river":false,"stream":false,"lake":false},"geometry":{"type":"Polygon","coordinates":[[[41.707283,41.540645],[41.7052,41.543343],[41.701034,41.543343],[41.698951,41.540645],[41.701034,41.537947],[41.7052,41.537947],[41.707283,41.540645]]]}},{"type":"Feature","properties":{"id":"B1581","kind":"river","core":true,"sea":false,"river":true,"stream":false,"lake":false},"geometry":{"type":"Polygon","coordinates":[[[41.707283,41.546041],[41.7052,41.548739],[41.701034,41.548739],[41.698951,41.546041],[41.701034,41.543343],[41.7052,41.543343],[41.707283,41.546041]]]}},{"type":"Feature","properties":{"id":"B1582","kind":"river","core":true,"sea":false,"river":true,"stream":false,"lake":false},"geometry":{"type":"Polygon","coordinates":[[[41.707283,41.551437],[41.7052,41.554135],[41.701034,41.554135],[41.698951,41.551437],[41.701034,41.548739],[41.7052,41.548739],[41.707283,41.551437]]]}},{"type":"Feature","properties":{"id":"B1583","kind":"river","core":false,"sea":false,"river":false,"stream":false,"lake":false},"geometry":{"type":"Polygon","coordinates":[[[41.707283,41.556833],[41.7052,41.559531],[41.701034,41.559531],[41.698951,41.556833],[41.701034,41.554135],[41.7052,41.554135],[41.707283,41.556833]]]}},{"type":"Feature","properties":{"id":"B1585","kind":"river","core":false,"sea":false,"river":false,"stream":false,"lake":false},"geometry":{"type":"Polygon","coordinates":[[[41.707283,41.567624],[41.7052,41.570322],[41.701034,41.570322],[41.698951,41.567624],[41.701034,41.564927],[41.7052,41.564927],[41.707283,41.567624]]]}},{"type":"Feature","properties":{"id":"B1586","kind":"river","core":true,"sea":false,"river":true,"stream":false,"lake":false},"geometry":{"type":"Polygon","coordinates":[[[41.707283,41.57302],[41.7052,41.575718],[41.701034,41.575718],[41.698951,41.57302],[41.701034,41.570322],[41.7052,41.570322],[41.707283,41.57302]]]}},{"type":"Feature","properties":{"id":"B1587","kind":"river","core":false,"sea":false,"river":false,"stream":false,"lake":false},"geometry":{"type":"Polygon","coordinates":[[[41.707283,41.578416],[41.7052,41.581114],[41.701034,41.581114],[41.698951,41.578416],[41.701034,41.575718],[41.7052,41.575718],[41.707283,41.578416]]]}},{"type":"Feature","properties":{"id":"B1593","kind":"river","core":false,"sea":false,"river":false,"stream":false,"lake":false},"geometry":{"type":"Polygon","coordinates":[[[41.707283,41.610792],[41.7052,41.61349],[41.701034,41.61349],[41.698951,41.610792],[41.701034,41.608094],[41.7052,41.608094],[41.707283,41.610792]]]}},{"type":"Feature","properties":{"id":"B1594","kind":"river","core":true,"sea":false,"river":true,"stream":false,"lake":false},"geometry":{"type":"Polygon","coordinates":[[[41.707283,41.616188],[41.7052,41.618886],[41.701034,41.618886],[41.698951,41.616188],[41.701034,41.61349],[41.7052,41.61349],[41.707283,41.616188]]]}},{"type":"Feature","properties":{"id":"B1595","kind":"river","core":false,"sea":false,"river":false,"stream":false,"lake":false},"geometry":{"type":"Polygon","coordinates":[[[41.707283,41.621584],[41.7052,41.624282],[41.701034,41.624282],[41.698951,41.621584],[41.701034,41.618886],[41.7052,41.618886],[41.707283,41.621584]]]}},{"type":"Feature","properties":{"id":"B1597","kind":"stream","core":true,"sea":false,"river":false,"stream":true,"lake":false},"geometry":{"type":"Polygon","coordinates":[[[41.707283,41.632376],[41.7052,41.635073],[41.701034,41.635073],[41.698951,41.632376],[41.701034,41.629678],[41.7052,41.629678],[41.707283,41.632376]]]}},{"type":"Feature","properties":{"id":"B1598","kind":"stream","core":true,"sea":false,"river":false,"stream":true,"lake":false},"geometry":{"type":"Polygon","coordinates":[[[41.707283,41.637771],[41.7052,41.640469],[41.701034,41.640469],[41.698951,41.637771],[41.701034,41.635073],[41.7052,41.635073],[41.707283,41.637771]]]}},{"type":"Feature","properties":{"id":"B1599","kind":"stream","core":true,"sea":false,"river":false,"stream":true,"lake":false},"geometry":{"type":"Polygon","coordinates":[[[41.707283,41.643167],[41.7052,41.645865],[41.701034,41.645865],[41.698951,41.643167],[41.701034,41.640469],[41.7052,41.640469],[41.707283,41.643167]]]}},{"type":"Feature","properties":{"id":"B1600","kind":"river","core":true,"sea":false,"river":true,"stream":false,"lake":false},"geometry":{"type":"Polygon","coordinates":[[[41.707283,41.648563],[41.7052,41.651261],[41.701034,41.651261],[41.698951,41.648563],[41.701034,41.645865],[41.7052,41.645865],[41.707283,41.648563]]]}},{"type":"Feature","properties":{"id":"B1601","kind":"river","core":true,"sea":false,"river":true,"stream":false,"lake":false},"geometry":{"type":"Polygon","coordinates":[[[41.707283,41.653959],[41.7052,41.656657],[41.701034,41.656657],[41.698951,41.653959],[41.701034,41.651261],[41.7052,41.651261],[41.707283,41.653959]]]}},{"type":"Feature","properties":{"id":"B1602","kind":"river","core":false,"sea":false,"river":false,"stream":false,"lake":false},"geometry":{"type":"Polygon","coordinates":[[[41.707283,41.659355],[41.7052,41.662053],[41.701034,41.662053],[41.698951,41.659355],[41.701034,41.656657],[41.7052,41.656657],[41.707283,41.659355]]]}},{"type":"Feature","properties":{"id":"B1604","kind":"stream","core":true,"sea":false,"river":false,"stream":true,"lake":false},"geometry":{"type":"Polygon","coordinates":[[[41.707283,41.670147],[41.7052,41.672845],[41.701034,41.672845],[41.698951,41.670147],[41.701034,41.667449],[41.7052,41.667449],[41.707283,41.670147]]]}},{"type":"Feature","properties":{"id":"B1605","kind":"stream","core":true,"sea":false,"river":false,"stream":true,"lake":false},"geometry":{"type":"Polygon","coordinates":[[[41.707283,41.675543],[41.7052,41.678241],[41.701034,41.678241],[41.698951,41.675543],[41.701034,41.672845],[41.7052,41.672845],[41.707283,41.675543]]]}},{"type":"Feature","properties":{"id":"B1607","kind":"sea","core":true,"sea":true,"river":false,"stream":true,"lake":false},"geometry":{"type":"Polygon","coordinates":[[[41.707283,41.686335],[41.7052,41.689033],[41.701034,41.689033],[41.698951,41.686335],[41.701034,41.683637],[41.7052,41.683637],[41.707283,41.686335]]]}},{"type":"Feature","properties":{"id":"B1608","kind":"sea","core":true,"sea":true,"river":false,"stream":false,"lake":true},"geometry":{"type":"Polygon","coordinates":[[[41.707283,41.691731],[41.7052,41.694429],[41.701034,41.694429],[41.698951,41.691731],[41.701034,41.689033],[41.7052,41.689033],[41.707283,41.691731]]]}},{"type":"Feature","properties":{"id":"B1615","kind":"river","core":false,"sea":false,"river":false,"stream":false,"lake":false},"geometry":{"type":"Polygon","coordinates":[[[41.713532,41.473196],[41.711449,41.475894],[41.707283,41.475894],[41.7052,41.473196],[41.707283,41.470498],[41.711449,41.470498],[41.713532,41.473196]]]}},{"type":"Feature","properties":{"id":"B1616","kind":"river","core":true,"sea":false,"river":true,"stream":false,"lake":false},"geometry":{"type":"Polygon","coordinates":[[[41.713532,41.478592],[41.711449,41.48129],[41.707283,41.48129],[41.7052,41.478592],[41.707283,41.475894],[41.711449,41.475894],[41.713532,41.478592]]]}},{"type":"Feature","properties":{"id":"B1617","kind":"river","core":false,"sea":false,"river":false,"stream":false,"lake":false},"geometry":{"type":"Polygon","coordinates":[[[41.713532,41.483988],[41.711449,41.486686],[41.707283,41.486686],[41.7052,41.483988],[41.707283,41.48129],[41.711449,41.48129],[41.713532,41.483988]]]}},{"type":"Feature","properties":{"id":"B1618","kind":"river","core":false,"sea":false,"river":false,"stream":false,"lake":false},"geometry":{"type":"Polygon","coordinates":[[[41.713532,41.489384],[41.711449,41.492082],[41.707283,41.492082],[41.7052,41.489384],[41.707283,41.486686],[41.711449,41.486686],[41.713532,41.489384]]]}},{"type":"Feature","properties":{"id":"B1619","kind":"river","core":false,"sea":false,"river":false,"stream":false,"lake":false},"geometry":{"type":"Polygon","coordinates":[[[41.713532,41.49478],[41.711449,41.497477],[41.707283,41.497477],[41.7052,41.49478],[41.707283,41.492082],[41.711449,41.492082],[41.713532,41.49478]]]}},{"type":"Feature","properties":{"id":"B1620","kind":"river","core":true,"sea":false,"river":true,"stream":true,"lake":false},"geometry":{"type":"Polygon","coordinates":[[[41.713532,41.500175],[41.711449,41.502873],[41.707283,41.502873],[41.7052,41.500175],[41.707283,41.497477],[41.711449,41.497477],[41.713532,41.500175]]]}},{"type":"Feature","properties":{"id":"B1621","kind":"river","core":true,"sea":false,"river":true,"stream":false,"lake":false},"geometry":{"type":"Polygon","coordinates":[[[41.713532,41.505571],[41.711449,41.508269],[41.707283,41.508269],[41.7052,41.505571],[41.707283,41.502873],[41.711449,41.502873],[41.713532,41.505571]]]}},{"type":"Feature","properties":{"id":"B1622","kind":"river","core":true,"sea":false,"river":true,"stream":false,"lake":false},"geometry":{"type":"Polygon","coordinates":[[[41.713532,41.510967],[41.711449,41.513665],[41.707283,41.513665],[41.7052,41.510967],[41.707283,41.508269],[41.711449,41.508269],[41.713532,41.510967]]]}},{"type":"Feature","properties":{"id":"B1623","kind":"river","core":true,"sea":false,"river":true,"stream":false,"lake":false},"geometry":{"type":"Polygon","coordinates":[[[41.713532,41.516363],[41.711449,41.519061],[41.707283,41.519061],[41.7052,41.516363],[41.707283,41.513665],[41.711449,41.513665],[41.713532,41.516363]]]}},{"type":"Feature","properties":{"id":"B1624","kind":"river","core":false,"sea":false,"river":false,"stream":false,"lake":false},"geometry":{"type":"Polygon","coordinates":[[[41.713532,41.521759],[41.711449,41.524457],[41.707283,41.524457],[41.7052,41.521759],[41.707283,41.519061],[41.711449,41.519061],[41.713532,41.521759]]]}},{"type":"Feature","properties":{"id":"B1625","kind":"stream","core":true,"sea":false,"river":false,"stream":true,"lake":false},"geometry":{"type":"Polygon","coordinates":[[[41.713532,41.527155],[41.711449,41.529853],[41.707283,41.529853],[41.7052,41.527155],[41.707283,41.524457],[41.711449,41.524457],[41.713532,41.527155]]]}},{"type":"Feature","properties":{"id":"B1626","kind":"stream","core":true,"sea":false,"river":false,"stream":true,"lake":false},"geometry":{"type":"Polygon","coordinates":[[[41.713532,41.532551],[41.711449,41.535249],[41.707283,41.535249],[41.7052,41.532551],[41.707283,41.529853],[41.711449,41.529853],[41.713532,41.532551]]]}},{"type":"Feature","properties":{"id":"B1627","kind":"river","core":false,"sea":false,"river":false,"stream":false,"lake":false},"geometry":{"type":"Polygon","coordinates":[[[41.713532,41.537947],[41.711449,41.540645],[41.707283,41.540645],[41.7052,41.537947],[41.707283,41.535249],[41.711449,41.535249],[41.713532,41.537947]]]}},{"type":"Feature","properties":{"id":"B1628","kind":"river","core":true,"sea":false,"river":true,"stream":false,"lake":false},"geometry":{"type":"Polygon","coordinates":[[[41.713532,41.543343],[41.711449,41.546041],[41.707283,41.546041],[41.7052,41.543343],[41.707283,41.540645],[41.711449,41.540645],[41.713532,41.543343]]]}},{"type":"Feature","properties":{"id":"B1629","kind":"river","core":true,"sea":false,"river":true,"stream":false,"lake":false},"geometry":{"type":"Polygon","coordinates":[[[41.713532,41.548739],[41.711449,41.551437],[41.707283,41.551437],[41.7052,41.548739],[41.707283,41.546041],[41.711449,41.546041],[41.713532,41.548739]]]}},{"type":"Feature","properties":{"id":"B1630","kind":"river","core":false,"sea":false,"river":false,"stream":false,"lake":false},"geometry":{"type":"Polygon","coordinates":[[[41.713532,41.554135],[41.711449,41.556833],[41.707283,41.556833],[41.7052,41.554135],[41.707283,41.551437],[41.711449,41.551437],[41.713532,41.554135]]]}},{"type":"Feature","properties":{"id":"B1633","kind":"river","core":false,"sea":false,"river":false,"stream":false,"lake":false},"geometry":{"type":"Polygon","coordinates":[[[41.713532,41.570322],[41.711449,41.57302],[41.707283,41.57302],[41.7052,41.570322],[41.707283,41.567624],[41.711449,41.567624],[41.713532,41.570322]]]}},{"type":"Feature","properties":{"id":"B1634","kind":"river","core":true,"sea":false,"river":true,"stream":false,"lake":false},"geometry":{"type":"Polygon","coordinates":[[[41.713532,41.575718],[41.711449,41.578416],[41.707283,41.578416],[41.7052,41.575718],[41.707283,41.57302],[41.711449,41.57302],[41.713532,41.575718]]]}},{"type":"Feature","properties":{"id":"B1635","kind":"stream","core":true,"sea":false,"river":false,"stream":true,"lake":false},"geometry":{"type":"Polygon","coordinates":[[[41.713532,41.581114],[41.711449,41.583812],[41.707283,41.583812],[41.7052,41.581114],[41.707283,41.578416],[41.711449,41.578416],[41.713532,41.581114]]]}},{"type":"Feature","properties":{"id":"B1641","kind":"river","core":false,"sea":false,"river":false,"stream":false,"lake":false},"geometry":{"type":"Polygon","coordinates":[[[41.713532,41.61349],[41.711449,41.616188],[41.707283,41.616188],[41.7052,41.61349],[41.707283,41.610792],[41.711449,41.610792],[41.713532,41.61349]]]}},{"type":"Feature","properties":{"id":"B1642","kind":"river","core":true,"sea":false,"river":true,"stream":false,"lake":false},"geometry":{"type":"Polygon","coordinates":[[[41.713532,41.618886],[41.711449,41.621584],[41.707283,41.621584],[41.7052,41.618886],[41.707283,41.616188],[41.711449,41.616188],[41.713532,41.618886]]]}},{"type":"Feature","properties":{"id":"B1643","kind":"river","core":false,"sea":false,"river":false,"stream":false,"lake":false},"geometry":{"type":"Polygon","coordinates":[[[41.713532,41.624282],[41.711449,41.62698],[41.707283,41.62698],[41.7052,41.624282],[41.707283,41.621584],[41.711449,41.621584],[41.713532,41.624282]]]}},{"type":"Feature","properties":{"id":"B1647","kind":"river","core":false,"sea":false,"river":false,"stream":false,"lake":false},"geometry":{"type":"Polygon","coordinates":[[[41.713532,41.645865],[41.711449,41.648563],[41.707283,41.648563],[41.7052,41.645865],[41.707283,41.643167],[41.711449,41.643167],[41.713532,41.645865]]]}},{"type":"Feature","properties":{"id":"B1648","kind":"river","core":true,"sea":false,"river":true,"stream":false,"lake":false},"geometry":{"type":"Polygon","coordinates":[[[41.713532,41.651261],[41.711449,41.653959],[41.707283,41.653959],[41.7052,41.651261],[41.707283,41.648563],[41.711449,41.648563],[41.713532,41.651261]]]}},{"type":"Feature","properties":{"id":"B1649","kind":"river","core":false,"sea":false,"river":false,"stream":false,"lake":false},"geometry":{"type":"Polygon","coordinates":[[[41.713532,41.656657],[41.711449,41.659355],[41.707283,41.659355],[41.7052,41.656657],[41.707283,41.653959],[41.711449,41.653959],[41.713532,41.656657]]]}},{"type":"Feature","properties":{"id":"B1651","kind":"stream","core":true,"sea":false,"river":false,"stream":true,"lake":false},"geometry":{"type":"Polygon","coordinates":[[[41.713532,41.667449],[41.711449,41.670147],[41.707283,41.670147],[41.7052,41.667449],[41.707283,41.664751],[41.711449,41.664751],[41.713532,41.667449]]]}},{"type":"Feature","properties":{"id":"B1654","kind":"lake","core":true,"sea":false,"river":false,"stream":true,"lake":true},"geometry":{"type":"Polygon","coordinates":[[[41.713532,41.683637],[41.711449,41.686335],[41.707283,41.686335],[41.7052,41.683637],[41.707283,41.680939],[41.711449,41.680939],[41.713532,41.683637]]]}},{"type":"Feature","properties":{"id":"B1655","kind":"stream","core":true,"sea":false,"river":false,"stream":true,"lake":false},"geometry":{"type":"Polygon","coordinates":[[[41.713532,41.689033],[41.711449,41.691731],[41.707283,41.691731],[41.7052,41.689033],[41.707283,41.686335],[41.711449,41.686335],[41.713532,41.689033]]]}},{"type":"Feature","properties":{"id":"B1656","kind":"sea","core":true,"sea":true,"river":false,"stream":false,"lake":false},"geometry":{"type":"Polygon","coordinates":[[[41.713532,41.694429],[41.711449,41.697127],[41.707283,41.697127],[41.7052,41.694429],[41.707283,41.691731],[41.711449,41.691731],[41.713532,41.694429]]]}},{"type":"Feature","properties":{"id":"B1657","kind":"sea","core":true,"sea":true,"river":false,"stream":false,"lake":false},"geometry":{"type":"Polygon","coordinates":[[[41.713532,41.699825],[41.711449,41.702523],[41.707283,41.702523],[41.7052,41.699825],[41.707283,41.697127],[41.711449,41.697127],[41.713532,41.699825]]]}},{"type":"Feature","properties":{"id":"B1663","kind":"river","core":true,"sea":false,"river":true,"stream":false,"lake":false},"geometry":{"type":"Polygon","coordinates":[[[41.719781,41.475894],[41.717698,41.478592],[41.713532,41.478592],[41.711449,41.475894],[41.713532,41.473196],[41.717698,41.473196],[41.719781,41.475894]]]}},{"type":"Feature","properties":{"id":"B1664","kind":"river","core":true,"sea":false,"river":true,"stream":false,"lake":false},"geometry":{"type":"Polygon","coordinates":[[[41.719781,41.48129],[41.717698,41.483988],[41.713532,41.483988],[41.711449,41.48129],[41.713532,41.478592],[41.717698,41.478592],[41.719781,41.48129]]]}},{"type":"Feature","properties":{"id":"B1665","kind":"river","core":true,"sea":false,"river":true,"stream":true,"lake":false},"geometry":{"type":"Polygon","coordinates":[[[41.719781,41.486686],[41.717698,41.489384],[41.713532,41.489384],[41.711449,41.486686],[41.713532,41.483988],[41.717698,41.483988],[41.719781,41.486686]]]}},{"type":"Feature","properties":{"id":"B1666","kind":"river","core":true,"sea":false,"river":true,"stream":true,"lake":false},"geometry":{"type":"Polygon","coordinates":[[[41.719781,41.492082],[41.717698,41.49478],[41.713532,41.49478],[41.711449,41.492082],[41.713532,41.489384],[41.717698,41.489384],[41.719781,41.492082]]]}},{"type":"Feature","properties":{"id":"B1667","kind":"river","core":true,"sea":false,"river":true,"stream":false,"lake":false},"geometry":{"type":"Polygon","coordinates":[[[41.719781,41.497477],[41.717698,41.500175],[41.713532,41.500175],[41.711449,41.497477],[41.713532,41.49478],[41.717698,41.49478],[41.719781,41.497477]]]}},{"type":"Feature","properties":{"id":"B1668","kind":"river","core":true,"sea":false,"river":true,"stream":true,"lake":false},"geometry":{"type":"Polygon","coordinates":[[[41.719781,41.502873],[41.717698,41.505571],[41.713532,41.505571],[41.711449,41.502873],[41.713532,41.500175],[41.717698,41.500175],[41.719781,41.502873]]]}},{"type":"Feature","properties":{"id":"B1669","kind":"river","core":false,"sea":false,"river":false,"stream":false,"lake":false},"geometry":{"type":"Polygon","coordinates":[[[41.719781,41.508269],[41.717698,41.510967],[41.713532,41.510967],[41.711449,41.508269],[41.713532,41.505571],[41.717698,41.505571],[41.719781,41.508269]]]}},{"type":"Feature","properties":{"id":"B1670","kind":"river","core":true,"sea":false,"river":true,"stream":false,"lake":false},"geometry":{"type":"Polygon","coordinates":[[[41.719781,41.513665],[41.717698,41.516363],[41.713532,41.516363],[41.711449,41.513665],[41.713532,41.510967],[41.717698,41.510967],[41.719781,41.513665]]]}},{"type":"Feature","properties":{"id":"B1671","kind":"river","core":true,"sea":false,"river":true,"stream":false,"lake":false},"geometry":{"type":"Polygon","coordinates":[[[41.719781,41.519061],[41.717698,41.521759],[41.713532,41.521759],[41.711449,41.519061],[41.713532,41.516363],[41.717698,41.516363],[41.719781,41.519061]]]}},{"type":"Feature","properties":{"id":"B1672","kind":"river","core":false,"sea":false,"river":false,"stream":false,"lake":false},"geometry":{"type":"Polygon","coordinates":[[[41.719781,41.524457],[41.717698,41.527155],[41.713532,41.527155],[41.711449,41.524457],[41.713532,41.521759],[41.717698,41.521759],[41.719781,41.524457]]]}},{"type":"Feature","properties":{"id":"B1673","kind":"river","core":true,"sea":false,"river":true,"stream":true,"lake":false},"geometry":{"type":"Polygon","coordinates":[[[41.719781,41.529853],[41.717698,41.532551],[41.713532,41.532551],[41.711449,41.529853],[41.713532,41.527155],[41.717698,41.527155],[41.719781,41.529853]]]}},{"type":"Feature","properties":{"id":"B1674","kind":"river","core":true,"sea":false,"river":true,"stream":false,"lake":false},"geometry":{"type":"Polygon","coordinates":[[[41.719781,41.535249],[41.717698,41.537947],[41.713532,41.537947],[41.711449,41.535249],[41.713532,41.532551],[41.717698,41.532551],[41.719781,41.535249]]]}},{"type":"Feature","properties":{"id":"B1675","kind":"river","core":true,"sea":false,"river":true,"stream":false,"lake":false},"geometry":{"type":"Polygon","coordinates":[[[41.719781,41.540645],[41.717698,41.543343],[41.713532,41.543343],[41.711449,41.540645],[41.713532,41.537947],[41.717698,41.537947],[41.719781,41.540645]]]}},{"type":"Feature","properties":{"id":"B1676","kind":"river","core":true,"sea":false,"river":true,"stream":false,"lake":false},"geometry":{"type":"Polygon","coordinates":[[[41.719781,41.546041],[41.717698,41.548739],[41.713532,41.548739],[41.711449,41.546041],[41.713532,41.543343],[41.717698,41.543343],[41.719781,41.546041]]]}},{"type":"Feature","properties":{"id":"B1677","kind":"river","core":false,"sea":false,"river":false,"stream":false,"lake":false},"geometry":{"type":"Polygon","coordinates":[[[41.719781,41.551437],[41.717698,41.554135],[41.713532,41.554135],[41.711449,41.551437],[41.713532,41.548739],[41.717698,41.548739],[41.719781,41.551437]]]}},{"type":"Feature","properties":{"id":"B1681","kind":"river","core":false,"sea":false,"river":false,"stream":false,"lake":false},"geometry":{"type":"Polygon","coordinates":[[[41.719781,41.57302],[41.717698,41.575718],[41.713532,41.575718],[41.711449,41.57302],[41.713532,41.570322],[41.717698,41.570322],[41.719781,41.57302]]]}},{"type":"Feature","properties":{"id":"B1682","kind":"river","core":true,"sea":false,"river":true,"stream":true,"lake":false},"geometry":{"type":"Polygon","coordinates":[[[41.719781,41.578416],[41.717698,41.581114],[41.713532,41.581114],[41.711449,41.578416],[41.713532,41.575718],[41.717698,41.575718],[41.719781,41.578416]]]}},{"type":"Feature","properties":{"id":"B1683","kind":"stream","core":true,"sea":false,"river":false,"stream":true,"lake":false},"geometry":{"type":"Polygon","coordinates":[[[41.719781,41.583812],[41.717698,41.58651],[41.713532,41.58651],[41.711449,41.583812],[41.713532,41.581114],[41.717698,41.581114],[41.719781,41.583812]]]}},{"type":"Feature","properties":{"id":"B1688","kind":"river","core":false,"sea":false,"river":false,"stream":false,"lake":false},"geometry":{"type":"Polygon","coordinates":[[[41.719781,41.610792],[41.717698,41.61349],[41.713532,41.61349],[41.711449,41.610792],[41.713532,41.608094],[41.717698,41.608094],[41.719781,41.610792]]]}},{"type":"Feature","properties":{"id":"B1689","kind":"river","core":true,"sea":false,"river":true,"stream":false,"lake":false},"geometry":{"type":"Polygon","coordinates":[[[41.719781,41.616188],[41.717698,41.618886],[41.713532,41.618886],[41.711449,41.616188],[41.713532,41.61349],[41.717698,41.61349],[41.719781,41.616188]]]}},{"type":"Feature","properties":{"id":"B1690","kind":"river","core":false,"sea":false,"river":false,"stream":false,"lake":false},"geometry":{"type":"Polygon","coordinates":[[[41.719781,41.621584],[41.717698,41.624282],[41.713532,41.624282],[41.711449,41.621584],[41.713532,41.618886],[41.717698,41.618886],[41.719781,41.621584]]]}},{"type":"Feature","properties":{"id":"B1691","kind":"river","core":false,"sea":false,"river":false,"stream":false,"lake":false},"geometry":{"type":"Polygon","coordinates":[[[41.719781,41.62698],[41.717698,41.629678],[41.713532,41.629678],[41.711449,41.62698],[41.713532,41.624282],[41.717698,41.624282],[41.719781,41.62698]]]}},{"type":"Feature","properties":{"id":"B1692","kind":"river","core":false,"sea":false,"river":false,"stream":false,"lake":false},"geometry":{"type":"Polygon","coordinates":[[[41.719781,41.632376],[41.717698,41.635073],[41.713532,41.635073],[41.711449,41.632376],[41.713532,41.629678],[41.717698,41.629678],[41.719781,41.632376]]]}},{"type":"Feature","properties":{"id":"B1693","kind":"river","core":false,"sea":false,"river":false,"stream":false,"lake":false},"geometry":{"type":"Polygon","coordinates":[[[41.719781,41.637771],[41.717698,41.640469],[41.713532,41.640469],[41.711449,41.637771],[41.713532,41.635073],[41.717698,41.635073],[41.719781,41.637771]]]}},{"type":"Feature","properties":{"id":"B1694","kind":"river","core":false,"sea":false,"river":false,"stream":false,"lake":false},"geometry":{"type":"Polygon","coordinates":[[[41.719781,41.643167],[41.717698,41.645865],[41.713532,41.645865],[41.711449,41.643167],[41.713532,41.640469],[41.717698,41.640469],[41.719781,41.643167]]]}},{"type":"Feature","properties":{"id":"B1695","kind":"river","core":true,"sea":false,"river":true,"stream":true,"lake":false},"geometry":{"type":"Polygon","coordinates":[[[41.719781,41.648563],[41.717698,41.651261],[41.713532,41.651261],[41.711449,41.648563],[41.713532,41.645865],[41.717698,41.645865],[41.719781,41.648563]]]}},{"type":"Feature","properties":{"id":"B1696","kind":"river","core":false,"sea":false,"river":false,"stream":false,"lake":false},"geometry":{"type":"Polygon","coordinates":[[[41.719781,41.653959],[41.717698,41.656657],[41.713532,41.656657],[41.711449,41.653959],[41.713532,41.651261],[41.717698,41.651261],[41.719781,41.653959]]]}},{"type":"Feature","properties":{"id":"B1702","kind":"stream","core":true,"sea":false,"river":false,"stream":true,"lake":false},"geometry":{"type":"Polygon","coordinates":[[[41.719781,41.686335],[41.717698,41.689033],[41.713532,41.689033],[41.711449,41.686335],[41.713532,41.683637],[41.717698,41.683637],[41.719781,41.686335]]]}},{"type":"Feature","properties":{"id":"B1703","kind":"stream","core":true,"sea":false,"river":false,"stream":true,"lake":false},"geometry":{"type":"Polygon","coordinates":[[[41.719781,41.691731],[41.717698,41.694429],[41.713532,41.694429],[41.711449,41.691731],[41.713532,41.689033],[41.717698,41.689033],[41.719781,41.691731]]]}},{"type":"Feature","properties":{"id":"B1704","kind":"sea","core":true,"sea":true,"river":false,"stream":true,"lake":true},"geometry":{"type":"Polygon","coordinates":[[[41.719781,41.697127],[41.717698,41.699825],[41.713532,41.699825],[41.711449,41.697127],[41.713532,41.694429],[41.717698,41.694429],[41.719781,41.697127]]]}},{"type":"Feature","properties":{"id":"B1705","kind":"sea","core":true,"sea":true,"river":false,"stream":false,"lake":false},"geometry":{"type":"Polygon","coordinates":[[[41.719781,41.702523],[41.717698,41.70522],[41.713532,41.70522],[41.711449,41.702523],[41.713532,41.699825],[41.717698,41.699825],[41.719781,41.702523]]]}},{"type":"Feature","properties":{"id":"B1706","kind":"sea","core":true,"sea":true,"river":false,"stream":true,"lake":false},"geometry":{"type":"Polygon","coordinates":[[[41.719781,41.707918],[41.717698,41.710616],[41.713532,41.710616],[41.711449,41.707918],[41.713532,41.70522],[41.717698,41.70522],[41.719781,41.707918]]]}},{"type":"Feature","properties":{"id":"B1707","kind":"river","core":false,"sea":false,"river":false,"stream":false,"lake":false},"geometry":{"type":"Polygon","coordinates":[[[41.719781,41.713314],[41.717698,41.716012],[41.713532,41.716012],[41.711449,41.713314],[41.713532,41.710616],[41.717698,41.710616],[41.719781,41.713314]]]}},{"type":"Feature","properties":{"id":"B1708","kind":"river","core":false,"sea":false,"river":false,"stream":false,"lake":false},"geometry":{"type":"Polygon","coordinates":[[[41.719781,41.71871],[41.717698,41.721408],[41.713532,41.721408],[41.711449,41.71871],[41.713532,41.716012],[41.717698,41.716012],[41.719781,41.71871]]]}},{"type":"Feature","properties":{"id":"B1710","kind":"river","core":false,"sea":false,"river":false,"stream":false,"lake":false},"geometry":{"type":"Polygon","coordinates":[[[41.72603,41.473196],[41.723947,41.475894],[41.719781,41.475894],[41.717698,41.473196],[41.719781,41.470498],[41.723947,41.470498],[41.72603,41.473196]]]}},{"type":"Feature","properties":{"id":"B1711","kind":"river","core":false,"sea":false,"river":false,"stream":false,"lake":false},"geometry":{"type":"Polygon","coordinates":[[[41.72603,41.478592],[41.723947,41.48129],[41.719781,41.48129],[41.717698,41.478592],[41.719781,41.475894],[41.723947,41.475894],[41.72603,41.478592]]]}},{"type":"Feature","properties":{"id":"B1712","kind":"stream","core":true,"sea":false,"river":false,"stream":true,"lake":false},"geometry":{"type":"Polygon","coordinates":[[[41.72603,41.483988],[41.723947,41.486686],[41.719781,41.486686],[41.717698,41.483988],[41.719781,41.48129],[41.723947,41.48129],[41.72603,41.483988]]]}},{"type":"Feature","properties":{"id":"B1713","kind":"stream","core":true,"sea":false,"river":false,"stream":true,"lake":false},"geometry":{"type":"Polygon","coordinates":[[[41.72603,41.489384],[41.723947,41.492082],[41.719781,41.492082],[41.717698,41.489384],[41.719781,41.486686],[41.723947,41.486686],[41.72603,41.489384]]]}},{"type":"Feature","properties":{"id":"B1714","kind":"river","core":false,"sea":false,"river":false,"stream":false,"lake":false},"geometry":{"type":"Polygon","coordinates":[[[41.72603,41.49478],[41.723947,41.497477],[41.719781,41.497477],[41.717698,41.49478],[41.719781,41.492082],[41.723947,41.492082],[41.72603,41.49478]]]}},{"type":"Feature","properties":{"id":"B1715","kind":"river","core":false,"sea":false,"river":false,"stream":false,"lake":false},"geometry":{"type":"Polygon","coordinates":[[[41.72603,41.500175],[41.723947,41.502873],[41.719781,41.502873],[41.717698,41.500175],[41.719781,41.497477],[41.723947,41.497477],[41.72603,41.500175]]]}},{"type":"Feature","properties":{"id":"B1716","kind":"river","core":false,"sea":false,"river":false,"stream":false,"lake":false},"geometry":{"type":"Polygon","coordinates":[[[41.72603,41.505571],[41.723947,41.508269],[41.719781,41.508269],[41.717698,41.505571],[41.719781,41.502873],[41.723947,41.502873],[41.72603,41.505571]]]}},{"type":"Feature","properties":{"id":"B1717","kind":"river","core":false,"sea":false,"river":false,"stream":false,"lake":false},"geometry":{"type":"Polygon","coordinates":[[[41.72603,41.510967],[41.723947,41.513665],[41.719781,41.513665],[41.717698,41.510967],[41.719781,41.508269],[41.723947,41.508269],[41.72603,41.510967]]]}},{"type":"Feature","properties":{"id":"B1718","kind":"river","core":true,"sea":false,"river":true,"stream":false,"lake":false},"geometry":{"type":"Polygon","coordinates":[[[41.72603,41.516363],[41.723947,41.519061],[41.719781,41.519061],[41.717698,41.516363],[41.719781,41.513665],[41.723947,41.513665],[41.72603,41.516363]]]}},{"type":"Feature","properties":{"id":"B1719","kind":"river","core":true,"sea":false,"river":true,"stream":false,"lake":false},"geometry":{"type":"Polygon","coordinates":[[[41.72603,41.521759],[41.723947,41.524457],[41.719781,41.524457],[41.717698,41.521759],[41.719781,41.519061],[41.723947,41.519061],[41.72603,41.521759]]]}},{"type":"Feature","properties":{"id":"B1720","kind":"river","core":true,"sea":false,"river":true,"stream":false,"lake":false},"geometry":{"type":"Polygon","coordinates":[[[41.72603,41.527155],[41.723947,41.529853],[41.719781,41.529853],[41.717698,41.527155],[41.719781,41.524457],[41.723947,41.524457],[41.72603,41.527155]]]}},{"type":"Feature","properties":{"id":"B1721","kind":"river","core":true,"sea":false,"river":true,"stream":false,"lake":false},"geometry":{"type":"Polygon","coordinates":[[[41.72603,41.532551],[41.723947,41.535249],[41.719781,41.535249],[41.717698,41.532551],[41.719781,41.529853],[41.723947,41.529853],[41.72603,41.532551]]]}},{"type":"Feature","properties":{"id":"B1722","kind":"river","core":true,"sea":false,"river":true,"stream":false,"lake":false},"geometry":{"type":"Polygon","coordinates":[[[41.72603,41.537947],[41.723947,41.540645],[41.719781,41.540645],[41.717698,41.537947],[41.719781,41.535249],[41.723947,41.535249],[41.72603,41.537947]]]}},{"type":"Feature","properties":{"id":"B1723","kind":"river","core":true,"sea":false,"river":true,"stream":false,"lake":false},"geometry":{"type":"Polygon","coordinates":[[[41.72603,41.543343],[41.723947,41.546041],[41.719781,41.546041],[41.717698,41.543343],[41.719781,41.540645],[41.723947,41.540645],[41.72603,41.543343]]]}},{"type":"Feature","properties":{"id":"B1724","kind":"river","core":false,"sea":false,"river":false,"stream":false,"lake":false},"geometry":{"type":"Polygon","coordinates":[[[41.72603,41.548739],[41.723947,41.551437],[41.719781,41.551437],[41.717698,41.548739],[41.719781,41.546041],[41.723947,41.546041],[41.72603,41.548739]]]}},{"type":"Feature","properties":{"id":"B1729","kind":"river","core":false,"sea":false,"river":false,"stream":false,"lake":false},"geometry":{"type":"Polygon","coordinates":[[[41.72603,41.575718],[41.723947,41.578416],[41.719781,41.578416],[41.717698,41.575718],[41.719781,41.57302],[41.723947,41.57302],[41.72603,41.575718]]]}},{"type":"Feature","properties":{"id":"B1730","kind":"river","core":false,"sea":false,"river":false,"stream":false,"lake":false},"geometry":{"type":"Polygon","coordinates":[[[41.72603,41.581114],[41.723947,41.583812],[41.719781,41.583812],[41.717698,41.581114],[41.719781,41.578416],[41.723947,41.578416],[41.72603,41.581114]]]}},{"type":"Feature","properties":{"id":"B1731","kind":"stream","core":true,"sea":false,"river":false,"stream":true,"lake":false},"geometry":{"type":"Polygon","coordinates":[[[41.72603,41.58651],[41.723947,41.589208],[41.719781,41.589208],[41.717698,41.58651],[41.719781,41.583812],[41.723947,41.583812],[41.72603,41.58651]]]}},{"type":"Feature","properties":{"id":"B1734","kind":"stream","core":true,"sea":false,"river":false,"stream":true,"lake":false},"geometry":{"type":"Polygon","coordinates":[[[41.72603,41.602698],[41.723947,41.605396],[41.719781,41.605396],[41.717698,41.602698],[41.719781,41.6],[41.723947,41.6],[41.72603,41.602698]]]}},{"type":"Feature","properties":{"id":"B1735","kind":"river","core":false,"sea":false,"river":false,"stream":false,"lake":false},"geometry":{"type":"Polygon","coordinates":[[[41.72603,41.608094],[41.723947,41.610792],[41.719781,41.610792],[41.717698,41.608094],[41.719781,41.605396],[41.723947,41.605396],[41.72603,41.608094]]]}},{"type":"Feature","properties":{"id":"B1736","kind":"river","core":true,"sea":false,"river":true,"stream":false,"lake":false},"geometry":{"type":"Polygon","coordinates":[[[41.72603,41.61349],[41.723947,41.616188],[41.719781,41.616188],[41.717698,41.61349],[41.719781,41.610792],[41.723947,41.610792],[41.72603,41.61349]]]}},{"type":"Feature","properties":{"id":"B1737","kind":"river","core":false,"sea":false,"river":false,"stream":false,"lake":false},"geometry":{"type":"Polygon","coordinates":[[[41.72603,41.618886],[41.723947,41.621584],[41.719781,41.621584],[41.717698,41.618886],[41.719781,41.616188],[41.723947,41.616188],[41.72603,41.618886]]]}},{"type":"Feature","properties":{"id":"B1738","kind":"river","core":false,"sea":false,"river":false,"stream":false,"lake":false},"geometry":{"type":"Polygon","coordinates":[[[41.72603,41.624282],[41.723947,41.62698],[41.719781,41.62698],[41.717698,41.624282],[41.719781,41.621584],[41.723947,41.621584],[41.72603,41.624282]]]}},{"type":"Feature","properties":{"id":"B1739","kind":"river","core":true,"sea":false,"river":true,"stream":false,"lake":false},"geometry":{"type":"Polygon","coordinates":[[[41.72603,41.629678],[41.723947,41.632376],[41.719781,41.632376],[41.717698,41.629678],[41.719781,41.62698],[41.723947,41.62698],[41.72603,41.629678]]]}},{"type":"Feature","properties":{"id":"B1740","kind":"river","core":false,"sea":false,"river":false,"stream":false,"lake":false},"geometry":{"type":"Polygon","coordinates":[[[41.72603,41.635073],[41.723947,41.637771],[41.719781,41.637771],[41.717698,41.635073],[41.719781,41.632376],[41.723947,41.632376],[41.72603,41.635073]]]}},{"type":"Feature","properties":{"id":"B1741","kind":"river","core":true,"sea":false,"river":true,"stream":false,"lake":false},"geometry":{"type":"Polygon","coordinates":[[[41.72603,41.640469],[41.723947,41.643167],[41.719781,41.643167],[41.717698,41.640469],[41.719781,41.637771],[41.723947,41.637771],[41.72603,41.640469]]]}},{"type":"Feature","properties":{"id":"B1742","kind":"river","core":true,"sea":false,"river":true,"stream":true,"lake":false},"geometry":{"type":"Polygon","coordinates":[[[41.72603,41.645865],[41.723947,41.648563],[41.719781,41.648563],[41.717698,41.645865],[41.719781,41.643167],[41.723947,41.643167],[41.72603,41.645865]]]}},{"type":"Feature","properties":{"id":"B1743","kind":"stream","core":true,"sea":false,"river":false,"stream":true,"lake":false},"geometry":{"type":"Polygon","coordinates":[[[41.72603,41.651261],[41.723947,41.653959],[41.719781,41.653959],[41.717698,41.651261],[41.719781,41.648563],[41.723947,41.648563],[41.72603,41.651261]]]}},{"type":"Feature","properties":{"id":"B1752","kind":"stream","core":true,"sea":false,"river":false,"stream":true,"lake":false},"geometry":{"type":"Polygon","coordinates":[[[41.72603,41.699825],[41.723947,41.702523],[41.719781,41.702523],[41.717698,41.699825],[41.719781,41.697127],[41.723947,41.697127],[41.72603,41.699825]]]}},{"type":"Feature","properties":{"id":"B1753","kind":"sea","core":true,"sea":true,"river":false,"stream":true,"lake":false},"geometry":{"type":"Polygon","coordinates":[[[41.72603,41.70522],[41.723947,41.707918],[41.719781,41.707918],[41.717698,41.70522],[41.719781,41.702523],[41.723947,41.702523],[41.72603,41.70522]]]}},{"type":"Feature","properties":{"id":"B1754","kind":"sea","core":true,"sea":true,"river":false,"stream":false,"lake":false},"geometry":{"type":"Polygon","coordinates":[[[41.72603,41.710616],[41.723947,41.713314],[41.719781,41.713314],[41.717698,41.710616],[41.719781,41.707918],[41.723947,41.707918],[41.72603,41.710616]]]}},{"type":"Feature","properties":{"id":"B1755","kind":"river","core":true,"sea":true,"river":true,"stream":false,"lake":false},"geometry":{"type":"Polygon","coordinates":[[[41.72603,41.716012],[41.723947,41.71871],[41.719781,41.71871],[41.717698,41.716012],[41.719781,41.713314],[41.723947,41.713314],[41.72603,41.716012]]]}},{"type":"Feature","properties":{"id":"B1756","kind":"river","core":false,"sea":false,"river":false,"stream":false,"lake":false},"geometry":{"type":"Polygon","coordinates":[[[41.72603,41.721408],[41.723947,41.724106],[41.719781,41.724106],[41.717698,41.721408],[41.719781,41.71871],[41.723947,41.71871],[41.72603,41.721408]]]}},{"type":"Feature","properties":{"id":"B1760","kind":"stream","core":true,"sea":false,"river":false,"stream":true,"lake":false},"geometry":{"type":"Polygon","coordinates":[[[41.732279,41.486686],[41.730196,41.489384],[41.72603,41.489384],[41.723947,41.486686],[41.72603,41.483988],[41.730196,41.483988],[41.732279,41.486686]]]}},{"type":"Feature","properties":{"id":"B1761","kind":"stream","core":true,"sea":false,"river":false,"stream":true,"lake":false},"geometry":{"type":"Polygon","coordinates":[[[41.732279,41.492082],[41.730196,41.49478],[41.72603,41.49478],[41.723947,41.492082],[41.72603,41.489384],[41.730196,41.489384],[41.732279,41.492082]]]}},{"type":"Feature","properties":{"id":"B1764","kind":"river","core":false,"sea":false,"river":false,"stream":false,"lake":false},"geometry":{"type":"Polygon","coordinates":[[[41.732279,41.508269],[41.730196,41.510967],[41.72603,41.510967],[41.723947,41.508269],[41.72603,41.505571],[41.730196,41.505571],[41.732279,41.508269]]]}},{"type":"Feature","properties":{"id":"B1765","kind":"river","core":true,"sea":false,"river":true,"stream":false,"lake":false},"geometry":{"type":"Polygon","coordinates":[[[41.732279,41.513665],[41.730196,41.516363],[41.72603,41.516363],[41.723947,41.513665],[41.72603,41.510967],[41.730196,41.510967],[41.732279,41.513665]]]}},{"type":"Feature","properties":{"id":"B1766","kind":"river","core":true,"sea":false,"river":true,"stream":false,"lake":false},"geometry":{"type":"Polygon","coordinates":[[[41.732279,41.519061],[41.730196,41.521759],[41.72603,41.521759],[41.723947,41.519061],[41.72603,41.516363],[41.730196,41.516363],[41.732279,41.519061]]]}},{"type":"Feature","properties":{"id":"B1767","kind":"river","core":false,"sea":false,"river":false,"stream":false,"lake":false},"geometry":{"type":"Polygon","coordinates":[[[41.732279,41.524457],[41.730196,41.527155],[41.72603,41.527155],[41.723947,41.524457],[41.72603,41.521759],[41.730196,41.521759],[41.732279,41.524457]]]}},{"type":"Feature","properties":{"id":"B1768","kind":"river","core":false,"sea":false,"river":false,"stream":false,"lake":false},"geometry":{"type":"Polygon","coordinates":[[[41.732279,41.529853],[41.730196,41.532551],[41.72603,41.532551],[41.723947,41.529853],[41.72603,41.527155],[41.730196,41.527155],[41.732279,41.529853]]]}},{"type":"Feature","properties":{"id":"B1769","kind":"river","core":false,"sea":false,"river":false,"stream":false,"lake":false},"geometry":{"type":"Polygon","coordinates":[[[41.732279,41.535249],[41.730196,41.537947],[41.72603,41.537947],[41.723947,41.535249],[41.72603,41.532551],[41.730196,41.532551],[41.732279,41.535249]]]}},{"type":"Feature","properties":{"id":"B1770","kind":"river","core":true,"sea":false,"river":true,"stream":false,"lake":false},"geometry":{"type":"Polygon","coordinates":[[[41.732279,41.540645],[41.730196,41.543343],[41.72603,41.543343],[41.723947,41.540645],[41.72603,41.537947],[41.730196,41.537947],[41.732279,41.540645]]]}},{"type":"Feature","properties":{"id":"B1771","kind":"river","core":true,"sea":false,"river":true,"stream":false,"lake":false},"geometry":{"type":"Polygon","coordinates":[[[41.732279,41.546041],[41.730196,41.548739],[41.72603,41.548739],[41.723947,41.546041],[41.72603,41.543343],[41.730196,41.543343],[41.732279,41.546041]]]}},{"type":"Feature","properties":{"id":"B1772","kind":"river","core":false,"sea":false,"river":false,"stream":false,"lake":false},"geometry":{"type":"Polygon","coordinates":[[[41.732279,41.551437],[41.730196,41.554135],[41.72603,41.554135],[41.723947,41.551437],[41.72603,41.548739],[41.730196,41.548739],[41.732279,41.551437]]]}},{"type":"Feature","properties":{"id":"B1779","kind":"stream","core":true,"sea":false,"river":false,"stream":true,"lake":false},"geometry":{"type":"Polygon","coordinates":[[[41.732279,41.589208],[41.730196,41.591906],[41.72603,41.591906],[41.723947,41.589208],[41.72603,41.58651],[41.730196,41.58651],[41.732279,41.589208]]]}},{"type":"Feature","properties":{"id":"B1782","kind":"stream","core":true,"sea":false,"river":false,"stream":true,"lake":false},"geometry":{"type":"Polygon","coordinates":[[[41.732279,41.605396],[41.730196,41.608094],[41.72603,41.608094],[41.723947,41.605396],[41.72603,41.602698],[41.730196,41.602698],[41.732279,41.605396]]]}},{"type":"Feature","properties":{"id":"B1783","kind":"river","core":true,"sea":false,"river":true,"stream":true,"lake":false},"geometry":{"type":"Polygon","coordinates":[[[41.732279,41.610792],[41.730196,41.61349],[41.72603,41.61349],[41.723947,41.610792],[41.72603,41.608094],[41.730196,41.608094],[41.732279,41.610792]]]}},{"type":"Feature","properties":{"id":"B1784","kind":"river","core":false,"sea":false,"river":false,"stream":false,"lake":false},"geometry":{"type":"Polygon","coordinates":[[[41.732279,41.616188],[41.730196,41.618886],[41.72603,41.618886],[41.723947,41.616188],[41.72603,41.61349],[41.730196,41.61349],[41.732279,41.616188]]]}},{"type":"Feature","properties":{"id":"B1785","kind":"river","core":false,"sea":false,"river":false,"stream":false,"lake":false},"geometry":{"type":"Polygon","coordinates":[[[41.732279,41.621584],[41.730196,41.624282],[41.72603,41.624282],[41.723947,41.621584],[41.72603,41.618886],[41.730196,41.618886],[41.732279,41.621584]]]}},{"type":"Feature","properties":{"id":"B1786","kind":"river","core":false,"sea":false,"river":false,"stream":false,"lake":false},"geometry":{"type":"Polygon","coordinates":[[[41.732279,41.62698],[41.730196,41.629678],[41.72603,41.629678],[41.723947,41.62698],[41.72603,41.624282],[41.730196,41.624282],[41.732279,41.62698]]]}},{"type":"Feature","properties":{"id":"B1787","kind":"river","core":true,"sea":false,"river":true,"stream":false,"lake":false},"geometry":{"type":"Polygon","coordinates":[[[41.732279,41.632376],[41.730196,41.635073],[41.72603,41.635073],[41.723947,41.632376],[41.72603,41.629678],[41.730196,41.629678],[41.732279,41.632376]]]}},{"type":"Feature","properties":{"id":"B1788","kind":"river","core":true,"sea":false,"river":true,"stream":false,"lake":false},"geometry":{"type":"Polygon","coordinates":[[[41.732279,41.637771],[41.730196,41.640469],[41.72603,41.640469],[41.723947,41.637771],[41.72603,41.635073],[41.730196,41.635073],[41.732279,41.637771]]]}},{"type":"Feature","properties":{"id":"B1789","kind":"river","core":true,"sea":false,"river":true,"stream":false,"lake":false},"geometry":{"type":"Polygon","coordinates":[[[41.732279,41.643167],[41.730196,41.645865],[41.72603,41.645865],[41.723947,41.643167],[41.72603,41.640469],[41.730196,41.640469],[41.732279,41.643167]]]}},{"type":"Feature","properties":{"id":"B1790","kind":"stream","core":true,"sea":false,"river":false,"stream":true,"lake":false},"geometry":{"type":"Polygon","coordinates":[[[41.732279,41.648563],[41.730196,41.651261],[41.72603,41.651261],[41.723947,41.648563],[41.72603,41.645865],[41.730196,41.645865],[41.732279,41.648563]]]}},{"type":"Feature","properties":{"id":"B1795","kind":"stream","core":true,"sea":false,"river":false,"stream":true,"lake":false},"geometry":{"type":"Polygon","coordinates":[[[41.732279,41.675543],[41.730196,41.678241],[41.72603,41.678241],[41.723947,41.675543],[41.72603,41.672845],[41.730196,41.672845],[41.732279,41.675543]]]}},{"type":"Feature","properties":{"id":"B1796","kind":"stream","core":true,"sea":false,"river":false,"stream":true,"lake":false},"geometry":{"type":"Polygon","coordinates":[[[41.732279,41.680939],[41.730196,41.683637],[41.72603,41.683637],[41.723947,41.680939],[41.72603,41.678241],[41.730196,41.678241],[41.732279,41.680939]]]}},{"type":"Feature","properties":{"id":"B1801","kind":"river","core":false,"sea":false,"river":false,"stream":false,"lake":false},"geometry":{"type":"Polygon","coordinates":[[[41.732279,41.707918],[41.730196,41.710616],[41.72603,41.710616],[41.723947,41.707918],[41.72603,41.70522],[41.730196,41.70522],[41.732279,41.707918]]]}},{"type":"Feature","properties":{"id":"B1802","kind":"river","core":true,"sea":false,"river":true,"stream":false,"lake":false},"geometry":{"type":"Polygon","coordinates":[[[41.732279,41.713314],[41.730196,41.716012],[41.72603,41.716012],[41.723947,41.713314],[41.72603,41.710616],[41.730196,41.710616],[41.732279,41.713314]]]}},{"type":"Feature","properties":{"id":"B1803","kind":"river","core":true,"sea":true,"river":true,"stream":true,"lake":true},"geometry":{"type":"Polygon","coordinates":[[[41.732279,41.71871],[41.730196,41.721408],[41.72603,41.721408],[41.723947,41.71871],[41.72603,41.716012],[41.730196,41.716012],[41.732279,41.71871]]]}},{"type":"Feature","properties":{"id":"B1804","kind":"river","core":false,"sea":false,"river":false,"stream":false,"lake":false},"geometry":{"type":"Polygon","coordinates":[[[41.732279,41.724106],[41.730196,41.726804],[41.72603,41.726804],[41.723947,41.724106],[41.72603,41.721408],[41.730196,41.721408],[41.732279,41.724106]]]}},{"type":"Feature","properties":{"id":"B1807","kind":"stream","core":true,"sea":false,"river":false,"stream":true,"lake":false},"geometry":{"type":"Polygon","coordinates":[[[41.738528,41.483988],[41.736445,41.486686],[41.732279,41.486686],[41.730196,41.483988],[41.732279,41.48129],[41.736445,41.48129],[41.738528,41.483988]]]}},{"type":"Feature","properties":{"id":"B1808","kind":"stream","core":true,"sea":false,"river":false,"stream":true,"lake":false},"geometry":{"type":"Polygon","coordinates":[[[41.738528,41.489384],[41.736445,41.492082],[41.732279,41.492082],[41.730196,41.489384],[41.732279,41.486686],[41.736445,41.486686],[41.738528,41.489384]]]}},{"type":"Feature","properties":{"id":"B1809","kind":"stream","core":true,"sea":false,"river":false,"stream":true,"lake":false},"geometry":{"type":"Polygon","coordinates":[[[41.738528,41.49478],[41.736445,41.497477],[41.732279,41.497477],[41.730196,41.49478],[41.732279,41.492082],[41.736445,41.492082],[41.738528,41.49478]]]}},{"type":"Feature","properties":{"id":"B1811","kind":"river","core":false,"sea":false,"river":false,"stream":false,"lake":false},"geometry":{"type":"Polygon","coordinates":[[[41.738528,41.505571],[41.736445,41.508269],[41.732279,41.508269],[41.730196,41.505571],[41.732279,41.502873],[41.736445,41.502873],[41.738528,41.505571]]]}},{"type":"Feature","properties":{"id":"B1812","kind":"river","core":true,"sea":false,"river":true,"stream":false,"lake":false},"geometry":{"type":"Polygon","coordinates":[[[41.738528,41.510967],[41.736445,41.513665],[41.732279,41.513665],[41.730196,41.510967],[41.732279,41.508269],[41.736445,41.508269],[41.738528,41.510967]]]}},{"type":"Feature","properties":{"id":"B1813","kind":"river","core":true,"sea":false,"river":true,"stream":false,"lake":false},"geometry":{"type":"Polygon","coordinates":[[[41.738528,41.516363],[41.736445,41.519061],[41.732279,41.519061],[41.730196,41.516363],[41.732279,41.513665],[41.736445,41.513665],[41.738528,41.516363]]]}},{"type":"Feature","properties":{"id":"B1814","kind":"river","core":false,"sea":false,"river":false,"stream":false,"lake":false},"geometry":{"type":"Polygon","coordinates":[[[41.738528,41.521759],[41.736445,41.524457],[41.732279,41.524457],[41.730196,41.521759],[41.732279,41.519061],[41.736445,41.519061],[41.738528,41.521759]]]}},{"type":"Feature","properties":{"id":"B1817","kind":"river","core":false,"sea":false,"river":false,"stream":false,"lake":false},"geometry":{"type":"Polygon","coordinates":[[[41.738528,41.537947],[41.736445,41.540645],[41.732279,41.540645],[41.730196,41.537947],[41.732279,41.535249],[41.736445,41.535249],[41.738528,41.537947]]]}},{"type":"Feature","properties":{"id":"B1818","kind":"river","core":true,"sea":false,"river":true,"stream":false,"lake":false},"geometry":{"type":"Polygon","coordinates":[[[41.738528,41.543343],[41.736445,41.546041],[41.732279,41.546041],[41.730196,41.543343],[41.732279,41.540645],[41.736445,41.540645],[41.738528,41.543343]]]}},{"type":"Feature","properties":{"id":"B1819","kind":"river","core":false,"sea":false,"river":false,"stream":false,"lake":false},"geometry":{"type":"Polygon","coordinates":[[[41.738528,41.548739],[41.736445,41.551437],[41.732279,41.551437],[41.730196,41.548739],[41.732279,41.546041],[41.736445,41.546041],[41.738528,41.548739]]]}},{"type":"Feature","properties":{"id":"B1827","kind":"stream","core":true,"sea":false,"river":false,"stream":true,"lake":false},"geometry":{"type":"Polygon","coordinates":[[[41.738528,41.591906],[41.736445,41.594604],[41.732279,41.594604],[41.730196,41.591906],[41.732279,41.589208],[41.736445,41.589208],[41.738528,41.591906]]]}},{"type":"Feature","properties":{"id":"B1830","kind":"river","core":false,"sea":false,"river":false,"stream":false,"lake":false},"geometry":{"type":"Polygon","coordinates":[[[41.738528,41.608094],[41.736445,41.610792],[41.732279,41.610792],[41.730196,41.608094],[41.732279,41.605396],[41.736445,41.605396],[41.738528,41.608094]]]}},{"type":"Feature","properties":{"id":"B1831","kind":"river","core":false,"sea":false,"river":false,"stream":false,"lake":false},"geometry":{"type":"Polygon","coordinates":[[[41.738528,41.61349],[41.736445,41.616188],[41.732279,41.616188],[41.730196,41.61349],[41.732279,41.610792],[41.736445,41.610792],[41.738528,41.61349]]]}},{"type":"Feature","properties":{"id":"B1832","kind":"river","core":false,"sea":false,"river":false,"stream":false,"lake":false},"geometry":{"type":"Polygon","coordinates":[[[41.738528,41.618886],[41.736445,41.621584],[41.732279,41.621584],[41.730196,41.618886],[41.732279,41.616188],[41.736445,41.616188],[41.738528,41.618886]]]}},{"type":"Feature","properties":{"id":"B1833","kind":"river","core":true,"sea":false,"river":true,"stream":false,"lake":false},"geometry":{"type":"Polygon","coordinates":[[[41.738528,41.624282],[41.736445,41.62698],[41.732279,41.62698],[41.730196,41.624282],[41.732279,41.621584],[41.736445,41.621584],[41.738528,41.624282]]]}},{"type":"Feature","properties":{"id":"B1834","kind":"river","core":true,"sea":false,"river":true,"stream":false,"lake":false},"geometry":{"type":"Polygon","coordinates":[[[41.738528,41.629678],[41.736445,41.632376],[41.732279,41.632376],[41.730196,41.629678],[41.732279,41.62698],[41.736445,41.62698],[41.738528,41.629678]]]}},{"type":"Feature","properties":{"id":"B1835","kind":"river","core":true,"sea":false,"river":true,"stream":false,"lake":false},"geometry":{"type":"Polygon","coordinates":[[[41.738528,41.635073],[41.736445,41.637771],[41.732279,41.637771],[41.730196,41.635073],[41.732279,41.632376],[41.736445,41.632376],[41.738528,41.635073]]]}},{"type":"Feature","properties":{"id":"B1836","kind":"river","core":true,"sea":false,"river":true,"stream":false,"lake":false},"geometry":{"type":"Polygon","coordinates":[[[41.738528,41.640469],[41.736445,41.643167],[41.732279,41.643167],[41.730196,41.640469],[41.732279,41.637771],[41.736445,41.637771],[41.738528,41.640469]]]}},{"type":"Feature","properties":{"id":"B1837","kind":"stream","core":true,"sea":false,"river":false,"stream":true,"lake":false},"geometry":{"type":"Polygon","coordinates":[[[41.738528,41.645865],[41.736445,41.648563],[41.732279,41.648563],[41.730196,41.645865],[41.732279,41.643167],[41.736445,41.643167],[41.738528,41.645865]]]}},{"type":"Feature","properties":{"id":"B1838","kind":"stream","core":true,"sea":false,"river":false,"stream":true,"lake":false},"geometry":{"type":"Polygon","coordinates":[[[41.738528,41.651261],[41.736445,41.653959],[41.732279,41.653959],[41.730196,41.651261],[41.732279,41.648563],[41.736445,41.648563],[41.738528,41.651261]]]}},{"type":"Feature","properties":{"id":"B1841","kind":"river","core":false,"sea":false,"river":false,"stream":false,"lake":false},"geometry":{"type":"Polygon","coordinates":[[[41.738528,41.667449],[41.736445,41.670147],[41.732279,41.670147],[41.730196,41.667449],[41.732279,41.664751],[41.736445,41.664751],[41.738528,41.667449]]]}},{"type":"Feature","properties":{"id":"B1842","kind":"stream","core":true,"sea":false,"river":false,"stream":true,"lake":false},"geometry":{"type":"Polygon","coordinates":[[[41.738528,41.672845],[41.736445,41.675543],[41.732279,41.675543],[41.730196,41.672845],[41.732279,41.670147],[41.736445,41.670147],[41.738528,41.672845]]]}},{"type":"Feature","properties":{"id":"B1843","kind":"river","core":true,"sea":false,"river":true,"stream":true,"lake":false},"geometry":{"type":"Polygon","coordinates":[[[41.738528,41.678241],[41.736445,41.680939],[41.732279,41.680939],[41.730196,41.678241],[41.732279,41.675543],[41.736445,41.675543],[41.738528,41.678241]]]}},{"type":"Feature","properties":{"id":"B1844","kind":"stream","core":true,"sea":false,"river":false,"stream":true,"lake":false},"geometry":{"type":"Polygon","coordinates":[[[41.738528,41.683637],[41.736445,41.686335],[41.732279,41.686335],[41.730196,41.683637],[41.732279,41.680939],[41.736445,41.680939],[41.738528,41.683637]]]}},{"type":"Feature","properties":{"id":"B1845","kind":"river","core":false,"sea":false,"river":false,"stream":false,"lake":false},"geometry":{"type":"Polygon","coordinates":[[[41.738528,41.689033],[41.736445,41.691731],[41.732279,41.691731],[41.730196,41.689033],[41.732279,41.686335],[41.736445,41.686335],[41.738528,41.689033]]]}},{"type":"Feature","properties":{"id":"B1846","kind":"river","core":false,"sea":false,"river":false,"stream":false,"lake":false},"geometry":{"type":"Polygon","coordinates":[[[41.738528,41.694429],[41.736445,41.697127],[41.732279,41.697127],[41.730196,41.694429],[41.732279,41.691731],[41.736445,41.691731],[41.738528,41.694429]]]}},{"type":"Feature","properties":{"id":"B1847","kind":"stream","core":true,"sea":false,"river":false,"stream":true,"lake":false},"geometry":{"type":"Polygon","coordinates":[[[41.738528,41.699825],[41.736445,41.702523],[41.732279,41.702523],[41.730196,41.699825],[41.732279,41.697127],[41.736445,41.697127],[41.738528,41.699825]]]}},{"type":"Feature","properties":{"id":"B1848","kind":"stream","core":true,"sea":false,"river":false,"stream":true,"lake":false},"geometry":{"type":"Polygon","coordinates":[[[41.738528,41.70522],[41.736445,41.707918],[41.732279,41.707918],[41.730196,41.70522],[41.732279,41.702523],[41.736445,41.702523],[41.738528,41.70522]]]}},{"type":"Feature","properties":{"id":"B1849","kind":"lake","core":true,"sea":false,"river":false,"stream":true,"lake":true},"geometry":{"type":"Polygon","coordinates":[[[41.738528,41.710616],[41.736445,41.713314],[41.732279,41.713314],[41.730196,41.710616],[41.732279,41.707918],[41.736445,41.707918],[41.738528,41.710616]]]}},{"type":"Feature","properties":{"id":"B1850","kind":"river","core":true,"sea":false,"river":true,"stream":true,"lake":false},"geometry":{"type":"Polygon","coordinates":[[[41.738528,41.716012],[41.736445,41.71871],[41.732279,41.71871],[41.730196,41.716012],[41.732279,41.713314],[41.736445,41.713314],[41.738528,41.716012]]]}},{"type":"Feature","properties":{"id":"B1851","kind":"river","core":false,"sea":false,"river":false,"stream":false,"lake":false},"geometry":{"type":"Polygon","coordinates":[[[41.738528,41.721408],[41.736445,41.724106],[41.732279,41.724106],[41.730196,41.721408],[41.732279,41.71871],[41.736445,41.71871],[41.738528,41.721408]]]}},{"type":"Feature","properties":{"id":"B1855","kind":"stream","core":true,"sea":false,"river":false,"stream":true,"lake":false},"geometry":{"type":"Polygon","coordinates":[[[41.744777,41.486686],[41.742694,41.489384],[41.738528,41.489384],[41.736445,41.486686],[41.738528,41.483988],[41.742694,41.483988],[41.744777,41.486686]]]}},{"type":"Feature","properties":{"id":"B1856","kind":"stream","core":true,"sea":false,"river":false,"stream":true,"lake":false},"geometry":{"type":"Polygon","coordinates":[[[41.744777,41.492082],[41.742694,41.49478],[41.738528,41.49478],[41.736445,41.492082],[41.738528,41.489384],[41.742694,41.489384],[41.744777,41.492082]]]}},{"type":"Feature","properties":{"id":"B1857","kind":"stream","core":true,"sea":false,"river":false,"stream":true,"lake":false},"geometry":{"type":"Polygon","coordinates":[[[41.744777,41.497477],[41.742694,41.500175],[41.738528,41.500175],[41.736445,41.497477],[41.738528,41.49478],[41.742694,41.49478],[41.744777,41.497477]]]}},{"type":"Feature","properties":{"id":"B1858","kind":"stream","core":true,"sea":false,"river":false,"stream":true,"lake":false},"geometry":{"type":"Polygon","coordinates":[[[41.744777,41.502873],[41.742694,41.505571],[41.738528,41.505571],[41.736445,41.502873],[41.738528,41.500175],[41.742694,41.500175],[41.744777,41.502873]]]}},{"type":"Feature","properties":{"id":"B1859","kind":"river","core":false,"sea":false,"river":false,"stream":false,"lake":false},"geometry":{"type":"Polygon","coordinates":[[[41.744777,41.508269],[41.742694,41.510967],[41.738528,41.510967],[41.736445,41.508269],[41.738528,41.505571],[41.742694,41.505571],[41.744777,41.508269]]]}},{"type":"Feature","properties":{"id":"B1860","kind":"river","core":true,"sea":false,"river":true,"stream":false,"lake":false},"geometry":{"type":"Polygon","coordinates":[[[41.744777,41.513665],[41.742694,41.516363],[41.738528,41.516363],[41.736445,41.513665],[41.738528,41.510967],[41.742694,41.510967],[41.744777,41.513665]]]}},{"type":"Feature","properties":{"id":"B1861","kind":"river","core":false,"sea":false,"river":false,"stream":false,"lake":false},"geometry":{"type":"Polygon","coordinates":[[[41.744777,41.519061],[41.742694,41.521759],[41.738528,41.521759],[41.736445,41.519061],[41.738528,41.516363],[41.742694,41.516363],[41.744777,41.519061]]]}},{"type":"Feature","properties":{"id":"B1865","kind":"river","core":false,"sea":false,"river":false,"stream":false,"lake":false},"geometry":{"type":"Polygon","coordinates":[[[41.744777,41.540645],[41.742694,41.543343],[41.738528,41.543343],[41.736445,41.540645],[41.738528,41.537947],[41.742694,41.537947],[41.744777,41.540645]]]}},{"type":"Feature","properties":{"id":"B1866","kind":"river","core":true,"sea":false,"river":true,"stream":true,"lake":false},"geometry":{"type":"Polygon","coordinates":[[[41.744777,41.546041],[41.742694,41.548739],[41.738528,41.548739],[41.736445,41.546041],[41.738528,41.543343],[41.742694,41.543343],[41.744777,41.546041]]]}},{"type":"Feature","properties":{"id":"B1867","kind":"stream","core":true,"sea":false,"river":false,"stream":true,"lake":false},"geometry":{"type":"Polygon","coordinates":[[[41.744777,41.551437],[41.742694,41.554135],[41.738528,41.554135],[41.736445,41.551437],[41.738528,41.548739],[41.742694,41.548739],[41.744777,41.551437]]]}},{"type":"Feature","properties":{"id":"B1868","kind":"stream","core":true,"sea":false,"river":false,"stream":true,"lake":false},"geometry":{"type":"Polygon","coordinates":[[[41.744777,41.556833],[41.742694,41.559531],[41.738528,41.559531],[41.736445,41.556833],[41.738528,41.554135],[41.742694,41.554135],[41.744777,41.556833]]]}},{"type":"Feature","properties":{"id":"B1869","kind":"stream","core":true,"sea":false,"river":false,"stream":true,"lake":false},"geometry":{"type":"Polygon","coordinates":[[[41.744777,41.562229],[41.742694,41.564927],[41.738528,41.564927],[41.736445,41.562229],[41.738528,41.559531],[41.742694,41.559531],[41.744777,41.562229]]]}},{"type":"Feature","properties":{"id":"B1870","kind":"stream","core":true,"sea":false,"river":false,"stream":true,"lake":false},"geometry":{"type":"Polygon","coordinates":[[[41.744777,41.567624],[41.742694,41.570322],[41.738528,41.570322],[41.736445,41.567624],[41.738528,41.564927],[41.742694,41.564927],[41.744777,41.567624]]]}},{"type":"Feature","properties":{"id":"B1875","kind":"stream","core":true,"sea":false,"river":false,"stream":true,"lake":false},"geometry":{"type":"Polygon","coordinates":[[[41.744777,41.594604],[41.742694,41.597302],[41.738528,41.597302],[41.736445,41.594604],[41.738528,41.591906],[41.742694,41.591906],[41.744777,41.594604]]]}},{"type":"Feature","properties":{"id":"B1879","kind":"river","core":false,"sea":false,"river":false,"stream":false,"lake":false},"geometry":{"type":"Polygon","coordinates":[[[41.744777,41.616188],[41.742694,41.618886],[41.738528,41.618886],[41.736445,41.616188],[41.738528,41.61349],[41.742694,41.61349],[41.744777,41.616188]]]}},{"type":"Feature","properties":{"id":"B1880","kind":"river","core":true,"sea":false,"river":true,"stream":false,"lake":false},"geometry":{"type":"Polygon","coordinates":[[[41.744777,41.621584],[41.742694,41.624282],[41.738528,41.624282],[41.736445,41.621584],[41.738528,41.618886],[41.742694,41.618886],[41.744777,41.621584]]]}},{"type":"Feature","properties":{"id":"B1881","kind":"river","core":true,"sea":false,"river":true,"stream":false,"lake":false},"geometry":{"type":"Polygon","coordinates":[[[41.744777,41.62698],[41.742694,41.629678],[41.738528,41.629678],[41.736445,41.62698],[41.738528,41.624282],[41.742694,41.624282],[41.744777,41.62698]]]}},{"type":"Feature","properties":{"id":"B1882","kind":"river","core":false,"sea":false,"river":false,"stream":false,"lake":false},"geometry":{"type":"Polygon","coordinates":[[[41.744777,41.632376],[41.742694,41.635073],[41.738528,41.635073],[41.736445,41.632376],[41.738528,41.629678],[41.742694,41.629678],[41.744777,41.632376]]]}},{"type":"Feature","properties":{"id":"B1883","kind":"river","core":true,"sea":false,"river":true,"stream":false,"lake":false},"geometry":{"type":"Polygon","coordinates":[[[41.744777,41.637771],[41.742694,41.640469],[41.738528,41.640469],[41.736445,41.637771],[41.738528,41.635073],[41.742694,41.635073],[41.744777,41.637771]]]}},{"type":"Feature","properties":{"id":"B1884","kind":"river","core":false,"sea":false,"river":false,"stream":false,"lake":false},"geometry":{"type":"Polygon","coordinates":[[[41.744777,41.643167],[41.742694,41.645865],[41.738528,41.645865],[41.736445,41.643167],[41.738528,41.640469],[41.742694,41.640469],[41.744777,41.643167]]]}},{"type":"Feature","properties":{"id":"B1885","kind":"stream","core":true,"sea":false,"river":false,"stream":true,"lake":false},"geometry":{"type":"Polygon","coordinates":[[[41.744777,41.648563],[41.742694,41.651261],[41.738528,41.651261],[41.736445,41.648563],[41.738528,41.645865],[41.742694,41.645865],[41.744777,41.648563]]]}},{"type":"Feature","properties":{"id":"B1888","kind":"stream","core":true,"sea":false,"river":false,"stream":true,"lake":false},"geometry":{"type":"Polygon","coordinates":[[[41.744777,41.664751],[41.742694,41.667449],[41.738528,41.667449],[41.736445,41.664751],[41.738528,41.662053],[41.742694,41.662053],[41.744777,41.664751]]]}},{"type":"Feature","properties":{"id":"B1889","kind":"river","core":true,"sea":false,"river":true,"stream":true,"lake":false},"geometry":{"type":"Polygon","coordinates":[[[41.744777,41.670147],[41.742694,41.672845],[41.738528,41.672845],[41.736445,41.670147],[41.738528,41.667449],[41.742694,41.667449],[41.744777,41.670147]]]}},{"type":"Feature","properties":{"id":"B1890","kind":"river","core":true,"sea":false,"river":true,"stream":true,"lake":false},"geometry":{"type":"Polygon","coordinates":[[[41.744777,41.675543],[41.742694,41.678241],[41.738528,41.678241],[41.736445,41.675543],[41.738528,41.672845],[41.742694,41.672845],[41.744777,41.675543]]]}},{"type":"Feature","properties":{"id":"B1891","kind":"river","core":true,"sea":false,"river":true,"stream":true,"lake":false},"geometry":{"type":"Polygon","coordinates":[[[41.744777,41.680939],[41.742694,41.683637],[41.738528,41.683637],[41.736445,41.680939],[41.738528,41.678241],[41.742694,41.678241],[41.744777,41.680939]]]}},{"type":"Feature","properties":{"id":"B1892","kind":"river","core":true,"sea":false,"river":true,"stream":false,"lake":false},"geometry":{"type":"Polygon","coordinates":[[[41.744777,41.686335],[41.742694,41.689033],[41.738528,41.689033],[41.736445,41.686335],[41.738528,41.683637],[41.742694,41.683637],[41.744777,41.686335]]]}},{"type":"Feature","properties":{"id":"B1893","kind":"river","core":true,"sea":false,"river":true,"stream":false,"lake":false},"geometry":{"type":"Polygon","coordinates":[[[41.744777,41.691731],[41.742694,41.694429],[41.738528,41.694429],[41.736445,41.691731],[41.738528,41.689033],[41.742694,41.689033],[41.744777,41.691731]]]}},{"type":"Feature","properties":{"id":"B1894","kind":"river","core":false,"sea":false,"river":false,"stream":false,"lake":false},"geometry":{"type":"Polygon","coordinates":[[[41.744777,41.697127],[41.742694,41.699825],[41.738528,41.699825],[41.736445,41.697127],[41.738528,41.694429],[41.742694,41.694429],[41.744777,41.697127]]]}},{"type":"Feature","properties":{"id":"B1895","kind":"river","core":false,"sea":false,"river":false,"stream":false,"lake":false},"geometry":{"type":"Polygon","coordinates":[[[41.744777,41.702523],[41.742694,41.70522],[41.738528,41.70522],[41.736445,41.702523],[41.738528,41.699825],[41.742694,41.699825],[41.744777,41.702523]]]}},{"type":"Feature","properties":{"id":"B1896","kind":"river","core":false,"sea":false,"river":false,"stream":false,"lake":false},"geometry":{"type":"Polygon","coordinates":[[[41.744777,41.707918],[41.742694,41.710616],[41.738528,41.710616],[41.736445,41.707918],[41.738528,41.70522],[41.742694,41.70522],[41.744777,41.707918]]]}},{"type":"Feature","properties":{"id":"B1897","kind":"river","core":true,"sea":false,"river":true,"stream":false,"lake":false},"geometry":{"type":"Polygon","coordinates":[[[41.744777,41.713314],[41.742694,41.716012],[41.738528,41.716012],[41.736445,41.713314],[41.738528,41.710616],[41.742694,41.710616],[41.744777,41.713314]]]}},{"type":"Feature","properties":{"id":"B1898","kind":"river","core":true,"sea":false,"river":true,"stream":false,"lake":false},"geometry":{"type":"Polygon","coordinates":[[[41.744777,41.71871],[41.742694,41.721408],[41.738528,41.721408],[41.736445,41.71871],[41.738528,41.716012],[41.742694,41.716012],[41.744777,41.71871]]]}},{"type":"Feature","properties":{"id":"B1899","kind":"river","core":false,"sea":false,"river":false,"stream":false,"lake":false},"geometry":{"type":"Polygon","coordinates":[[[41.744777,41.724106],[41.742694,41.726804],[41.738528,41.726804],[41.736445,41.724106],[41.738528,41.721408],[41.742694,41.721408],[41.744777,41.724106]]]}},{"type":"Feature","properties":{"id":"B1903","kind":"stream","core":true,"sea":false,"river":false,"stream":true,"lake":false},"geometry":{"type":"Polygon","coordinates":[[[41.751026,41.489384],[41.748943,41.492082],[41.744777,41.492082],[41.742694,41.489384],[41.744777,41.486686],[41.748943,41.486686],[41.751026,41.489384]]]}},{"type":"Feature","properties":{"id":"B1904","kind":"stream","core":true,"sea":false,"river":false,"stream":true,"lake":false},"geometry":{"type":"Polygon","coordinates":[[[41.751026,41.49478],[41.748943,41.497477],[41.744777,41.497477],[41.742694,41.49478],[41.744777,41.492082],[41.748943,41.492082],[41.751026,41.49478]]]}},{"type":"Feature","properties":{"id":"B1905","kind":"stream","core":true,"sea":false,"river":false,"stream":true,"lake":false},"geometry":{"type":"Polygon","coordinates":[[[41.751026,41.500175],[41.748943,41.502873],[41.744777,41.502873],[41.742694,41.500175],[41.744777,41.497477],[41.748943,41.497477],[41.751026,41.500175]]]}},{"type":"Feature","properties":{"id":"B1906","kind":"stream","core":true,"sea":false,"river":false,"stream":true,"lake":false},"geometry":{"type":"Polygon","coordinates":[[[41.751026,41.505571],[41.748943,41.508269],[41.744777,41.508269],[41.742694,41.505571],[41.744777,41.502873],[41.748943,41.502873],[41.751026,41.505571]]]}},{"type":"Feature","properties":{"id":"B1907","kind":"river","core":true,"sea":false,"river":true,"stream":true,"lake":false},"geometry":{"type":"Polygon","coordinates":[[[41.751026,41.510967],[41.748943,41.513665],[41.744777,41.513665],[41.742694,41.510967],[41.744777,41.508269],[41.748943,41.508269],[41.751026,41.510967]]]}},{"type":"Feature","properties":{"id":"B1908","kind":"river","core":false,"sea":false,"river":false,"stream":false,"lake":false},"geometry":{"type":"Polygon","coordinates":[[[41.751026,41.516363],[41.748943,41.519061],[41.744777,41.519061],[41.742694,41.516363],[41.744777,41.513665],[41.748943,41.513665],[41.751026,41.516363]]]}},{"type":"Feature","properties":{"id":"B1912","kind":"river","core":false,"sea":false,"river":false,"stream":false,"lake":false},"geometry":{"type":"Polygon","coordinates":[[[41.751026,41.537947],[41.748943,41.540645],[41.744777,41.540645],[41.742694,41.537947],[41.744777,41.535249],[41.748943,41.535249],[41.751026,41.537947]]]}},{"type":"Feature","properties":{"id":"B1913","kind":"river","core":true,"sea":false,"river":true,"stream":false,"lake":false},"geometry":{"type":"Polygon","coordinates":[[[41.751026,41.543343],[41.748943,41.546041],[41.744777,41.546041],[41.742694,41.543343],[41.744777,41.540645],[41.748943,41.540645],[41.751026,41.543343]]]}},{"type":"Feature","properties":{"id":"B1914","kind":"river","core":true,"sea":false,"river":true,"stream":false,"lake":false},"geometry":{"type":"Polygon","coordinates":[[[41.751026,41.548739],[41.748943,41.551437],[41.744777,41.551437],[41.742694,41.548739],[41.744777,41.546041],[41.748943,41.546041],[41.751026,41.548739]]]}},{"type":"Feature","properties":{"id":"B1915","kind":"river","core":false,"sea":false,"river":false,"stream":false,"lake":false},"geometry":{"type":"Polygon","coordinates":[[[41.751026,41.554135],[41.748943,41.556833],[41.744777,41.556833],[41.742694,41.554135],[41.744777,41.551437],[41.748943,41.551437],[41.751026,41.554135]]]}},{"type":"Feature","properties":{"id":"B1916","kind":"stream","core":true,"sea":false,"river":false,"stream":true,"lake":false},"geometry":{"type":"Polygon","coordinates":[[[41.751026,41.559531],[41.748943,41.562229],[41.744777,41.562229],[41.742694,41.559531],[41.744777,41.556833],[41.748943,41.556833],[41.751026,41.559531]]]}},{"type":"Feature","properties":{"id":"B1917","kind":"stream","core":true,"sea":false,"river":false,"stream":true,"lake":false},"geometry":{"type":"Polygon","coordinates":[[[41.751026,41.564927],[41.748943,41.567624],[41.744777,41.567624],[41.742694,41.564927],[41.744777,41.562229],[41.748943,41.562229],[41.751026,41.564927]]]}},{"type":"Feature","properties":{"id":"B1918","kind":"stream","core":true,"sea":false,"river":false,"stream":true,"lake":false},"geometry":{"type":"Polygon","coordinates":[[[41.751026,41.570322],[41.748943,41.57302],[41.744777,41.57302],[41.742694,41.570322],[41.744777,41.567624],[41.748943,41.567624],[41.751026,41.570322]]]}},{"type":"Feature","properties":{"id":"B1922","kind":"stream","core":true,"sea":false,"river":false,"stream":true,"lake":false},"geometry":{"type":"Polygon","coordinates":[[[41.751026,41.591906],[41.748943,41.594604],[41.744777,41.594604],[41.742694,41.591906],[41.744777,41.589208],[41.748943,41.589208],[41.751026,41.591906]]]}},{"type":"Feature","properties":{"id":"B1923","kind":"stream","core":true,"sea":false,"river":false,"stream":true,"lake":false},"geometry":{"type":"Polygon","coordinates":[[[41.751026,41.597302],[41.748943,41.6],[41.744777,41.6],[41.742694,41.597302],[41.744777,41.594604],[41.748943,41.594604],[41.751026,41.597302]]]}},{"type":"Feature","properties":{"id":"B1926","kind":"river","core":false,"sea":false,"river":false,"stream":false,"lake":false},"geometry":{"type":"Polygon","coordinates":[[[41.751026,41.61349],[41.748943,41.616188],[41.744777,41.616188],[41.742694,41.61349],[41.744777,41.610792],[41.748943,41.610792],[41.751026,41.61349]]]}},{"type":"Feature","properties":{"id":"B1927","kind":"river","core":true,"sea":false,"river":true,"stream":false,"lake":false},"geometry":{"type":"Polygon","coordinates":[[[41.751026,41.618886],[41.748943,41.621584],[41.744777,41.621584],[41.742694,41.618886],[41.744777,41.616188],[41.748943,41.616188],[41.751026,41.618886]]]}},{"type":"Feature","properties":{"id":"B1928","kind":"river","core":false,"sea":false,"river":false,"stream":false,"lake":false},"geometry":{"type":"Polygon","coordinates":[[[41.751026,41.624282],[41.748943,41.62698],[41.744777,41.62698],[41.742694,41.624282],[41.744777,41.621584],[41.748943,41.621584],[41.751026,41.624282]]]}},{"type":"Feature","properties":{"id":"B1929","kind":"river","core":false,"sea":false,"river":false,"stream":false,"lake":false},"geometry":{"type":"Polygon","coordinates":[[[41.751026,41.629678],[41.748943,41.632376],[41.744777,41.632376],[41.742694,41.629678],[41.744777,41.62698],[41.748943,41.62698],[41.751026,41.629678]]]}},{"type":"Feature","properties":{"id":"B1930","kind":"river","core":true,"sea":false,"river":true,"stream":false,"lake":false},"geometry":{"type":"Polygon","coordinates":[[[41.751026,41.635073],[41.748943,41.637771],[41.744777,41.637771],[41.742694,41.635073],[41.744777,41.632376],[41.748943,41.632376],[41.751026,41.635073]]]}},{"type":"Feature","properties":{"id":"B1931","kind":"river","core":false,"sea":false,"river":false,"stream":false,"lake":false},"geometry":{"type":"Polygon","coordinates":[[[41.751026,41.640469],[41.748943,41.643167],[41.744777,41.643167],[41.742694,41.640469],[41.744777,41.637771],[41.748943,41.637771],[41.751026,41.640469]]]}},{"type":"Feature","properties":{"id":"B1935","kind":"river","core":false,"sea":false,"river":false,"stream":false,"lake":false},"geometry":{"type":"Polygon","coordinates":[[[41.751026,41.662053],[41.748943,41.664751],[41.744777,41.664751],[41.742694,41.662053],[41.744777,41.659355],[41.748943,41.659355],[41.751026,41.662053]]]}},{"type":"Feature","properties":{"id":"B1936","kind":"river","core":true,"sea":false,"river":true,"stream":false,"lake":false},"geometry":{"type":"Polygon","coordinates":[[[41.751026,41.667449],[41.748943,41.670147],[41.744777,41.670147],[41.742694,41.667449],[41.744777,41.664751],[41.748943,41.664751],[41.751026,41.667449]]]}},{"type":"Feature","properties":{"id":"B1937","kind":"river","core":true,"sea":false,"river":true,"stream":true,"lake":false},"geometry":{"type":"Polygon","coordinates":[[[41.751026,41.672845],[41.748943,41.675543],[41.744777,41.675543],[41.742694,41.672845],[41.744777,41.670147],[41.748943,41.670147],[41.751026,41.672845]]]}},{"type":"Feature","properties":{"id":"B1938","kind":"stream","core":true,"sea":false,"river":false,"stream":true,"lake":false},"geometry":{"type":"Polygon","coordinates":[[[41.751026,41.678241],[41.748943,41.680939],[41.744777,41.680939],[41.742694,41.678241],[41.744777,41.675543],[41.748943,41.675543],[41.751026,41.678241]]]}},{"type":"Feature","properties":{"id":"B1939","kind":"river","core":true,"sea":false,"river":true,"stream":true,"lake":false},"geometry":{"type":"Polygon","coordinates":[[[41.751026,41.683637],[41.748943,41.686335],[41.744777,41.686335],[41.742694,41.683637],[41.744777,41.680939],[41.748943,41.680939],[41.751026,41.683637]]]}},{"type":"Feature","properties":{"id":"B1940","kind":"river","core":true,"sea":false,"river":true,"stream":true,"lake":true},"geometry":{"type":"Polygon","coordinates":[[[41.751026,41.689033],[41.748943,41.691731],[41.744777,41.691731],[41.742694,41.689033],[41.744777,41.686335],[41.748943,41.686335],[41.751026,41.689033]]]}},{"type":"Feature","properties":{"id":"B1941","kind":"river","core":true,"sea":false,"river":true,"stream":false,"lake":false},"geometry":{"type":"Polygon","coordinates":[[[41.751026,41.694429],[41.748943,41.697127],[41.744777,41.697127],[41.742694,41.694429],[41.744777,41.691731],[41.748943,41.691731],[41.751026,41.694429]]]}},{"type":"Feature","properties":{"id":"B1942","kind":"river","core":true,"sea":false,"river":true,"stream":false,"lake":false},"geometry":{"type":"Polygon","coordinates":[[[41.751026,41.699825],[41.748943,41.702523],[41.744777,41.702523],[41.742694,41.699825],[41.744777,41.697127],[41.748943,41.697127],[41.751026,41.699825]]]}},{"type":"Feature","properties":{"id":"B1943","kind":"river","core":false,"sea":false,"river":false,"stream":false,"lake":false},"geometry":{"type":"Polygon","coordinates":[[[41.751026,41.70522],[41.748943,41.707918],[41.744777,41.707918],[41.742694,41.70522],[41.744777,41.702523],[41.748943,41.702523],[41.751026,41.70522]]]}},{"type":"Feature","properties":{"id":"B1944","kind":"river","core":true,"sea":false,"river":true,"stream":false,"lake":false},"geometry":{"type":"Polygon","coordinates":[[[41.751026,41.710616],[41.748943,41.713314],[41.744777,41.713314],[41.742694,41.710616],[41.744777,41.707918],[41.748943,41.707918],[41.751026,41.710616]]]}},{"type":"Feature","properties":{"id":"B1945","kind":"river","core":true,"sea":false,"river":true,"stream":false,"lake":false},"geometry":{"type":"Polygon","coordinates":[[[41.751026,41.716012],[41.748943,41.71871],[41.744777,41.71871],[41.742694,41.716012],[41.744777,41.713314],[41.748943,41.713314],[41.751026,41.716012]]]}},{"type":"Feature","properties":{"id":"B1946","kind":"river","core":false,"sea":false,"river":false,"stream":false,"lake":false},"geometry":{"type":"Polygon","coordinates":[[[41.751026,41.721408],[41.748943,41.724106],[41.744777,41.724106],[41.742694,41.721408],[41.744777,41.71871],[41.748943,41.71871],[41.751026,41.721408]]]}},{"type":"Feature","properties":{"id":"B1953","kind":"stream","core":true,"sea":false,"river":false,"stream":true,"lake":false},"geometry":{"type":"Polygon","coordinates":[[[41.757275,41.502873],[41.755192,41.505571],[41.751026,41.505571],[41.748943,41.502873],[41.751026,41.500175],[41.755192,41.500175],[41.757275,41.502873]]]}},{"type":"Feature","properties":{"id":"B1954","kind":"river","core":false,"sea":false,"river":false,"stream":false,"lake":false},"geometry":{"type":"Polygon","coordinates":[[[41.757275,41.508269],[41.755192,41.510967],[41.751026,41.510967],[41.748943,41.508269],[41.751026,41.505571],[41.755192,41.505571],[41.757275,41.508269]]]}},{"type":"Feature","properties":{"id":"B1955","kind":"river","core":true,"sea":false,"river":true,"stream":true,"lake":false},"geometry":{"type":"Polygon","coordinates":[[[41.757275,41.513665],[41.755192,41.516363],[41.751026,41.516363],[41.748943,41.513665],[41.751026,41.510967],[41.755192,41.510967],[41.757275,41.513665]]]}},{"type":"Feature","properties":{"id":"B1956","kind":"river","core":false,"sea":false,"river":false,"stream":false,"lake":false},"geometry":{"type":"Polygon","coordinates":[[[41.757275,41.519061],[41.755192,41.521759],[41.751026,41.521759],[41.748943,41.519061],[41.751026,41.516363],[41.755192,41.516363],[41.757275,41.519061]]]}},{"type":"Feature","properties":{"id":"B1959","kind":"river","core":false,"sea":false,"river":false,"stream":false,"lake":false},"geometry":{"type":"Polygon","coordinates":[[[41.757275,41.535249],[41.755192,41.537947],[41.751026,41.537947],[41.748943,41.535249],[41.751026,41.532551],[41.755192,41.532551],[41.757275,41.535249]]]}},{"type":"Feature","properties":{"id":"B1960","kind":"river","core":true,"sea":false,"river":true,"stream":false,"lake":false},"geometry":{"type":"Polygon","coordinates":[[[41.757275,41.540645],[41.755192,41.543343],[41.751026,41.543343],[41.748943,41.540645],[41.751026,41.537947],[41.755192,41.537947],[41.757275,41.540645]]]}},{"type":"Feature","properties":{"id":"B1961","kind":"river","core":true,"sea":false,"river":true,"stream":false,"lake":false},"geometry":{"type":"Polygon","coordinates":[[[41.757275,41.546041],[41.755192,41.548739],[41.751026,41.548739],[41.748943,41.546041],[41.751026,41.543343],[41.755192,41.543343],[41.757275,41.546041]]]}},{"type":"Feature","properties":{"id":"B1962","kind":"river","core":false,"sea":false,"river":false,"stream":false,"lake":false},"geometry":{"type":"Polygon","coordinates":[[[41.757275,41.551437],[41.755192,41.554135],[41.751026,41.554135],[41.748943,41.551437],[41.751026,41.548739],[41.755192,41.548739],[41.757275,41.551437]]]}},{"type":"Feature","properties":{"id":"B1971","kind":"stream","core":true,"sea":false,"river":false,"stream":true,"lake":false},"geometry":{"type":"Polygon","coordinates":[[[41.757275,41.6],[41.755192,41.602698],[41.751026,41.602698],[41.748943,41.6],[41.751026,41.597302],[41.755192,41.597302],[41.757275,41.6]]]}},{"type":"Feature","properties":{"id":"B1974","kind":"river","core":false,"sea":false,"river":false,"stream":false,"lake":false},"geometry":{"type":"Polygon","coordinates":[[[41.757275,41.616188],[41.755192,41.618886],[41.751026,41.618886],[41.748943,41.616188],[41.751026,41.61349],[41.755192,41.61349],[41.757275,41.616188]]]}},{"type":"Feature","properties":{"id":"B1975","kind":"river","core":false,"sea":false,"river":false,"stream":false,"lake":false},"geometry":{"type":"Polygon","coordinates":[[[41.757275,41.621584],[41.755192,41.624282],[41.751026,41.624282],[41.748943,41.621584],[41.751026,41.618886],[41.755192,41.618886],[41.757275,41.621584]]]}},{"type":"Feature","properties":{"id":"B1977","kind":"river","core":false,"sea":false,"river":false,"stream":false,"lake":false},"geometry":{"type":"Polygon","coordinates":[[[41.757275,41.632376],[41.755192,41.635073],[41.751026,41.635073],[41.748943,41.632376],[41.751026,41.629678],[41.755192,41.629678],[41.757275,41.632376]]]}},{"type":"Feature","properties":{"id":"B1978","kind":"river","core":true,"sea":false,"river":true,"stream":false,"lake":false},"geometry":{"type":"Polygon","coordinates":[[[41.757275,41.637771],[41.755192,41.640469],[41.751026,41.640469],[41.748943,41.637771],[41.751026,41.635073],[41.755192,41.635073],[41.757275,41.637771]]]}},{"type":"Feature","properties":{"id":"B1979","kind":"river","core":false,"sea":false,"river":false,"stream":false,"lake":false},"geometry":{"type":"Polygon","coordinates":[[[41.757275,41.643167],[41.755192,41.645865],[41.751026,41.645865],[41.748943,41.643167],[41.751026,41.640469],[41.755192,41.640469],[41.757275,41.643167]]]}},{"type":"Feature","properties":{"id":"B1983","kind":"river","core":false,"sea":false,"river":false,"stream":false,"lake":false},"geometry":{"type":"Polygon","coordinates":[[[41.757275,41.664751],[41.755192,41.667449],[41.751026,41.667449],[41.748943,41.664751],[41.751026,41.662053],[41.755192,41.662053],[41.757275,41.664751]]]}},{"type":"Feature","properties":{"id":"B1984","kind":"river","core":false,"sea":false,"river":false,"stream":false,"lake":false},"geometry":{"type":"Polygon","coordinates":[[[41.757275,41.670147],[41.755192,41.672845],[41.751026,41.672845],[41.748943,41.670147],[41.751026,41.667449],[41.755192,41.667449],[41.757275,41.670147]]]}},{"type":"Feature","properties":{"id":"B1985","kind":"stream","core":true,"sea":false,"river":false,"stream":true,"lake":false},"geometry":{"type":"Polygon","coordinates":[[[41.757275,41.675543],[41.755192,41.678241],[41.751026,41.678241],[41.748943,41.675543],[41.751026,41.672845],[41.755192,41.672845],[41.757275,41.675543]]]}},{"type":"Feature","properties":{"id":"B1986","kind":"stream","core":true,"sea":false,"river":false,"stream":true,"lake":false},"geometry":{"type":"Polygon","coordinates":[[[41.757275,41.680939],[41.755192,41.683637],[41.751026,41.683637],[41.748943,41.680939],[41.751026,41.678241],[41.755192,41.678241],[41.757275,41.680939]]]}},{"type":"Feature","properties":{"id":"B1987","kind":"stream","core":true,"sea":false,"river":false,"stream":true,"lake":false},"geometry":{"type":"Polygon","coordinates":[[[41.757275,41.686335],[41.755192,41.689033],[41.751026,41.689033],[41.748943,41.686335],[41.751026,41.683637],[41.755192,41.683637],[41.757275,41.686335]]]}},{"type":"Feature","properties":{"id":"B1988","kind":"river","core":false,"sea":false,"river":false,"stream":false,"lake":false},"geometry":{"type":"Polygon","coordinates":[[[41.757275,41.691731],[41.755192,41.694429],[41.751026,41.694429],[41.748943,41.691731],[41.751026,41.689033],[41.755192,41.689033],[41.757275,41.691731]]]}},{"type":"Feature","properties":{"id":"B1989","kind":"river","core":true,"sea":false,"river":true,"stream":false,"lake":false},"geometry":{"type":"Polygon","coordinates":[[[41.757275,41.697127],[41.755192,41.699825],[41.751026,41.699825],[41.748943,41.697127],[41.751026,41.694429],[41.755192,41.694429],[41.757275,41.697127]]]}},{"type":"Feature","properties":{"id":"B1990","kind":"river","core":true,"sea":false,"river":true,"stream":false,"lake":false},"geometry":{"type":"Polygon","coordinates":[[[41.757275,41.702523],[41.755192,41.70522],[41.751026,41.70522],[41.748943,41.702523],[41.751026,41.699825],[41.755192,41.699825],[41.757275,41.702523]]]}},{"type":"Feature","properties":{"id":"B1991","kind":"river","core":true,"sea":false,"river":true,"stream":false,"lake":false},"geometry":{"type":"Polygon","coordinates":[[[41.757275,41.707918],[41.755192,41.710616],[41.751026,41.710616],[41.748943,41.707918],[41.751026,41.70522],[41.755192,41.70522],[41.757275,41.707918]]]}},{"type":"Feature","properties":{"id":"B1992","kind":"river","core":true,"sea":false,"river":true,"stream":false,"lake":false},"geometry":{"type":"Polygon","coordinates":[[[41.757275,41.713314],[41.755192,41.716012],[41.751026,41.716012],[41.748943,41.713314],[41.751026,41.710616],[41.755192,41.710616],[41.757275,41.713314]]]}},{"type":"Feature","properties":{"id":"B1993","kind":"river","core":true,"sea":false,"river":true,"stream":false,"lake":false},"geometry":{"type":"Polygon","coordinates":[[[41.757275,41.71871],[41.755192,41.721408],[41.751026,41.721408],[41.748943,41.71871],[41.751026,41.716012],[41.755192,41.716012],[41.757275,41.71871]]]}},{"type":"Feature","properties":{"id":"B1994","kind":"river","core":false,"sea":false,"river":false,"stream":false,"lake":false},"geometry":{"type":"Polygon","coordinates":[[[41.757275,41.724106],[41.755192,41.726804],[41.751026,41.726804],[41.748943,41.724106],[41.751026,41.721408],[41.755192,41.721408],[41.757275,41.724106]]]}},{"type":"Feature","properties":{"id":"B1999","kind":"stream","core":true,"sea":false,"river":false,"stream":true,"lake":false},"geometry":{"type":"Polygon","coordinates":[[[41.763524,41.49478],[41.761441,41.497477],[41.757275,41.497477],[41.755192,41.49478],[41.757275,41.492082],[41.761441,41.492082],[41.763524,41.49478]]]}},{"type":"Feature","properties":{"id":"B2000","kind":"stream","core":true,"sea":false,"river":false,"stream":true,"lake":false},"geometry":{"type":"Polygon","coordinates":[[[41.763524,41.500175],[41.761441,41.502873],[41.757275,41.502873],[41.755192,41.500175],[41.757275,41.497477],[41.761441,41.497477],[41.763524,41.500175]]]}},{"type":"Feature","properties":{"id":"B2001","kind":"stream","core":true,"sea":false,"river":false,"stream":true,"lake":false},"geometry":{"type":"Polygon","coordinates":[[[41.763524,41.505571],[41.761441,41.508269],[41.757275,41.508269],[41.755192,41.505571],[41.757275,41.502873],[41.761441,41.502873],[41.763524,41.505571]]]}},{"type":"Feature","properties":{"id":"B2002","kind":"river","core":true,"sea":false,"river":true,"stream":true,"lake":false},"geometry":{"type":"Polygon","coordinates":[[[41.763524,41.510967],[41.761441,41.513665],[41.757275,41.513665],[41.755192,41.510967],[41.757275,41.508269],[41.761441,41.508269],[41.763524,41.510967]]]}},{"type":"Feature","properties":{"id":"B2003","kind":"river","core":true,"sea":false,"river":true,"stream":false,"lake":false},"geometry":{"type":"Polygon","coordinates":[[[41.763524,41.516363],[41.761441,41.519061],[41.757275,41.519061],[41.755192,41.516363],[41.757275,41.513665],[41.761441,41.513665],[41.763524,41.516363]]]}},{"type":"Feature","properties":{"id":"B2004","kind":"river","core":false,"sea":false,"river":false,"stream":false,"lake":false},"geometry":{"type":"Polygon","coordinates":[[[41.763524,41.521759],[41.761441,41.524457],[41.757275,41.524457],[41.755192,41.521759],[41.757275,41.519061],[41.761441,41.519061],[41.763524,41.521759]]]}},{"type":"Feature","properties":{"id":"B2007","kind":"river","core":false,"sea":false,"river":false,"stream":false,"lake":false},"geometry":{"type":"Polygon","coordinates":[[[41.763524,41.537947],[41.761441,41.540645],[41.757275,41.540645],[41.755192,41.537947],[41.757275,41.535249],[41.761441,41.535249],[41.763524,41.537947]]]}},{"type":"Feature","properties":{"id":"B2008","kind":"river","core":true,"sea":false,"river":true,"stream":false,"lake":false},"geometry":{"type":"Polygon","coordinates":[[[41.763524,41.543343],[41.761441,41.546041],[41.757275,41.546041],[41.755192,41.543343],[41.757275,41.540645],[41.761441,41.540645],[41.763524,41.543343]]]}},{"type":"Feature","properties":{"id":"B2009","kind":"river","core":true,"sea":false,"river":true,"stream":false,"lake":false},"geometry":{"type":"Polygon","coordinates":[[[41.763524,41.548739],[41.761441,41.551437],[41.757275,41.551437],[41.755192,41.548739],[41.757275,41.546041],[41.761441,41.546041],[41.763524,41.548739]]]}},{"type":"Feature","properties":{"id":"B2010","kind":"river","core":false,"sea":false,"river":false,"stream":false,"lake":false},"geometry":{"type":"Polygon","coordinates":[[[41.763524,41.554135],[41.761441,41.556833],[41.757275,41.556833],[41.755192,41.554135],[41.757275,41.551437],[41.761441,41.551437],[41.763524,41.554135]]]}},{"type":"Feature","properties":{"id":"B2012","kind":"stream","core":true,"sea":false,"river":false,"stream":true,"lake":false},"geometry":{"type":"Polygon","coordinates":[[[41.763524,41.564927],[41.761441,41.567624],[41.757275,41.567624],[41.755192,41.564927],[41.757275,41.562229],[41.761441,41.562229],[41.763524,41.564927]]]}},{"type":"Feature","properties":{"id":"B2014","kind":"stream","core":true,"sea":false,"river":false,"stream":true,"lake":false},"geometry":{"type":"Polygon","coordinates":[[[41.763524,41.575718],[41.761441,41.578416],[41.757275,41.578416],[41.755192,41.575718],[41.757275,41.57302],[41.761441,41.57302],[41.763524,41.575718]]]}},{"type":"Feature","properties":{"id":"B2024","kind":"river","core":false,"sea":false,"river":false,"stream":false,"lake":false},"geometry":{"type":"Polygon","coordinates":[[[41.763524,41.629678],[41.761441,41.632376],[41.757275,41.632376],[41.755192,41.629678],[41.757275,41.62698],[41.761441,41.62698],[41.763524,41.629678]]]}},{"type":"Feature","properties":{"id":"B2025","kind":"river","core":true,"sea":false,"river":true,"stream":false,"lake":false},"geometry":{"type":"Polygon","coordinates":[[[41.763524,41.635073],[41.761441,41.637771],[41.757275,41.637771],[41.755192,41.635073],[41.757275,41.632376],[41.761441,41.632376],[41.763524,41.635073]]]}},{"type":"Feature","properties":{"id":"B2026","kind":"river","core":false,"sea":false,"river":false,"stream":false,"lake":false},"geometry":{"type":"Polygon","coordinates":[[[41.763524,41.640469],[41.761441,41.643167],[41.757275,41.643167],[41.755192,41.640469],[41.757275,41.637771],[41.761441,41.637771],[41.763524,41.640469]]]}},{"type":"Feature","properties":{"id":"B2030","kind":"river","core":false,"sea":false,"river":false,"stream":false,"lake":false},"geometry":{"type":"Polygon","coordinates":[[[41.763524,41.662053],[41.761441,41.664751],[41.757275,41.664751],[41.755192,41.662053],[41.757275,41.659355],[41.761441,41.659355],[41.763524,41.662053]]]}},{"type":"Feature","properties":{"id":"B2031","kind":"stream","core":true,"sea":false,"river":false,"stream":true,"lake":false},"geometry":{"type":"Polygon","coordinates":[[[41.763524,41.667449],[41.761441,41.670147],[41.757275,41.670147],[41.755192,41.667449],[41.757275,41.664751],[41.761441,41.664751],[41.763524,41.667449]]]}},{"type":"Feature","properties":{"id":"B2032","kind":"river","core":false,"sea":false,"river":false,"stream":false,"lake":false},"geometry":{"type":"Polygon","coordinates":[[[41.763524,41.672845],[41.761441,41.675543],[41.757275,41.675543],[41.755192,41.672845],[41.757275,41.670147],[41.761441,41.670147],[41.763524,41.672845]]]}},{"type":"Feature","properties":{"id":"B2033","kind":"river","core":false,"sea":false,"river":false,"stream":false,"lake":false},"geometry":{"type":"Polygon","coordinates":[[[41.763524,41.678241],[41.761441,41.680939],[41.757275,41.680939],[41.755192,41.678241],[41.757275,41.675543],[41.761441,41.675543],[41.763524,41.678241]]]}},{"type":"Feature","properties":{"id":"B2034","kind":"stream","core":true,"sea":false,"river":false,"stream":true,"lake":false},"geometry":{"type":"Polygon","coordinates":[[[41.763524,41.683637],[41.761441,41.686335],[41.757275,41.686335],[41.755192,41.683637],[41.757275,41.680939],[41.761441,41.680939],[41.763524,41.683637]]]}},{"type":"Feature","properties":{"id":"B2035","kind":"stream","core":true,"sea":false,"river":false,"stream":true,"lake":false},"geometry":{"type":"Polygon","coordinates":[[[41.763524,41.689033],[41.761441,41.691731],[41.757275,41.691731],[41.755192,41.689033],[41.757275,41.686335],[41.761441,41.686335],[41.763524,41.689033]]]}},{"type":"Feature","properties":{"id":"B2036","kind":"river","core":true,"sea":false,"river":true,"stream":false,"lake":true},"geometry":{"type":"Polygon","coordinates":[[[41.763524,41.694429],[41.761441,41.697127],[41.757275,41.697127],[41.755192,41.694429],[41.757275,41.691731],[41.761441,41.691731],[41.763524,41.694429]]]}},{"type":"Feature","properties":{"id":"B2037","kind":"river","core":true,"sea":false,"river":true,"stream":false,"lake":false},"geometry":{"type":"Polygon","coordinates":[[[41.763524,41.699825],[41.761441,41.702523],[41.757275,41.702523],[41.755192,41.699825],[41.757275,41.697127],[41.761441,41.697127],[41.763524,41.699825]]]}},{"type":"Feature","properties":{"id":"B2038","kind":"river","core":true,"sea":false,"river":true,"stream":false,"lake":false},"geometry":{"type":"Polygon","coordinates":[[[41.763524,41.70522],[41.761441,41.707918],[41.757275,41.707918],[41.755192,41.70522],[41.757275,41.702523],[41.761441,41.702523],[41.763524,41.70522]]]}},{"type":"Feature","properties":{"id":"B2039","kind":"river","core":true,"sea":false,"river":true,"stream":false,"lake":false},"geometry":{"type":"Polygon","coordinates":[[[41.763524,41.710616],[41.761441,41.713314],[41.757275,41.713314],[41.755192,41.710616],[41.757275,41.707918],[41.761441,41.707918],[41.763524,41.710616]]]}},{"type":"Feature","properties":{"id":"B2040","kind":"river","core":false,"sea":false,"river":false,"stream":false,"lake":false},"geometry":{"type":"Polygon","coordinates":[[[41.763524,41.716012],[41.761441,41.71871],[41.757275,41.71871],[41.755192,41.716012],[41.757275,41.713314],[41.761441,41.713314],[41.763524,41.716012]]]}},{"type":"Feature","properties":{"id":"B2041","kind":"river","core":false,"sea":false,"river":false,"stream":false,"lake":false},"geometry":{"type":"Polygon","coordinates":[[[41.763524,41.721408],[41.761441,41.724106],[41.757275,41.724106],[41.755192,41.721408],[41.757275,41.71871],[41.761441,41.71871],[41.763524,41.721408]]]}},{"type":"Feature","properties":{"id":"B2045","kind":"stream","core":true,"sea":false,"river":false,"stream":true,"lake":false},"geometry":{"type":"Polygon","coordinates":[[[41.769773,41.486686],[41.76769,41.489384],[41.763524,41.489384],[41.761441,41.486686],[41.763524,41.483988],[41.76769,41.483988],[41.769773,41.486686]]]}},{"type":"Feature","properties":{"id":"B2046","kind":"stream","core":true,"sea":false,"river":false,"stream":true,"lake":false},"geometry":{"type":"Polygon","coordinates":[[[41.769773,41.492082],[41.76769,41.49478],[41.763524,41.49478],[41.761441,41.492082],[41.763524,41.489384],[41.76769,41.489384],[41.769773,41.492082]]]}},{"type":"Feature","properties":{"id":"B2047","kind":"stream","core":true,"sea":false,"river":false,"stream":true,"lake":false},"geometry":{"type":"Polygon","coordinates":[[[41.769773,41.497477],[41.76769,41.500175],[41.763524,41.500175],[41.761441,41.497477],[41.763524,41.49478],[41.76769,41.49478],[41.769773,41.497477]]]}},{"type":"Feature","properties":{"id":"B2049","kind":"river","core":false,"sea":false,"river":false,"stream":false,"lake":false},"geometry":{"type":"Polygon","coordinates":[[[41.769773,41.508269],[41.76769,41.510967],[41.763524,41.510967],[41.761441,41.508269],[41.763524,41.505571],[41.76769,41.505571],[41.769773,41.508269]]]}},{"type":"Feature","properties":{"id":"B2050","kind":"river","core":true,"sea":false,"river":true,"stream":true,"lake":false},"geometry":{"type":"Polygon","coordinates":[[[41.769773,41.513665],[41.76769,41.516363],[41.763524,41.516363],[41.761441,41.513665],[41.763524,41.510967],[41.76769,41.510967],[41.769773,41.513665]]]}},{"type":"Feature","properties":{"id":"B2051","kind":"river","core":false,"sea":false,"river":false,"stream":false,"lake":false},"geometry":{"type":"Polygon","coordinates":[[[41.769773,41.519061],[41.76769,41.521759],[41.763524,41.521759],[41.761441,41.519061],[41.763524,41.516363],[41.76769,41.516363],[41.769773,41.519061]]]}},{"type":"Feature","properties":{"id":"B2054","kind":"river","core":false,"sea":false,"river":false,"stream":false,"lake":false},"geometry":{"type":"Polygon","coordinates":[[[41.769773,41.535249],[41.76769,41.537947],[41.763524,41.537947],[41.761441,41.535249],[41.763524,41.532551],[41.76769,41.532551],[41.769773,41.535249]]]}},{"type":"Feature","properties":{"id":"B2055","kind":"river","core":true,"sea":false,"river":true,"stream":false,"lake":false},"geometry":{"type":"Polygon","coordinates":[[[41.769773,41.540645],[41.76769,41.543343],[41.763524,41.543343],[41.761441,41.540645],[41.763524,41.537947],[41.76769,41.537947],[41.769773,41.540645]]]}},{"type":"Feature","properties":{"id":"B2056","kind":"river","core":true,"sea":false,"river":true,"stream":false,"lake":false},"geometry":{"type":"Polygon","coordinates":[[[41.769773,41.546041],[41.76769,41.548739],[41.763524,41.548739],[41.761441,41.546041],[41.763524,41.543343],[41.76769,41.543343],[41.769773,41.546041]]]}},{"type":"Feature","properties":{"id":"B2057","kind":"river","core":false,"sea":false,"river":false,"stream":false,"lake":false},"geometry":{"type":"Polygon","coordinates":[[[41.769773,41.551437],[41.76769,41.554135],[41.763524,41.554135],[41.761441,41.551437],[41.763524,41.548739],[41.76769,41.548739],[41.769773,41.551437]]]}},{"type":"Feature","properties":{"id":"B2059","kind":"stream","core":true,"sea":false,"river":false,"stream":true,"lake":false},"geometry":{"type":"Polygon","coordinates":[[[41.769773,41.562229],[41.76769,41.564927],[41.763524,41.564927],[41.761441,41.562229],[41.763524,41.559531],[41.76769,41.559531],[41.769773,41.562229]]]}},{"type":"Feature","properties":{"id":"B2060","kind":"stream","core":true,"sea":false,"river":false,"stream":true,"lake":false},"geometry":{"type":"Polygon","coordinates":[[[41.769773,41.567624],[41.76769,41.570322],[41.763524,41.570322],[41.761441,41.567624],[41.763524,41.564927],[41.76769,41.564927],[41.769773,41.567624]]]}},{"type":"Feature","properties":{"id":"B2061","kind":"stream","core":true,"sea":false,"river":false,"stream":true,"lake":false},"geometry":{"type":"Polygon","coordinates":[[[41.769773,41.57302],[41.76769,41.575718],[41.763524,41.575718],[41.761441,41.57302],[41.763524,41.570322],[41.76769,41.570322],[41.769773,41.57302]]]}},{"type":"Feature","properties":{"id":"B2062","kind":"stream","core":true,"sea":false,"river":false,"stream":true,"lake":false},"geometry":{"type":"Polygon","coordinates":[[[41.769773,41.578416],[41.76769,41.581114],[41.763524,41.581114],[41.761441,41.578416],[41.763524,41.575718],[41.76769,41.575718],[41.769773,41.578416]]]}},{"type":"Feature","properties":{"id":"B2066","kind":"stream","core":true,"sea":false,"river":false,"stream":true,"lake":false},"geometry":{"type":"Polygon","coordinates":[[[41.769773,41.6],[41.76769,41.602698],[41.763524,41.602698],[41.761441,41.6],[41.763524,41.597302],[41.76769,41.597302],[41.769773,41.6]]]}},{"type":"Feature","properties":{"id":"B2070","kind":"river","core":false,"sea":false,"river":false,"stream":false,"lake":false},"geometry":{"type":"Polygon","coordinates":[[[41.769773,41.621584],[41.76769,41.624282],[41.763524,41.624282],[41.761441,41.621584],[41.763524,41.618886],[41.76769,41.618886],[41.769773,41.621584]]]}},{"type":"Feature","properties":{"id":"B2071","kind":"river","core":false,"sea":false,"river":false,"stream":false,"lake":false},"geometry":{"type":"Polygon","coordinates":[[[41.769773,41.62698],[41.76769,41.629678],[41.763524,41.629678],[41.761441,41.62698],[41.763524,41.624282],[41.76769,41.624282],[41.769773,41.62698]]]}},{"type":"Feature","properties":{"id":"B2072","kind":"river","core":true,"sea":false,"river":true,"stream":false,"lake":false},"geometry":{"type":"Polygon","coordinates":[[[41.769773,41.632376],[41.76769,41.635073],[41.763524,41.635073],[41.761441,41.632376],[41.763524,41.629678],[41.76769,41.629678],[41.769773,41.632376]]]}},{"type":"Feature","properties":{"id":"B2073","kind":"river","core":true,"sea":false,"river":true,"stream":true,"lake":false},"geometry":{"type":"Polygon","coordinates":[[[41.769773,41.637771],[41.76769,41.640469],[41.763524,41.640469],[41.761441,41.637771],[41.763524,41.635073],[41.76769,41.635073],[41.769773,41.637771]]]}},{"type":"Feature","properties":{"id":"B2074","kind":"river","core":false,"sea":false,"river":false,"stream":false,"lake":false},"geometry":{"type":"Polygon","coordinates":[[[41.769773,41.643167],[41.76769,41.645865],[41.763524,41.645865],[41.761441,41.643167],[41.763524,41.640469],[41.76769,41.640469],[41.769773,41.643167]]]}},{"type":"Feature","properties":{"id":"B2077","kind":"river","core":false,"sea":false,"river":false,"stream":false,"lake":false},"geometry":{"type":"Polygon","coordinates":[[[41.769773,41.659355],[41.76769,41.662053],[41.763524,41.662053],[41.761441,41.659355],[41.763524,41.656657],[41.76769,41.656657],[41.769773,41.659355]]]}},{"type":"Feature","properties":{"id":"B2078","kind":"river","core":true,"sea":false,"river":true,"stream":false,"lake":false},"geometry":{"type":"Polygon","coordinates":[[[41.769773,41.664751],[41.76769,41.667449],[41.763524,41.667449],[41.761441,41.664751],[41.763524,41.662053],[41.76769,41.662053],[41.769773,41.664751]]]}},{"type":"Feature","properties":{"id":"B2079","kind":"river","core":true,"sea":false,"river":true,"stream":true,"lake":false},"geometry":{"type":"Polygon","coordinates":[[[41.769773,41.670147],[41.76769,41.672845],[41.763524,41.672845],[41.761441,41.670147],[41.763524,41.667449],[41.76769,41.667449],[41.769773,41.670147]]]}},{"type":"Feature","properties":{"id":"B2080","kind":"river","core":true,"sea":false,"river":true,"stream":false,"lake":false},"geometry":{"type":"Polygon","coordinates":[[[41.769773,41.675543],[41.76769,41.678241],[41.763524,41.678241],[41.761441,41.675543],[41.763524,41.672845],[41.76769,41.672845],[41.769773,41.675543]]]}},{"type":"Feature","properties":{"id":"B2081","kind":"river","core":true,"sea":false,"river":true,"stream":false,"lake":false},"geometry":{"type":"Polygon","coordinates":[[[41.769773,41.680939],[41.76769,41.683637],[41.763524,41.683637],[41.761441,41.680939],[41.763524,41.678241],[41.76769,41.678241],[41.769773,41.680939]]]}},{"type":"Feature","properties":{"id":"B2082","kind":"river","core":true,"sea":false,"river":true,"stream":true,"lake":false},"geometry":{"type":"Polygon","coordinates":[[[41.769773,41.686335],[41.76769,41.689033],[41.763524,41.689033],[41.761441,41.686335],[41.763524,41.683637],[41.76769,41.683637],[41.769773,41.686335]]]}},{"type":"Feature","properties":{"id":"B2083","kind":"river","core":true,"sea":false,"river":true,"stream":false,"lake":false},"geometry":{"type":"Polygon","coordinates":[[[41.769773,41.691731],[41.76769,41.694429],[41.763524,41.694429],[41.761441,41.691731],[41.763524,41.689033],[41.76769,41.689033],[41.769773,41.691731]]]}},{"type":"Feature","properties":{"id":"B2084","kind":"river","core":false,"sea":false,"river":false,"stream":false,"lake":false},"geometry":{"type":"Polygon","coordinates":[[[41.769773,41.697127],[41.76769,41.699825],[41.763524,41.699825],[41.761441,41.697127],[41.763524,41.694429],[41.76769,41.694429],[41.769773,41.697127]]]}},{"type":"Feature","properties":{"id":"B2085","kind":"river","core":true,"sea":false,"river":true,"stream":false,"lake":false},"geometry":{"type":"Polygon","coordinates":[[[41.769773,41.702523],[41.76769,41.70522],[41.763524,41.70522],[41.761441,41.702523],[41.763524,41.699825],[41.76769,41.699825],[41.769773,41.702523]]]}},{"type":"Feature","properties":{"id":"B2086","kind":"river","core":true,"sea":false,"river":true,"stream":false,"lake":false},"geometry":{"type":"Polygon","coordinates":[[[41.769773,41.707918],[41.76769,41.710616],[41.763524,41.710616],[41.761441,41.707918],[41.763524,41.70522],[41.76769,41.70522],[41.769773,41.707918]]]}},{"type":"Feature","properties":{"id":"B2087","kind":"river","core":false,"sea":false,"river":false,"stream":false,"lake":false},"geometry":{"type":"Polygon","coordinates":[[[41.769773,41.713314],[41.76769,41.716012],[41.763524,41.716012],[41.761441,41.713314],[41.763524,41.710616],[41.76769,41.710616],[41.769773,41.713314]]]}},{"type":"Feature","properties":{"id":"B2092","kind":"stream","core":true,"sea":false,"river":false,"stream":true,"lake":false},"geometry":{"type":"Polygon","coordinates":[[[41.776022,41.483988],[41.773939,41.486686],[41.769773,41.486686],[41.76769,41.483988],[41.769773,41.48129],[41.773939,41.48129],[41.776022,41.483988]]]}},{"type":"Feature","properties":{"id":"B2096","kind":"stream","core":true,"sea":false,"river":false,"stream":true,"lake":false},"geometry":{"type":"Polygon","coordinates":[[[41.776022,41.505571],[41.773939,41.508269],[41.769773,41.508269],[41.76769,41.505571],[41.769773,41.502873],[41.773939,41.502873],[41.776022,41.505571]]]}},{"type":"Feature","properties":{"id":"B2097","kind":"river","core":true,"sea":false,"river":true,"stream":true,"lake":false},"geometry":{"type":"Polygon","coordinates":[[[41.776022,41.510967],[41.773939,41.513665],[41.769773,41.513665],[41.76769,41.510967],[41.769773,41.508269],[41.773939,41.508269],[41.776022,41.510967]]]}},{"type":"Feature","properties":{"id":"B2098","kind":"river","core":false,"sea":false,"river":false,"stream":false,"lake":false},"geometry":{"type":"Polygon","coordinates":[[[41.776022,41.516363],[41.773939,41.519061],[41.769773,41.519061],[41.76769,41.516363],[41.769773,41.513665],[41.773939,41.513665],[41.776022,41.516363]]]}},{"type":"Feature","properties":{"id":"B2099","kind":"river","core":false,"sea":false,"river":false,"stream":false,"lake":false},"geometry":{"type":"Polygon","coordinates":[[[41.776022,41.521759],[41.773939,41.524457],[41.769773,41.524457],[41.76769,41.521759],[41.769773,41.519061],[41.773939,41.519061],[41.776022,41.521759]]]}},{"type":"Feature","properties":{"id":"B2102","kind":"river","core":false,"sea":false,"river":false,"stream":false,"lake":false},"geometry":{"type":"Polygon","coordinates":[[[41.776022,41.537947],[41.773939,41.540645],[41.769773,41.540645],[41.76769,41.537947],[41.769773,41.535249],[41.773939,41.535249],[41.776022,41.537947]]]}},{"type":"Feature","properties":{"id":"B2103","kind":"river","core":true,"sea":false,"river":true,"stream":true,"lake":false},"geometry":{"type":"Polygon","coordinates":[[[41.776022,41.543343],[41.773939,41.546041],[41.769773,41.546041],[41.76769,41.543343],[41.769773,41.540645],[41.773939,41.540645],[41.776022,41.543343]]]}},{"type":"Feature","properties":{"id":"B2104","kind":"stream","core":true,"sea":false,"river":false,"stream":true,"lake":false},"geometry":{"type":"Polygon","coordinates":[[[41.776022,41.548739],[41.773939,41.551437],[41.769773,41.551437],[41.76769,41.548739],[41.769773,41.546041],[41.773939,41.546041],[41.776022,41.548739]]]}},{"type":"Feature","properties":{"id":"B2105","kind":"stream","core":true,"sea":false,"river":false,"stream":true,"lake":false},"geometry":{"type":"Polygon","coordinates":[[[41.776022,41.554135],[41.773939,41.556833],[41.769773,41.556833],[41.76769,41.554135],[41.769773,41.551437],[41.773939,41.551437],[41.776022,41.554135]]]}},{"type":"Feature","properties":{"id":"B2106","kind":"stream","core":true,"sea":false,"river":false,"stream":true,"lake":false},"geometry":{"type":"Polygon","coordinates":[[[41.776022,41.559531],[41.773939,41.562229],[41.769773,41.562229],[41.76769,41.559531],[41.769773,41.556833],[41.773939,41.556833],[41.776022,41.559531]]]}},{"type":"Feature","properties":{"id":"B2107","kind":"stream","core":true,"sea":false,"river":false,"stream":true,"lake":false},"geometry":{"type":"Polygon","coordinates":[[[41.776022,41.564927],[41.773939,41.567624],[41.769773,41.567624],[41.76769,41.564927],[41.769773,41.562229],[41.773939,41.562229],[41.776022,41.564927]]]}},{"type":"Feature","properties":{"id":"B2108","kind":"stream","core":true,"sea":false,"river":false,"stream":true,"lake":false},"geometry":{"type":"Polygon","coordinates":[[[41.776022,41.570322],[41.773939,41.57302],[41.769773,41.57302],[41.76769,41.570322],[41.769773,41.567624],[41.773939,41.567624],[41.776022,41.570322]]]}},{"type":"Feature","properties":{"id":"B2109","kind":"stream","core":true,"sea":false,"river":false,"stream":true,"lake":false},"geometry":{"type":"Polygon","coordinates":[[[41.776022,41.575718],[41.773939,41.578416],[41.769773,41.578416],[41.76769,41.575718],[41.769773,41.57302],[41.773939,41.57302],[41.776022,41.575718]]]}},{"type":"Feature","properties":{"id":"B2110","kind":"stream","core":true,"sea":false,"river":false,"stream":true,"lake":false},"geometry":{"type":"Polygon","coordinates":[[[41.776022,41.581114],[41.773939,41.583812],[41.769773,41.583812],[41.76769,41.581114],[41.769773,41.578416],[41.773939,41.578416],[41.776022,41.581114]]]}},{"type":"Feature","properties":{"id":"B2113","kind":"stream","core":true,"sea":false,"river":false,"stream":true,"lake":false},"geometry":{"type":"Polygon","coordinates":[[[41.776022,41.597302],[41.773939,41.6],[41.769773,41.6],[41.76769,41.597302],[41.769773,41.594604],[41.773939,41.594604],[41.776022,41.597302]]]}},{"type":"Feature","properties":{"id":"B2114","kind":"stream","core":true,"sea":false,"river":false,"stream":true,"lake":false},"geometry":{"type":"Polygon","coordinates":[[[41.776022,41.602698],[41.773939,41.605396],[41.769773,41.605396],[41.76769,41.602698],[41.769773,41.6],[41.773939,41.6],[41.776022,41.602698]]]}},{"type":"Feature","properties":{"id":"B2117","kind":"stream","core":true,"sea":false,"river":false,"stream":true,"lake":false},"geometry":{"type":"Polygon","coordinates":[[[41.776022,41.618886],[41.773939,41.621584],[41.769773,41.621584],[41.76769,41.618886],[41.769773,41.616188],[41.773939,41.616188],[41.776022,41.618886]]]}},{"type":"Feature","properties":{"id":"B2118","kind":"river","core":true,"sea":false,"river":true,"stream":true,"lake":false},"geometry":{"type":"Polygon","coordinates":[[[41.776022,41.624282],[41.773939,41.62698],[41.769773,41.62698],[41.76769,41.624282],[41.769773,41.621584],[41.773939,41.621584],[41.776022,41.624282]]]}},{"type":"Feature","properties":{"id":"B2119","kind":"river","core":true,"sea":false,"river":true,"stream":false,"lake":false},"geometry":{"type":"Polygon","coordinates":[[[41.776022,41.629678],[41.773939,41.632376],[41.769773,41.632376],[41.76769,41.629678],[41.769773,41.62698],[41.773939,41.62698],[41.776022,41.629678]]]}},{"type":"Feature","properties":{"id":"B2120","kind":"river","core":true,"sea":false,"river":true,"stream":false,"lake":false},"geometry":{"type":"Polygon","coordinates":[[[41.776022,41.635073],[41.773939,41.637771],[41.769773,41.637771],[41.76769,41.635073],[41.769773,41.632376],[41.773939,41.632376],[41.776022,41.635073]]]}},{"type":"Feature","properties":{"id":"B2121","kind":"stream","core":true,"sea":false,"river":false,"stream":true,"lake":false},"geometry":{"type":"Polygon","coordinates":[[[41.776022,41.640469],[41.773939,41.643167],[41.769773,41.643167],[41.76769,41.640469],[41.769773,41.637771],[41.773939,41.637771],[41.776022,41.640469]]]}},{"type":"Feature","properties":{"id":"B2122","kind":"stream","core":true,"sea":false,"river":false,"stream":true,"lake":false},"geometry":{"type":"Polygon","coordinates":[[[41.776022,41.645865],[41.773939,41.648563],[41.769773,41.648563],[41.76769,41.645865],[41.769773,41.643167],[41.773939,41.643167],[41.776022,41.645865]]]}},{"type":"Feature","properties":{"id":"B2124","kind":"river","core":false,"sea":false,"river":false,"stream":false,"lake":false},"geometry":{"type":"Polygon","coordinates":[[[41.776022,41.656657],[41.773939,41.659355],[41.769773,41.659355],[41.76769,41.656657],[41.769773,41.653959],[41.773939,41.653959],[41.776022,41.656657]]]}},{"type":"Feature","properties":{"id":"B2125","kind":"river","core":true,"sea":false,"river":true,"stream":false,"lake":false},"geometry":{"type":"Polygon","coordinates":[[[41.776022,41.662053],[41.773939,41.664751],[41.769773,41.664751],[41.76769,41.662053],[41.769773,41.659355],[41.773939,41.659355],[41.776022,41.662053]]]}},{"type":"Feature","properties":{"id":"B2126","kind":"river","core":false,"sea":false,"river":false,"stream":false,"lake":false},"geometry":{"type":"Polygon","coordinates":[[[41.776022,41.667449],[41.773939,41.670147],[41.769773,41.670147],[41.76769,41.667449],[41.769773,41.664751],[41.773939,41.664751],[41.776022,41.667449]]]}},{"type":"Feature","properties":{"id":"B2127","kind":"river","core":true,"sea":false,"river":true,"stream":false,"lake":false},"geometry":{"type":"Polygon","coordinates":[[[41.776022,41.672845],[41.773939,41.675543],[41.769773,41.675543],[41.76769,41.672845],[41.769773,41.670147],[41.773939,41.670147],[41.776022,41.672845]]]}},{"type":"Feature","properties":{"id":"B2128","kind":"river","core":true,"sea":false,"river":true,"stream":false,"lake":false},"geometry":{"type":"Polygon","coordinates":[[[41.776022,41.678241],[41.773939,41.680939],[41.769773,41.680939],[41.76769,41.678241],[41.769773,41.675543],[41.773939,41.675543],[41.776022,41.678241]]]}},{"type":"Feature","properties":{"id":"B2129","kind":"river","core":true,"sea":false,"river":true,"stream":false,"lake":false},"geometry":{"type":"Polygon","coordinates":[[[41.776022,41.683637],[41.773939,41.686335],[41.769773,41.686335],[41.76769,41.683637],[41.769773,41.680939],[41.773939,41.680939],[41.776022,41.683637]]]}},{"type":"Feature","properties":{"id":"B2130","kind":"river","core":false,"sea":false,"river":false,"stream":false,"lake":false},"geometry":{"type":"Polygon","coordinates":[[[41.776022,41.689033],[41.773939,41.691731],[41.769773,41.691731],[41.76769,41.689033],[41.769773,41.686335],[41.773939,41.686335],[41.776022,41.689033]]]}},{"type":"Feature","properties":{"id":"B2131","kind":"river","core":false,"sea":false,"river":false,"stream":false,"lake":false},"geometry":{"type":"Polygon","coordinates":[[[41.776022,41.694429],[41.773939,41.697127],[41.769773,41.697127],[41.76769,41.694429],[41.769773,41.691731],[41.773939,41.691731],[41.776022,41.694429]]]}},{"type":"Feature","properties":{"id":"B2132","kind":"stream","core":true,"sea":false,"river":false,"stream":true,"lake":false},"geometry":{"type":"Polygon","coordinates":[[[41.776022,41.699825],[41.773939,41.702523],[41.769773,41.702523],[41.76769,41.699825],[41.769773,41.697127],[41.773939,41.697127],[41.776022,41.699825]]]}},{"type":"Feature","properties":{"id":"B2133","kind":"river","core":true,"sea":false,"river":true,"stream":true,"lake":false},"geometry":{"type":"Polygon","coordinates":[[[41.776022,41.70522],[41.773939,41.707918],[41.769773,41.707918],[41.76769,41.70522],[41.769773,41.702523],[41.773939,41.702523],[41.776022,41.70522]]]}},{"type":"Feature","properties":{"id":"B2134","kind":"river","core":true,"sea":false,"river":true,"stream":false,"lake":false},"geometry":{"type":"Polygon","coordinates":[[[41.776022,41.710616],[41.773939,41.713314],[41.769773,41.713314],[41.76769,41.710616],[41.769773,41.707918],[41.773939,41.707918],[41.776022,41.710616]]]}},{"type":"Feature","properties":{"id":"B2135","kind":"river","core":false,"sea":false,"river":false,"stream":false,"lake":false},"geometry":{"type":"Polygon","coordinates":[[[41.776022,41.716012],[41.773939,41.71871],[41.769773,41.71871],[41.76769,41.716012],[41.769773,41.713314],[41.773939,41.713314],[41.776022,41.716012]]]}},{"type":"Feature","properties":{"id":"B2142","kind":"stream","core":true,"sea":false,"river":false,"stream":true,"lake":false},"geometry":{"type":"Polygon","coordinates":[[[41.782271,41.497477],[41.780188,41.500175],[41.776022,41.500175],[41.773939,41.497477],[41.776022,41.49478],[41.780188,41.49478],[41.782271,41.497477]]]}},{"type":"Feature","properties":{"id":"B2143","kind":"stream","core":true,"sea":false,"river":false,"stream":true,"lake":false},"geometry":{"type":"Polygon","coordinates":[[[41.782271,41.502873],[41.780188,41.505571],[41.776022,41.505571],[41.773939,41.502873],[41.776022,41.500175],[41.780188,41.500175],[41.782271,41.502873]]]}},{"type":"Feature","properties":{"id":"B2144","kind":"stream","core":true,"sea":false,"river":false,"stream":true,"lake":false},"geometry":{"type":"Polygon","coordinates":[[[41.782271,41.508269],[41.780188,41.510967],[41.776022,41.510967],[41.773939,41.508269],[41.776022,41.505571],[41.780188,41.505571],[41.782271,41.508269]]]}},{"type":"Feature","properties":{"id":"B2145","kind":"river","core":true,"sea":false,"river":true,"stream":true,"lake":false},"geometry":{"type":"Polygon","coordinates":[[[41.782271,41.513665],[41.780188,41.516363],[41.776022,41.516363],[41.773939,41.513665],[41.776022,41.510967],[41.780188,41.510967],[41.782271,41.513665]]]}},{"type":"Feature","properties":{"id":"B2146","kind":"river","core":true,"sea":false,"river":true,"stream":false,"lake":false},"geometry":{"type":"Polygon","coordinates":[[[41.782271,41.519061],[41.780188,41.521759],[41.776022,41.521759],[41.773939,41.519061],[41.776022,41.516363],[41.780188,41.516363],[41.782271,41.519061]]]}},{"type":"Feature","properties":{"id":"B2147","kind":"river","core":false,"sea":false,"river":false,"stream":false,"lake":false},"geometry":{"type":"Polygon","coordinates":[[[41.782271,41.524457],[41.780188,41.527155],[41.776022,41.527155],[41.773939,41.524457],[41.776022,41.521759],[41.780188,41.521759],[41.782271,41.524457]]]}},{"type":"Feature","properties":{"id":"B2149","kind":"river","core":false,"sea":false,"river":false,"stream":false,"lake":false},"geometry":{"type":"Polygon","coordinates":[[[41.782271,41.535249],[41.780188,41.537947],[41.776022,41.537947],[41.773939,41.535249],[41.776022,41.532551],[41.780188,41.532551],[41.782271,41.535249]]]}},{"type":"Feature","properties":{"id":"B2150","kind":"river","core":true,"sea":false,"river":true,"stream":false,"lake":false},"geometry":{"type":"Polygon","coordinates":[[[41.782271,41.540645],[41.780188,41.543343],[41.776022,41.543343],[41.773939,41.540645],[41.776022,41.537947],[41.780188,41.537947],[41.782271,41.540645]]]}},{"type":"Feature","properties":{"id":"B2151","kind":"river","core":true,"sea":false,"river":true,"stream":true,"lake":false},"geometry":{"type":"Polygon","coordinates":[[[41.782271,41.546041],[41.780188,41.548739],[41.776022,41.548739],[41.773939,41.546041],[41.776022,41.543343],[41.780188,41.543343],[41.782271,41.546041]]]}},{"type":"Feature","properties":{"id":"B2152","kind":"river","core":false,"sea":false,"river":false,"stream":false,"lake":false},"geometry":{"type":"Polygon","coordinates":[[[41.782271,41.551437],[41.780188,41.554135],[41.776022,41.554135],[41.773939,41.551437],[41.776022,41.548739],[41.780188,41.548739],[41.782271,41.551437]]]}},{"type":"Feature","properties":{"id":"B2154","kind":"stream","core":true,"sea":false,"river":false,"stream":true,"lake":false},"geometry":{"type":"Polygon","coordinates":[[[41.782271,41.562229],[41.780188,41.564927],[41.776022,41.564927],[41.773939,41.562229],[41.776022,41.559531],[41.780188,41.559531],[41.782271,41.562229]]]}},{"type":"Feature","properties":{"id":"B2155","kind":"stream","core":true,"sea":false,"river":false,"stream":true,"lake":false},"geometry":{"type":"Polygon","coordinates":[[[41.782271,41.567624],[41.780188,41.570322],[41.776022,41.570322],[41.773939,41.567624],[41.776022,41.564927],[41.780188,41.564927],[41.782271,41.567624]]]}},{"type":"Feature","properties":{"id":"B2156","kind":"stream","core":true,"sea":false,"river":false,"stream":true,"lake":false},"geometry":{"type":"Polygon","coordinates":[[[41.782271,41.57302],[41.780188,41.575718],[41.776022,41.575718],[41.773939,41.57302],[41.776022,41.570322],[41.780188,41.570322],[41.782271,41.57302]]]}},{"type":"Feature","properties":{"id":"B2157","kind":"stream","core":true,"sea":false,"river":false,"stream":true,"lake":false},"geometry":{"type":"Polygon","coordinates":[[[41.782271,41.578416],[41.780188,41.581114],[41.776022,41.581114],[41.773939,41.578416],[41.776022,41.575718],[41.780188,41.575718],[41.782271,41.578416]]]}},{"type":"Feature","properties":{"id":"B2158","kind":"stream","core":true,"sea":false,"river":false,"stream":true,"lake":false},"geometry":{"type":"Polygon","coordinates":[[[41.782271,41.583812],[41.780188,41.58651],[41.776022,41.58651],[41.773939,41.583812],[41.776022,41.581114],[41.780188,41.581114],[41.782271,41.583812]]]}},{"type":"Feature","properties":{"id":"B2159","kind":"stream","core":true,"sea":false,"river":false,"stream":true,"lake":false},"geometry":{"type":"Polygon","coordinates":[[[41.782271,41.589208],[41.780188,41.591906],[41.776022,41.591906],[41.773939,41.589208],[41.776022,41.58651],[41.780188,41.58651],[41.782271,41.589208]]]}},{"type":"Feature","properties":{"id":"B2162","kind":"stream","core":true,"sea":false,"river":false,"stream":true,"lake":false},"geometry":{"type":"Polygon","coordinates":[[[41.782271,41.605396],[41.780188,41.608094],[41.776022,41.608094],[41.773939,41.605396],[41.776022,41.602698],[41.780188,41.602698],[41.782271,41.605396]]]}},{"type":"Feature","properties":{"id":"B2163","kind":"stream","core":true,"sea":false,"river":false,"stream":true,"lake":false},"geometry":{"type":"Polygon","coordinates":[[[41.782271,41.610792],[41.780188,41.61349],[41.776022,41.61349],[41.773939,41.610792],[41.776022,41.608094],[41.780188,41.608094],[41.782271,41.610792]]]}},{"type":"Feature","properties":{"id":"B2164","kind":"stream","core":true,"sea":false,"river":false,"stream":true,"lake":false},"geometry":{"type":"Polygon","coordinates":[[[41.782271,41.616188],[41.780188,41.618886],[41.776022,41.618886],[41.773939,41.616188],[41.776022,41.61349],[41.780188,41.61349],[41.782271,41.616188]]]}},{"type":"Feature","properties":{"id":"B2165","kind":"stream","core":true,"sea":false,"river":false,"stream":true,"lake":false},"geometry":{"type":"Polygon","coordinates":[[[41.782271,41.621584],[41.780188,41.624282],[41.776022,41.624282],[41.773939,41.621584],[41.776022,41.618886],[41.780188,41.618886],[41.782271,41.621584]]]}},{"type":"Feature","properties":{"id":"B2166","kind":"river","core":true,"sea":false,"river":true,"stream":false,"lake":false},"geometry":{"type":"Polygon","coordinates":[[[41.782271,41.62698],[41.780188,41.629678],[41.776022,41.629678],[41.773939,41.62698],[41.776022,41.624282],[41.780188,41.624282],[41.782271,41.62698]]]}},{"type":"Feature","properties":{"id":"B2167","kind":"river","core":false,"sea":false,"river":false,"stream":false,"lake":false},"geometry":{"type":"Polygon","coordinates":[[[41.782271,41.632376],[41.780188,41.635073],[41.776022,41.635073],[41.773939,41.632376],[41.776022,41.629678],[41.780188,41.629678],[41.782271,41.632376]]]}},{"type":"Feature","properties":{"id":"B2168","kind":"river","core":false,"sea":false,"river":false,"stream":false,"lake":false},"geometry":{"type":"Polygon","coordinates":[[[41.782271,41.637771],[41.780188,41.640469],[41.776022,41.640469],[41.773939,41.637771],[41.776022,41.635073],[41.780188,41.635073],[41.782271,41.637771]]]}},{"type":"Feature","properties":{"id":"B2170","kind":"stream","core":true,"sea":false,"river":false,"stream":true,"lake":false},"geometry":{"type":"Polygon","coordinates":[[[41.782271,41.648563],[41.780188,41.651261],[41.776022,41.651261],[41.773939,41.648563],[41.776022,41.645865],[41.780188,41.645865],[41.782271,41.648563]]]}},{"type":"Feature","properties":{"id":"B2171","kind":"river","core":false,"sea":false,"river":false,"stream":false,"lake":false},"geometry":{"type":"Polygon","coordinates":[[[41.782271,41.653959],[41.780188,41.656657],[41.776022,41.656657],[41.773939,41.653959],[41.776022,41.651261],[41.780188,41.651261],[41.782271,41.653959]]]}},{"type":"Feature","properties":{"id":"B2172","kind":"river","core":true,"sea":false,"river":true,"stream":false,"lake":false},"geometry":{"type":"Polygon","coordinates":[[[41.782271,41.659355],[41.780188,41.662053],[41.776022,41.662053],[41.773939,41.659355],[41.776022,41.656657],[41.780188,41.656657],[41.782271,41.659355]]]}},{"type":"Feature","properties":{"id":"B2173","kind":"river","core":false,"sea":false,"river":false,"stream":false,"lake":false},"geometry":{"type":"Polygon","coordinates":[[[41.782271,41.664751],[41.780188,41.667449],[41.776022,41.667449],[41.773939,41.664751],[41.776022,41.662053],[41.780188,41.662053],[41.782271,41.664751]]]}},{"type":"Feature","properties":{"id":"B2174","kind":"river","core":false,"sea":false,"river":false,"stream":false,"lake":false},"geometry":{"type":"Polygon","coordinates":[[[41.782271,41.670147],[41.780188,41.672845],[41.776022,41.672845],[41.773939,41.670147],[41.776022,41.667449],[41.780188,41.667449],[41.782271,41.670147]]]}},{"type":"Feature","properties":{"id":"B2175","kind":"river","core":false,"sea":false,"river":false,"stream":false,"lake":false},"geometry":{"type":"Polygon","coordinates":[[[41.782271,41.675543],[41.780188,41.678241],[41.776022,41.678241],[41.773939,41.675543],[41.776022,41.672845],[41.780188,41.672845],[41.782271,41.675543]]]}},{"type":"Feature","properties":{"id":"B2176","kind":"river","core":false,"sea":false,"river":false,"stream":false,"lake":false},"geometry":{"type":"Polygon","coordinates":[[[41.782271,41.680939],[41.780188,41.683637],[41.776022,41.683637],[41.773939,41.680939],[41.776022,41.678241],[41.780188,41.678241],[41.782271,41.680939]]]}},{"type":"Feature","properties":{"id":"B2177","kind":"river","core":false,"sea":false,"river":false,"stream":false,"lake":false},"geometry":{"type":"Polygon","coordinates":[[[41.782271,41.686335],[41.780188,41.689033],[41.776022,41.689033],[41.773939,41.686335],[41.776022,41.683637],[41.780188,41.683637],[41.782271,41.686335]]]}},{"type":"Feature","properties":{"id":"B2178","kind":"stream","core":true,"sea":false,"river":false,"stream":true,"lake":false},"geometry":{"type":"Polygon","coordinates":[[[41.782271,41.691731],[41.780188,41.694429],[41.776022,41.694429],[41.773939,41.691731],[41.776022,41.689033],[41.780188,41.689033],[41.782271,41.691731]]]}},{"type":"Feature","properties":{"id":"B2179","kind":"stream","core":true,"sea":false,"river":false,"stream":true,"lake":false},"geometry":{"type":"Polygon","coordinates":[[[41.782271,41.697127],[41.780188,41.699825],[41.776022,41.699825],[41.773939,41.697127],[41.776022,41.694429],[41.780188,41.694429],[41.782271,41.697127]]]}},{"type":"Feature","properties":{"id":"B2180","kind":"stream","core":true,"sea":false,"river":false,"stream":true,"lake":false},"geometry":{"type":"Polygon","coordinates":[[[41.782271,41.702523],[41.780188,41.70522],[41.776022,41.70522],[41.773939,41.702523],[41.776022,41.699825],[41.780188,41.699825],[41.782271,41.702523]]]}},{"type":"Feature","properties":{"id":"B2181","kind":"river","core":true,"sea":false,"river":true,"stream":false,"lake":false},"geometry":{"type":"Polygon","coordinates":[[[41.782271,41.707918],[41.780188,41.710616],[41.776022,41.710616],[41.773939,41.707918],[41.776022,41.70522],[41.780188,41.70522],[41.782271,41.707918]]]}},{"type":"Feature","properties":{"id":"B2182","kind":"river","core":false,"sea":false,"river":false,"stream":false,"lake":false},"geometry":{"type":"Polygon","coordinates":[[[41.782271,41.713314],[41.780188,41.716012],[41.776022,41.716012],[41.773939,41.713314],[41.776022,41.710616],[41.780188,41.710616],[41.782271,41.713314]]]}},{"type":"Feature","properties":{"id":"B2189","kind":"stream","core":true,"sea":false,"river":false,"stream":true,"lake":false},"geometry":{"type":"Polygon","coordinates":[[[41.78852,41.49478],[41.786437,41.497477],[41.782271,41.497477],[41.780188,41.49478],[41.782271,41.492082],[41.786437,41.492082],[41.78852,41.49478]]]}},{"type":"Feature","properties":{"id":"B2190","kind":"stream","core":true,"sea":false,"river":false,"stream":true,"lake":false},"geometry":{"type":"Polygon","coordinates":[[[41.78852,41.500175],[41.786437,41.502873],[41.782271,41.502873],[41.780188,41.500175],[41.782271,41.497477],[41.786437,41.497477],[41.78852,41.500175]]]}},{"type":"Feature","properties":{"id":"B2191","kind":"stream","core":true,"sea":false,"river":false,"stream":true,"lake":false},"geometry":{"type":"Polygon","coordinates":[[[41.78852,41.505571],[41.786437,41.508269],[41.782271,41.508269],[41.780188,41.505571],[41.782271,41.502873],[41.786437,41.502873],[41.78852,41.505571]]]}},{"type":"Feature","properties":{"id":"B2192","kind":"stream","core":true,"sea":false,"river":false,"stream":true,"lake":false},"geometry":{"type":"Polygon","coordinates":[[[41.78852,41.510967],[41.786437,41.513665],[41.782271,41.513665],[41.780188,41.510967],[41.782271,41.508269],[41.786437,41.508269],[41.78852,41.510967]]]}},{"type":"Feature","properties":{"id":"B2193","kind":"river","core":true,"sea":false,"river":true,"stream":true,"lake":false},"geometry":{"type":"Polygon","coordinates":[[[41.78852,41.516363],[41.786437,41.519061],[41.782271,41.519061],[41.780188,41.516363],[41.782271,41.513665],[41.786437,41.513665],[41.78852,41.516363]]]}},{"type":"Feature","properties":{"id":"B2194","kind":"river","core":true,"sea":false,"river":true,"stream":false,"lake":false},"geometry":{"type":"Polygon","coordinates":[[[41.78852,41.521759],[41.786437,41.524457],[41.782271,41.524457],[41.780188,41.521759],[41.782271,41.519061],[41.786437,41.519061],[41.78852,41.521759]]]}},{"type":"Feature","properties":{"id":"B2195","kind":"river","core":false,"sea":false,"river":false,"stream":false,"lake":false},"geometry":{"type":"Polygon","coordinates":[[[41.78852,41.527155],[41.786437,41.529853],[41.782271,41.529853],[41.780188,41.527155],[41.782271,41.524457],[41.786437,41.524457],[41.78852,41.527155]]]}},{"type":"Feature","properties":{"id":"B2197","kind":"river","core":false,"sea":false,"river":false,"stream":false,"lake":false},"geometry":{"type":"Polygon","coordinates":[[[41.78852,41.537947],[41.786437,41.540645],[41.782271,41.540645],[41.780188,41.537947],[41.782271,41.535249],[41.786437,41.535249],[41.78852,41.537947]]]}},{"type":"Feature","properties":{"id":"B2198","kind":"river","core":true,"sea":false,"river":true,"stream":true,"lake":false},"geometry":{"type":"Polygon","coordinates":[[[41.78852,41.543343],[41.786437,41.546041],[41.782271,41.546041],[41.780188,41.543343],[41.782271,41.540645],[41.786437,41.540645],[41.78852,41.543343]]]}},{"type":"Feature","properties":{"id":"B2199","kind":"stream","core":true,"sea":false,"river":false,"stream":true,"lake":false},"geometry":{"type":"Polygon","coordinates":[[[41.78852,41.548739],[41.786437,41.551437],[41.782271,41.551437],[41.780188,41.548739],[41.782271,41.546041],[41.786437,41.546041],[41.78852,41.548739]]]}},{"type":"Feature","properties":{"id":"B2200","kind":"stream","core":true,"sea":false,"river":false,"stream":true,"lake":false},"geometry":{"type":"Polygon","coordinates":[[[41.78852,41.554135],[41.786437,41.556833],[41.782271,41.556833],[41.780188,41.554135],[41.782271,41.551437],[41.786437,41.551437],[41.78852,41.554135]]]}},{"type":"Feature","properties":{"id":"B2202","kind":"stream","core":true,"sea":false,"river":false,"stream":true,"lake":false},"geometry":{"type":"Polygon","coordinates":[[[41.78852,41.564927],[41.786437,41.567624],[41.782271,41.567624],[41.780188,41.564927],[41.782271,41.562229],[41.786437,41.562229],[41.78852,41.564927]]]}},{"type":"Feature","properties":{"id":"B2203","kind":"stream","core":true,"sea":false,"river":false,"stream":true,"lake":false},"geometry":{"type":"Polygon","coordinates":[[[41.78852,41.570322],[41.786437,41.57302],[41.782271,41.57302],[41.780188,41.570322],[41.782271,41.567624],[41.786437,41.567624],[41.78852,41.570322]]]}},{"type":"Feature","properties":{"id":"B2205","kind":"stream","core":true,"sea":false,"river":false,"stream":true,"lake":false},"geometry":{"type":"Polygon","coordinates":[[[41.78852,41.581114],[41.786437,41.583812],[41.782271,41.583812],[41.780188,41.581114],[41.782271,41.578416],[41.786437,41.578416],[41.78852,41.581114]]]}},{"type":"Feature","properties":{"id":"B2206","kind":"stream","core":true,"sea":false,"river":false,"stream":true,"lake":false},"geometry":{"type":"Polygon","coordinates":[[[41.78852,41.58651],[41.786437,41.589208],[41.782271,41.589208],[41.780188,41.58651],[41.782271,41.583812],[41.786437,41.583812],[41.78852,41.58651]]]}},{"type":"Feature","properties":{"id":"B2210","kind":"stream","core":true,"sea":false,"river":false,"stream":true,"lake":false},"geometry":{"type":"Polygon","coordinates":[[[41.78852,41.608094],[41.786437,41.610792],[41.782271,41.610792],[41.780188,41.608094],[41.782271,41.605396],[41.786437,41.605396],[41.78852,41.608094]]]}},{"type":"Feature","properties":{"id":"B2212","kind":"river","core":false,"sea":false,"river":false,"stream":false,"lake":false},"geometry":{"type":"Polygon","coordinates":[[[41.78852,41.618886],[41.786437,41.621584],[41.782271,41.621584],[41.780188,41.618886],[41.782271,41.616188],[41.786437,41.616188],[41.78852,41.618886]]]}},{"type":"Feature","properties":{"id":"B2213","kind":"river","core":true,"sea":false,"river":true,"stream":false,"lake":false},"geometry":{"type":"Polygon","coordinates":[[[41.78852,41.624282],[41.786437,41.62698],[41.782271,41.62698],[41.780188,41.624282],[41.782271,41.621584],[41.786437,41.621584],[41.78852,41.624282]]]}},{"type":"Feature","properties":{"id":"B2214","kind":"river","core":false,"sea":false,"river":false,"stream":false,"lake":false},"geometry":{"type":"Polygon","coordinates":[[[41.78852,41.629678],[41.786437,41.632376],[41.782271,41.632376],[41.780188,41.629678],[41.782271,41.62698],[41.786437,41.62698],[41.78852,41.629678]]]}},{"type":"Feature","properties":{"id":"B2217","kind":"stream","core":true,"sea":false,"river":false,"stream":true,"lake":false},"geometry":{"type":"Polygon","coordinates":[[[41.78852,41.645865],[41.786437,41.648563],[41.782271,41.648563],[41.780188,41.645865],[41.782271,41.643167],[41.786437,41.643167],[41.78852,41.645865]]]}},{"type":"Feature","properties":{"id":"B2218","kind":"river","core":false,"sea":false,"river":false,"stream":false,"lake":false},"geometry":{"type":"Polygon","coordinates":[[[41.78852,41.651261],[41.786437,41.653959],[41.782271,41.653959],[41.780188,41.651261],[41.782271,41.648563],[41.786437,41.648563],[41.78852,41.651261]]]}},{"type":"Feature","properties":{"id":"B2219","kind":"river","core":true,"sea":false,"river":true,"stream":false,"lake":false},"geometry":{"type":"Polygon","coordinates":[[[41.78852,41.656657],[41.786437,41.659355],[41.782271,41.659355],[41.780188,41.656657],[41.782271,41.653959],[41.786437,41.653959],[41.78852,41.656657]]]}},{"type":"Feature","properties":{"id":"B2220","kind":"river","core":false,"sea":false,"river":false,"stream":false,"lake":false},"geometry":{"type":"Polygon","coordinates":[[[41.78852,41.662053],[41.786437,41.664751],[41.782271,41.664751],[41.780188,41.662053],[41.782271,41.659355],[41.786437,41.659355],[41.78852,41.662053]]]}},{"type":"Feature","properties":{"id":"B2224","kind":"stream","core":true,"sea":false,"river":false,"stream":true,"lake":false},"geometry":{"type":"Polygon","coordinates":[[[41.78852,41.683637],[41.786437,41.686335],[41.782271,41.686335],[41.780188,41.683637],[41.782271,41.680939],[41.786437,41.680939],[41.78852,41.683637]]]}},{"type":"Feature","properties":{"id":"B2225","kind":"stream","core":true,"sea":false,"river":false,"stream":true,"lake":false},"geometry":{"type":"Polygon","coordinates":[[[41.78852,41.689033],[41.786437,41.691731],[41.782271,41.691731],[41.780188,41.689033],[41.782271,41.686335],[41.786437,41.686335],[41.78852,41.689033]]]}},{"type":"Feature","properties":{"id":"B2227","kind":"river","core":false,"sea":false,"river":false,"stream":false,"lake":false},"geometry":{"type":"Polygon","coordinates":[[[41.78852,41.699825],[41.786437,41.702523],[41.782271,41.702523],[41.780188,41.699825],[41.782271,41.697127],[41.786437,41.697127],[41.78852,41.699825]]]}},{"type":"Feature","properties":{"id":"B2228","kind":"river","core":true,"sea":false,"river":true,"stream":false,"lake":false},"geometry":{"type":"Polygon","coordinates":[[[41.78852,41.70522],[41.786437,41.707918],[41.782271,41.707918],[41.780188,41.70522],[41.782271,41.702523],[41.786437,41.702523],[41.78852,41.70522]]]}},{"type":"Feature","properties":{"id":"B2229","kind":"river","core":true,"sea":false,"river":true,"stream":false,"lake":false},"geometry":{"type":"Polygon","coordinates":[[[41.78852,41.710616],[41.786437,41.713314],[41.782271,41.713314],[41.780188,41.710616],[41.782271,41.707918],[41.786437,41.707918],[41.78852,41.710616]]]}},{"type":"Feature","properties":{"id":"B2230","kind":"river","core":false,"sea":false,"river":false,"stream":false,"lake":false},"geometry":{"type":"Polygon","coordinates":[[[41.78852,41.716012],[41.786437,41.71871],[41.782271,41.71871],[41.780188,41.716012],[41.782271,41.713314],[41.786437,41.713314],[41.78852,41.716012]]]}},{"type":"Feature","properties":{"id":"B2235","kind":"stream","core":true,"sea":false,"river":false,"stream":true,"lake":false},"geometry":{"type":"Polygon","coordinates":[[[41.794769,41.486686],[41.792686,41.489384],[41.78852,41.489384],[41.786437,41.486686],[41.78852,41.483988],[41.792686,41.483988],[41.794769,41.486686]]]}},{"type":"Feature","properties":{"id":"B2237","kind":"stream","core":true,"sea":false,"river":false,"stream":true,"lake":false},"geometry":{"type":"Polygon","coordinates":[[[41.794769,41.497477],[41.792686,41.500175],[41.78852,41.500175],[41.786437,41.497477],[41.78852,41.49478],[41.792686,41.49478],[41.794769,41.497477]]]}},{"type":"Feature","properties":{"id":"B2238","kind":"stream","core":true,"sea":false,"river":false,"stream":true,"lake":false},"geometry":{"type":"Polygon","coordinates":[[[41.794769,41.502873],[41.792686,41.505571],[41.78852,41.505571],[41.786437,41.502873],[41.78852,41.500175],[41.792686,41.500175],[41.794769,41.502873]]]}},{"type":"Feature","properties":{"id":"B2240","kind":"river","core":false,"sea":false,"river":false,"stream":false,"lake":false},"geometry":{"type":"Polygon","coordinates":[[[41.794769,41.513665],[41.792686,41.516363],[41.78852,41.516363],[41.786437,41.513665],[41.78852,41.510967],[41.792686,41.510967],[41.794769,41.513665]]]}},{"type":"Feature","properties":{"id":"B2241","kind":"river","core":true,"sea":false,"river":true,"stream":true,"lake":false},"geometry":{"type":"Polygon","coordinates":[[[41.794769,41.519061],[41.792686,41.521759],[41.78852,41.521759],[41.786437,41.519061],[41.78852,41.516363],[41.792686,41.516363],[41.794769,41.519061]]]}},{"type":"Feature","properties":{"id":"B2242","kind":"stream","core":true,"sea":false,"river":false,"stream":true,"lake":false},"geometry":{"type":"Polygon","coordinates":[[[41.794769,41.524457],[41.792686,41.527155],[41.78852,41.527155],[41.786437,41.524457],[41.78852,41.521759],[41.792686,41.521759],[41.794769,41.524457]]]}},{"type":"Feature","properties":{"id":"B2244","kind":"river","core":false,"sea":false,"river":false,"stream":false,"lake":false},"geometry":{"type":"Polygon","coordinates":[[[41.794769,41.535249],[41.792686,41.537947],[41.78852,41.537947],[41.786437,41.535249],[41.78852,41.532551],[41.792686,41.532551],[41.794769,41.535249]]]}},{"type":"Feature","properties":{"id":"B2245","kind":"river","core":true,"sea":false,"river":true,"stream":false,"lake":false},"geometry":{"type":"Polygon","coordinates":[[[41.794769,41.540645],[41.792686,41.543343],[41.78852,41.543343],[41.786437,41.540645],[41.78852,41.537947],[41.792686,41.537947],[41.794769,41.540645]]]}},{"type":"Feature","properties":{"id":"B2246","kind":"river","core":true,"sea":false,"river":true,"stream":false,"lake":false},"geometry":{"type":"Polygon","coordinates":[[[41.794769,41.546041],[41.792686,41.548739],[41.78852,41.548739],[41.786437,41.546041],[41.78852,41.543343],[41.792686,41.543343],[41.794769,41.546041]]]}},{"type":"Feature","properties":{"id":"B2247","kind":"stream","core":true,"sea":false,"river":false,"stream":true,"lake":false},"geometry":{"type":"Polygon","coordinates":[[[41.794769,41.551437],[41.792686,41.554135],[41.78852,41.554135],[41.786437,41.551437],[41.78852,41.548739],[41.792686,41.548739],[41.794769,41.551437]]]}},{"type":"Feature","properties":{"id":"B2248","kind":"stream","core":true,"sea":false,"river":false,"stream":true,"lake":false},"geometry":{"type":"Polygon","coordinates":[[[41.794769,41.556833],[41.792686,41.559531],[41.78852,41.559531],[41.786437,41.556833],[41.78852,41.554135],[41.792686,41.554135],[41.794769,41.556833]]]}},{"type":"Feature","properties":{"id":"B2251","kind":"stream","core":true,"sea":false,"river":false,"stream":true,"lake":false},"geometry":{"type":"Polygon","coordinates":[[[41.794769,41.57302],[41.792686,41.575718],[41.78852,41.575718],[41.786437,41.57302],[41.78852,41.570322],[41.792686,41.570322],[41.794769,41.57302]]]}},{"type":"Feature","properties":{"id":"B2254","kind":"stream","core":true,"sea":false,"river":false,"stream":true,"lake":false},"geometry":{"type":"Polygon","coordinates":[[[41.794769,41.589208],[41.792686,41.591906],[41.78852,41.591906],[41.786437,41.589208],[41.78852,41.58651],[41.792686,41.58651],[41.794769,41.589208]]]}},{"type":"Feature","properties":{"id":"B2257","kind":"stream","core":true,"sea":false,"river":false,"stream":true,"lake":false},"geometry":{"type":"Polygon","coordinates":[[[41.794769,41.605396],[41.792686,41.608094],[41.78852,41.608094],[41.786437,41.605396],[41.78852,41.602698],[41.792686,41.602698],[41.794769,41.605396]]]}},{"type":"Feature","properties":{"id":"B2259","kind":"river","core":false,"sea":false,"river":false,"stream":false,"lake":false},"geometry":{"type":"Polygon","coordinates":[[[41.794769,41.616188],[41.792686,41.618886],[41.78852,41.618886],[41.786437,41.616188],[41.78852,41.61349],[41.792686,41.61349],[41.794769,41.616188]]]}},{"type":"Feature","properties":{"id":"B2260","kind":"river","core":true,"sea":false,"river":true,"stream":true,"lake":false},"geometry":{"type":"Polygon","coordinates":[[[41.794769,41.621584],[41.792686,41.624282],[41.78852,41.624282],[41.786437,41.621584],[41.78852,41.618886],[41.792686,41.618886],[41.794769,41.621584]]]}},{"type":"Feature","properties":{"id":"B2261","kind":"river","core":true,"sea":false,"river":true,"stream":false,"lake":false},"geometry":{"type":"Polygon","coordinates":[[[41.794769,41.62698],[41.792686,41.629678],[41.78852,41.629678],[41.786437,41.62698],[41.78852,41.624282],[41.792686,41.624282],[41.794769,41.62698]]]}},{"type":"Feature","properties":{"id":"B2262","kind":"river","core":false,"sea":false,"river":false,"stream":false,"lake":false},"geometry":{"type":"Polygon","coordinates":[[[41.794769,41.632376],[41.792686,41.635073],[41.78852,41.635073],[41.786437,41.632376],[41.78852,41.629678],[41.792686,41.629678],[41.794769,41.632376]]]}},{"type":"Feature","properties":{"id":"B2265","kind":"stream","core":true,"sea":false,"river":false,"stream":true,"lake":false},"geometry":{"type":"Polygon","coordinates":[[[41.794769,41.648563],[41.792686,41.651261],[41.78852,41.651261],[41.786437,41.648563],[41.78852,41.645865],[41.792686,41.645865],[41.794769,41.648563]]]}},{"type":"Feature","properties":{"id":"B2266","kind":"river","core":false,"sea":false,"river":false,"stream":false,"lake":false},"geometry":{"type":"Polygon","coordinates":[[[41.794769,41.653959],[41.792686,41.656657],[41.78852,41.656657],[41.786437,41.653959],[41.78852,41.651261],[41.792686,41.651261],[41.794769,41.653959]]]}},{"type":"Feature","properties":{"id":"B2267","kind":"river","core":true,"sea":false,"river":true,"stream":false,"lake":false},"geometry":{"type":"Polygon","coordinates":[[[41.794769,41.659355],[41.792686,41.662053],[41.78852,41.662053],[41.786437,41.659355],[41.78852,41.656657],[41.792686,41.656657],[41.794769,41.659355]]]}},{"type":"Feature","properties":{"id":"B2268","kind":"river","core":false,"sea":false,"river":false,"stream":false,"lake":false},"geometry":{"type":"Polygon","coordinates":[[[41.794769,41.664751],[41.792686,41.667449],[41.78852,41.667449],[41.786437,41.664751],[41.78852,41.662053],[41.792686,41.662053],[41.794769,41.664751]]]}},{"type":"Feature","properties":{"id":"B2271","kind":"stream","core":true,"sea":false,"river":false,"stream":true,"lake":false},"geometry":{"type":"Polygon","coordinates":[[[41.794769,41.680939],[41.792686,41.683637],[41.78852,41.683637],[41.786437,41.680939],[41.78852,41.678241],[41.792686,41.678241],[41.794769,41.680939]]]}},{"type":"Feature","properties":{"id":"B2275","kind":"river","core":false,"sea":false,"river":false,"stream":false,"lake":false},"geometry":{"type":"Polygon","coordinates":[[[41.794769,41.702523],[41.792686,41.70522],[41.78852,41.70522],[41.786437,41.702523],[41.78852,41.699825],[41.792686,41.699825],[41.794769,41.702523]]]}},{"type":"Feature","properties":{"id":"B2276","kind":"river","core":true,"sea":false,"river":true,"stream":false,"lake":false},"geometry":{"type":"Polygon","coordinates":[[[41.794769,41.707918],[41.792686,41.710616],[41.78852,41.710616],[41.786437,41.707918],[41.78852,41.70522],[41.792686,41.70522],[41.794769,41.707918]]]}},{"type":"Feature","properties":{"id":"B2277","kind":"river","core":false,"sea":false,"river":false,"stream":false,"lake":false},"geometry":{"type":"Polygon","coordinates":[[[41.794769,41.713314],[41.792686,41.716012],[41.78852,41.716012],[41.786437,41.713314],[41.78852,41.710616],[41.792686,41.710616],[41.794769,41.713314]]]}},{"type":"Feature","properties":{"id":"B2283","kind":"stream","core":true,"sea":false,"river":false,"stream":true,"lake":false},"geometry":{"type":"Polygon","coordinates":[[[41.801018,41.489384],[41.798935,41.492082],[41.794769,41.492082],[41.792686,41.489384],[41.794769,41.486686],[41.798935,41.486686],[41.801018,41.489384]]]}},{"type":"Feature","properties":{"id":"B2284","kind":"stream","core":true,"sea":false,"river":false,"stream":true,"lake":false},"geometry":{"type":"Polygon","coordinates":[[[41.801018,41.49478],[41.798935,41.497477],[41.794769,41.497477],[41.792686,41.49478],[41.794769,41.492082],[41.798935,41.492082],[41.801018,41.49478]]]}},{"type":"Feature","properties":{"id":"B2286","kind":"stream","core":true,"sea":false,"river":false,"stream":true,"lake":false},"geometry":{"type":"Polygon","coordinates":[[[41.801018,41.505571],[41.798935,41.508269],[41.794769,41.508269],[41.792686,41.505571],[41.794769,41.502873],[41.798935,41.502873],[41.801018,41.505571]]]}},{"type":"Feature","properties":{"id":"B2287","kind":"stream","core":true,"sea":false,"river":false,"stream":true,"lake":false},"geometry":{"type":"Polygon","coordinates":[[[41.801018,41.510967],[41.798935,41.513665],[41.794769,41.513665],[41.792686,41.510967],[41.794769,41.508269],[41.798935,41.508269],[41.801018,41.510967]]]}},{"type":"Feature","properties":{"id":"B2288","kind":"river","core":true,"sea":false,"river":true,"stream":true,"lake":false},"geometry":{"type":"Polygon","coordinates":[[[41.801018,41.516363],[41.798935,41.519061],[41.794769,41.519061],[41.792686,41.516363],[41.794769,41.513665],[41.798935,41.513665],[41.801018,41.516363]]]}},{"type":"Feature","properties":{"id":"B2289","kind":"river","core":false,"sea":false,"river":false,"stream":false,"lake":false},"geometry":{"type":"Polygon","coordinates":[[[41.801018,41.521759],[41.798935,41.524457],[41.794769,41.524457],[41.792686,41.521759],[41.794769,41.519061],[41.798935,41.519061],[41.801018,41.521759]]]}},{"type":"Feature","properties":{"id":"B2290","kind":"stream","core":true,"sea":false,"river":false,"stream":true,"lake":false},"geometry":{"type":"Polygon","coordinates":[[[41.801018,41.527155],[41.798935,41.529853],[41.794769,41.529853],[41.792686,41.527155],[41.794769,41.524457],[41.798935,41.524457],[41.801018,41.527155]]]}},{"type":"Feature","properties":{"id":"B2292","kind":"river","core":false,"sea":false,"river":false,"stream":false,"lake":false},"geometry":{"type":"Polygon","coordinates":[[[41.801018,41.537947],[41.798935,41.540645],[41.794769,41.540645],[41.792686,41.537947],[41.794769,41.535249],[41.798935,41.535249],[41.801018,41.537947]]]}},{"type":"Feature","properties":{"id":"B2293","kind":"river","core":false,"sea":false,"river":false,"stream":false,"lake":false},"geometry":{"type":"Polygon","coordinates":[[[41.801018,41.543343],[41.798935,41.546041],[41.794769,41.546041],[41.792686,41.543343],[41.794769,41.540645],[41.798935,41.540645],[41.801018,41.543343]]]}},{"type":"Feature","properties":{"id":"B2294","kind":"river","core":true,"sea":false,"river":true,"stream":false,"lake":false},"geometry":{"type":"Polygon","coordinates":[[[41.801018,41.548739],[41.798935,41.551437],[41.794769,41.551437],[41.792686,41.548739],[41.794769,41.546041],[41.798935,41.546041],[41.801018,41.548739]]]}},{"type":"Feature","properties":{"id":"B2295","kind":"river","core":false,"sea":false,"river":false,"stream":false,"lake":false},"geometry":{"type":"Polygon","coordinates":[[[41.801018,41.554135],[41.798935,41.556833],[41.794769,41.556833],[41.792686,41.554135],[41.794769,41.551437],[41.798935,41.551437],[41.801018,41.554135]]]}},{"type":"Feature","properties":{"id":"B2296","kind":"stream","core":true,"sea":false,"river":false,"stream":true,"lake":false},"geometry":{"type":"Polygon","coordinates":[[[41.801018,41.559531],[41.798935,41.562229],[41.794769,41.562229],[41.792686,41.559531],[41.794769,41.556833],[41.798935,41.556833],[41.801018,41.559531]]]}},{"type":"Feature","properties":{"id":"B2297","kind":"stream","core":true,"sea":false,"river":false,"stream":true,"lake":false},"geometry":{"type":"Polygon","coordinates":[[[41.801018,41.564927],[41.798935,41.567624],[41.794769,41.567624],[41.792686,41.564927],[41.794769,41.562229],[41.798935,41.562229],[41.801018,41.564927]]]}},{"type":"Feature","properties":{"id":"B2298","kind":"stream","core":true,"sea":false,"river":false,"stream":true,"lake":false},"geometry":{"type":"Polygon","coordinates":[[[41.801018,41.570322],[41.798935,41.57302],[41.794769,41.57302],[41.792686,41.570322],[41.794769,41.567624],[41.798935,41.567624],[41.801018,41.570322]]]}},{"type":"Feature","properties":{"id":"B2299","kind":"stream","core":true,"sea":false,"river":false,"stream":true,"lake":false},"geometry":{"type":"Polygon","coordinates":[[[41.801018,41.575718],[41.798935,41.578416],[41.794769,41.578416],[41.792686,41.575718],[41.794769,41.57302],[41.798935,41.57302],[41.801018,41.575718]]]}},{"type":"Feature","properties":{"id":"B2300","kind":"stream","core":true,"sea":false,"river":false,"stream":true,"lake":false},"geometry":{"type":"Polygon","coordinates":[[[41.801018,41.581114],[41.798935,41.583812],[41.794769,41.583812],[41.792686,41.581114],[41.794769,41.578416],[41.798935,41.578416],[41.801018,41.581114]]]}},{"type":"Feature","properties":{"id":"B2301","kind":"stream","core":true,"sea":false,"river":false,"stream":true,"lake":false},"geometry":{"type":"Polygon","coordinates":[[[41.801018,41.58651],[41.798935,41.589208],[41.794769,41.589208],[41.792686,41.58651],[41.794769,41.583812],[41.798935,41.583812],[41.801018,41.58651]]]}},{"type":"Feature","properties":{"id":"B2302","kind":"stream","core":true,"sea":false,"river":false,"stream":true,"lake":false},"geometry":{"type":"Polygon","coordinates":[[[41.801018,41.591906],[41.798935,41.594604],[41.794769,41.594604],[41.792686,41.591906],[41.794769,41.589208],[41.798935,41.589208],[41.801018,41.591906]]]}},{"type":"Feature","properties":{"id":"B2303","kind":"stream","core":true,"sea":false,"river":false,"stream":true,"lake":false},"geometry":{"type":"Polygon","coordinates":[[[41.801018,41.597302],[41.798935,41.6],[41.794769,41.6],[41.792686,41.597302],[41.794769,41.594604],[41.798935,41.594604],[41.801018,41.597302]]]}},{"type":"Feature","properties":{"id":"B2307","kind":"stream","core":true,"sea":false,"river":false,"stream":true,"lake":false},"geometry":{"type":"Polygon","coordinates":[[[41.801018,41.618886],[41.798935,41.621584],[41.794769,41.621584],[41.792686,41.618886],[41.794769,41.616188],[41.798935,41.616188],[41.801018,41.618886]]]}},{"type":"Feature","properties":{"id":"B2308","kind":"stream","core":true,"sea":false,"river":false,"stream":true,"lake":false},"geometry":{"type":"Polygon","coordinates":[[[41.801018,41.624282],[41.798935,41.62698],[41.794769,41.62698],[41.792686,41.624282],[41.794769,41.621584],[41.798935,41.621584],[41.801018,41.624282]]]}},{"type":"Feature","properties":{"id":"B2309","kind":"stream","core":true,"sea":false,"river":false,"stream":true,"lake":false},"geometry":{"type":"Polygon","coordinates":[[[41.801018,41.629678],[41.798935,41.632376],[41.794769,41.632376],[41.792686,41.629678],[41.794769,41.62698],[41.798935,41.62698],[41.801018,41.629678]]]}},{"type":"Feature","properties":{"id":"B2312","kind":"stream","core":true,"sea":false,"river":false,"stream":true,"lake":false},"geometry":{"type":"Polygon","coordinates":[[[41.801018,41.645865],[41.798935,41.648563],[41.794769,41.648563],[41.792686,41.645865],[41.794769,41.643167],[41.798935,41.643167],[41.801018,41.645865]]]}},{"type":"Feature","properties":{"id":"B2313","kind":"stream","core":true,"sea":false,"river":false,"stream":true,"lake":false},"geometry":{"type":"Polygon","coordinates":[[[41.801018,41.651261],[41.798935,41.653959],[41.794769,41.653959],[41.792686,41.651261],[41.794769,41.648563],[41.798935,41.648563],[41.801018,41.651261]]]}},{"type":"Feature","properties":{"id":"B2314","kind":"river","core":true,"sea":false,"river":true,"stream":true,"lake":false},"geometry":{"type":"Polygon","coordinates":[[[41.801018,41.656657],[41.798935,41.659355],[41.794769,41.659355],[41.792686,41.656657],[41.794769,41.653959],[41.798935,41.653959],[41.801018,41.656657]]]}},{"type":"Feature","properties":{"id":"B2315","kind":"river","core":false,"sea":false,"river":false,"stream":false,"lake":false},"geometry":{"type":"Polygon","coordinates":[[[41.801018,41.662053],[41.798935,41.664751],[41.794769,41.664751],[41.792686,41.662053],[41.794769,41.659355],[41.798935,41.659355],[41.801018,41.662053]]]}},{"type":"Feature","properties":{"id":"B2318","kind":"stream","core":true,"sea":false,"river":false,"stream":true,"lake":false},"geometry":{"type":"Polygon","coordinates":[[[41.801018,41.678241],[41.798935,41.680939],[41.794769,41.680939],[41.792686,41.678241],[41.794769,41.675543],[41.798935,41.675543],[41.801018,41.678241]]]}},{"type":"Feature","properties":{"id":"B2319","kind":"stream","core":true,"sea":false,"river":false,"stream":true,"lake":false},"geometry":{"type":"Polygon","coordinates":[[[41.801018,41.683637],[41.798935,41.686335],[41.794769,41.686335],[41.792686,41.683637],[41.794769,41.680939],[41.798935,41.680939],[41.801018,41.683637]]]}},{"type":"Feature","properties":{"id":"B2322","kind":"river","core":false,"sea":false,"river":false,"stream":false,"lake":false},"geometry":{"type":"Polygon","coordinates":[[[41.801018,41.699825],[41.798935,41.702523],[41.794769,41.702523],[41.792686,41.699825],[41.794769,41.697127],[41.798935,41.697127],[41.801018,41.699825]]]}},{"type":"Feature","properties":{"id":"B2323","kind":"river","core":true,"sea":false,"river":true,"stream":true,"lake":false},"geometry":{"type":"Polygon","coordinates":[[[41.801018,41.70522],[41.798935,41.707918],[41.794769,41.707918],[41.792686,41.70522],[41.794769,41.702523],[41.798935,41.702523],[41.801018,41.70522]]]}},{"type":"Feature","properties":{"id":"B2324","kind":"river","core":false,"sea":false,"river":false,"stream":false,"lake":false},"geometry":{"type":"Polygon","coordinates":[[[41.801018,41.710616],[41.798935,41.713314],[41.794769,41.713314],[41.792686,41.710616],[41.794769,41.707918],[41.798935,41.707918],[41.801018,41.710616]]]}},{"type":"Feature","properties":{"id":"B2333","kind":"stream","core":true,"sea":false,"river":false,"stream":true,"lake":false},"geometry":{"type":"Polygon","coordinates":[[[41.807267,41.502873],[41.805184,41.505571],[41.801018,41.505571],[41.798935,41.502873],[41.801018,41.500175],[41.805184,41.500175],[41.807267,41.502873]]]}},{"type":"Feature","properties":{"id":"B2335","kind":"river","core":false,"sea":false,"river":false,"stream":false,"lake":false},"geometry":{"type":"Polygon","coordinates":[[[41.807267,41.513665],[41.805184,41.516363],[41.801018,41.516363],[41.798935,41.513665],[41.801018,41.510967],[41.805184,41.510967],[41.807267,41.513665]]]}},{"type":"Feature","properties":{"id":"B2336","kind":"river","core":false,"sea":false,"river":false,"stream":false,"lake":false},"geometry":{"type":"Polygon","coordinates":[[[41.807267,41.519061],[41.805184,41.521759],[41.801018,41.521759],[41.798935,41.519061],[41.801018,41.516363],[41.805184,41.516363],[41.807267,41.519061]]]}},{"type":"Feature","properties":{"id":"B2340","kind":"river","core":false,"sea":false,"river":false,"stream":false,"lake":false},"geometry":{"type":"Polygon","coordinates":[[[41.807267,41.540645],[41.805184,41.543343],[41.801018,41.543343],[41.798935,41.540645],[41.801018,41.537947],[41.805184,41.537947],[41.807267,41.540645]]]}},{"type":"Feature","properties":{"id":"B2341","kind":"river","core":true,"sea":false,"river":true,"stream":false,"lake":false},"geometry":{"type":"Polygon","coordinates":[[[41.807267,41.546041],[41.805184,41.548739],[41.801018,41.548739],[41.798935,41.546041],[41.801018,41.543343],[41.805184,41.543343],[41.807267,41.546041]]]}},{"type":"Feature","properties":{"id":"B2342","kind":"river","core":true,"sea":false,"river":true,"stream":false,"lake":false},"geometry":{"type":"Polygon","coordinates":[[[41.807267,41.551437],[41.805184,41.554135],[41.801018,41.554135],[41.798935,41.551437],[41.801018,41.548739],[41.805184,41.548739],[41.807267,41.551437]]]}},{"type":"Feature","properties":{"id":"B2343","kind":"river","core":true,"sea":false,"river":true,"stream":false,"lake":false},"geometry":{"type":"Polygon","coordinates":[[[41.807267,41.556833],[41.805184,41.559531],[41.801018,41.559531],[41.798935,41.556833],[41.801018,41.554135],[41.805184,41.554135],[41.807267,41.556833]]]}},{"type":"Feature","properties":{"id":"B2344","kind":"river","core":false,"sea":false,"river":false,"stream":false,"lake":false},"geometry":{"type":"Polygon","coordinates":[[[41.807267,41.562229],[41.805184,41.564927],[41.801018,41.564927],[41.798935,41.562229],[41.801018,41.559531],[41.805184,41.559531],[41.807267,41.562229]]]}},{"type":"Feature","properties":{"id":"B2345","kind":"stream","core":true,"sea":false,"river":false,"stream":true,"lake":false},"geometry":{"type":"Polygon","coordinates":[[[41.807267,41.567624],[41.805184,41.570322],[41.801018,41.570322],[41.798935,41.567624],[41.801018,41.564927],[41.805184,41.564927],[41.807267,41.567624]]]}},{"type":"Feature","properties":{"id":"B2346","kind":"stream","core":true,"sea":false,"river":false,"stream":true,"lake":false},"geometry":{"type":"Polygon","coordinates":[[[41.807267,41.57302],[41.805184,41.575718],[41.801018,41.575718],[41.798935,41.57302],[41.801018,41.570322],[41.805184,41.570322],[41.807267,41.57302]]]}},{"type":"Feature","properties":{"id":"B2347","kind":"stream","core":true,"sea":false,"river":false,"stream":true,"lake":false},"geometry":{"type":"Polygon","coordinates":[[[41.807267,41.578416],[41.805184,41.581114],[41.801018,41.581114],[41.798935,41.578416],[41.801018,41.575718],[41.805184,41.575718],[41.807267,41.578416]]]}},{"type":"Feature","properties":{"id":"B2351","kind":"stream","core":true,"sea":false,"river":false,"stream":true,"lake":false},"geometry":{"type":"Polygon","coordinates":[[[41.807267,41.6],[41.805184,41.602698],[41.801018,41.602698],[41.798935,41.6],[41.801018,41.597302],[41.805184,41.597302],[41.807267,41.6]]]}},{"type":"Feature","properties":{"id":"B2355","kind":"stream","core":true,"sea":false,"river":false,"stream":true,"lake":false},"geometry":{"type":"Polygon","coordinates":[[[41.807267,41.621584],[41.805184,41.624282],[41.801018,41.624282],[41.798935,41.621584],[41.801018,41.618886],[41.805184,41.618886],[41.807267,41.621584]]]}},{"type":"Feature","properties":{"id":"B2356","kind":"stream","core":true,"sea":false,"river":false,"stream":true,"lake":false},"geometry":{"type":"Polygon","coordinates":[[[41.807267,41.62698],[41.805184,41.629678],[41.801018,41.629678],[41.798935,41.62698],[41.801018,41.624282],[41.805184,41.624282],[41.807267,41.62698]]]}},{"type":"Feature","properties":{"id":"B2361","kind":"river","core":false,"sea":false,"river":false,"stream":false,"lake":false},"geometry":{"type":"Polygon","coordinates":[[[41.807267,41.653959],[41.805184,41.656657],[41.801018,41.656657],[41.798935,41.653959],[41.801018,41.651261],[41.805184,41.651261],[41.807267,41.653959]]]}},{"type":"Feature","properties":{"id":"B2362","kind":"river","core":false,"sea":false,"river":false,"stream":false,"lake":false},"geometry":{"type":"Polygon","coordinates":[[[41.807267,41.659355],[41.805184,41.662053],[41.801018,41.662053],[41.798935,41.659355],[41.801018,41.656657],[41.805184,41.656657],[41.807267,41.659355]]]}},{"type":"Feature","properties":{"id":"B2365","kind":"stream","core":true,"sea":false,"river":false,"stream":true,"lake":false},"geometry":{"type":"Polygon","coordinates":[[[41.807267,41.675543],[41.805184,41.678241],[41.801018,41.678241],[41.798935,41.675543],[41.801018,41.672845],[41.805184,41.672845],[41.807267,41.675543]]]}},{"type":"Feature","properties":{"id":"B2369","kind":"river","core":false,"sea":false,"river":false,"stream":false,"lake":false},"geometry":{"type":"Polygon","coordinates":[[[41.807267,41.697127],[41.805184,41.699825],[41.801018,41.699825],[41.798935,41.697127],[41.801018,41.694429],[41.805184,41.694429],[41.807267,41.697127]]]}},{"type":"Feature","properties":{"id":"B2370","kind":"river","core":true,"sea":false,"river":true,"stream":false,"lake":false},"geometry":{"type":"Polygon","coordinates":[[[41.807267,41.702523],[41.805184,41.70522],[41.801018,41.70522],[41.798935,41.702523],[41.801018,41.699825],[41.805184,41.699825],[41.807267,41.702523]]]}},{"type":"Feature","properties":{"id":"B2371","kind":"stream","core":true,"sea":false,"river":false,"stream":true,"lake":false},"geometry":{"type":"Polygon","coordinates":[[[41.807267,41.707918],[41.805184,41.710616],[41.801018,41.710616],[41.798935,41.707918],[41.801018,41.70522],[41.805184,41.70522],[41.807267,41.707918]]]}}]}