{"type":"FeatureCollection","features":[{"type":"Feature","properties":{"id":"M0167","kind":"lake","core":true,"sea":false,"river":false,"stream":false,"lake":true},"geometry":{"type":"Polygon","coordinates":[[[37.38755,55.760336],[37.384783,55.763034],[37.379249,55.763034],[37.376482,55.760336],[37.379249,55.757638],[37.384783,55.757638],[37.38755,55.760336]]]}},{"type":"Feature","properties":{"id":"M0289","kind":"lake","core":true,"sea":false,"river":false,"stream":false,"lake":true},"geometry":{"type":"Polygon","coordinates":[[[37.404153,55.711772],[37.401386,55.71447],[37.395851,55.71447],[37.393084,55.711772],[37.395851,55.709074],[37.401386,55.709074],[37.404153,55.711772]]]}},{"type":"Feature","properties":{"id":"M0298","kind":"river","core":false,"sea":false,"river":false,"stream":false,"lake":false},"geometry":{"type":"Polygon","coordinates":[[[37.404153,55.760336],[37.401386,55.763034],[37.395851,55.763034],[37.393084,55.760336],[37.395851,55.757638],[37.401386,55.757638],[37.404153,55.760336]]]}},{"type":"Feature","properties":{"id":"M0299","kind":"river","core":true,"sea":false,"river":true,"stream":false,"lake":false},"geometry":{"type":"Polygon","coordinates":[[[37.404153,55.765732],[37.401386,55.76843],[37.395851,55.76843],[37.393084,55.765732],[37.395851,55.763034],[37.401386,55.763034],[37.404153,55.765732]]]}},{"type":"Feature","properties":{"id":"M0300","kind":"river","core":true,"sea":false,"river":true,"stream":false,"lake":false},"geometry":{"type":"Polygon","coordinates":[[[37.404153,55.771128],[37.401386,55.773826],[37.395851,55.773826],[37.393084,55.771128],[37.395851,55.76843],[37.401386,55.76843],[37.404153,55.771128]]]}},{"type":"Feature","properties":{"id":"M0301","kind":"river","core":true,"sea":false,"river":true,"stream":false,"lake":false},"geometry":{"type":"Polygon","coordinates":[[[37.404153,55.776523],[37.401386,55.779221],[37.395851,55.779221],[37.393084,55.776523],[37.395851,55.773826],[37.401386,55.773826],[37.404153,55.776523]]]}},{"type":"Feature","properties":{"id":"M0302","kind":"river","core":true,"sea":false,"river":true,"stream":false,"lake":false},"geometry":{"type":"Polygon","coordinates":[[[37.404153,55.781919],[37.401386,55.784617],[37.395851,55.784617],[37.393084,55.781919],[37.395851,55.779221],[37.401386,55.779221],[37.404153,55.781919]]]}},{"type":"Feature","properties":{"id":"M0303","kind":"river","core":false,"sea":false,"river":false,"stream":false,"lake":false},"geometry":{"type":"Polygon","coordinates":[[[37.404153,55.787315],[37.401386,55.790013],[37.395851,55.790013],[37.393084,55.787315],[37.395851,55.784617],[37.401386,55.784617],[37.404153,55.787315]]]}},{"type":"Feature","properties":{"id":"M0308","kind":"river","core":false,"sea":false,"river":false,"stream":false,"lake":false},"geometry":{"type":"Polygon","coordinates":[[[37.404153,55.814295],[37.401386,55.816993],[37.395851,55.816993],[37.393084,55.814295],[37.395851,55.811597],[37.401386,55.811597],[37.404153,55.814295]]]}},{"type":"Feature","properties":{"id":"M0309","kind":"river","core":true,"sea":false,"river":true,"stream":false,"lake":false},"geometry":{"type":"Polygon","coordinates":[[[37.404153,55.819691],[37.401386,55.822389],[37.395851,55.822389],[37.393084,55.819691],[37.395851,55.816993],[37.401386,55.816993],[37.404153,55.819691]]]}},{"type":"Feature","properties":{"id":"M0310","kind":"river","core":true,"sea":false,"river":true,"stream":false,"lake":false},"geometry":{"type":"Polygon","coordinates":[[[37.404153,55.825087],[37.401386,55.827785],[37.395851,55.827785],[37.393084,55.825087],[37.395851,55.822389],[37.401386,55.822389],[37.404153,55.825087]]]}},{"type":"Feature","properties":{"id":"M0311","kind":"river","core":true,"sea":false,"river":true,"stream":false,"lake":false},"geometry":{"type":"Polygon","coordinates":[[[37.404153,55.830483],[37.401386,55.833181],[37.395851,55.833181],[37.393084,55.830483],[37.395851,55.827785],[37.401386,55.827785],[37.404153,55.830483]]]}},{"type":"Feature","properties":{"id":"M0312","kind":"river","core":false,"sea":false,"river":false,"stream":false,"lake":false},"geometry":{"type":"Polygon","coordinates":[[[37.404153,55.835879],[37.401386,55.838577],[37.395851,55.838577],[37.393084,55.835879],[37.395851,55.833181],[37.401386,55.833181],[37.404153,55.835879]]]}},{"type":"Feature","properties":{"id":"M0313","kind":"river","core":true,"sea":false,"river":true,"stream":false,"lake":false},"geometry":{"type":"Polygon","coordinates":[[[37.404153,55.841275],[37.401386,55.843973],[37.395851,55.843973],[37.393084,55.841275],[37.395851,55.838577],[37.401386,55.838577],[37.404153,55.841275]]]}},{"type":"Feature","properties":{"id":"M0314","kind":"river","core":true,"sea":false,"river":true,"stream":false,"lake":false},"geometry":{"type":"Polygon","coordinates":[[[37.404153,55.84667],[37.401386,55.849368],[37.395851,55.849368],[37.393084,55.84667],[37.395851,55.843973],[37.401386,55.843973],[37.404153,55.84667]]]}},{"type":"Feature","properties":{"id":"M0315","kind":"river","core":true,"sea":false,"river":true,"stream":false,"lake":false},"geometry":{"type":"Polygon","coordinates":[[[37.404153,55.852066],[37.401386,55.854764],[37.395851,55.854764],[37.393084,55.852066],[37.395851,55.849368],[37.401386,55.849368],[37.404153,55.852066]]]}},{"type":"Feature","properties":{"id":"M0316","kind":"river","core":true,"sea":false,"river":true,"stream":false,"lake":false},"geometry":{"type":"Polygon","coordinates":[[[37.404153,55.857462],[37.401386,55.86016],[37.395851,55.86016],[37.393084,55.857462],[37.395851,55.854764],[37.401386,55.854764],[37.404153,55.857462]]]}},{"type":"Feature","properties":{"id":"M0317","kind":"river","core":false,"sea":false,"river":false,"stream":false,"lake":false},"geometry":{"type":"Polygon","coordinates":[[[37.404153,55.862858],[37.401386,55.865556],[37.395851,55.865556],[37.393084,55.862858],[37.395851,55.86016],[37.401386,55.86016],[37.404153,55.862858]]]}},{"type":"Feature","properties":{"id":"M0351","kind":"river","core":false,"sea":false,"river":false,"stream":false,"lake":false},"geometry":{"type":"Polygon","coordinates":[[[37.412454,55.692887],[37.409687,55.695585],[37.404153,55.695585],[37.401386,55.692887],[37.404153,55.690189],[37.409687,55.690189],[37.412454,55.692887]]]}},{"type":"Feature","properties":{"id":"M0352","kind":"river","core":true,"sea":false,"river":true,"stream":false,"lake":false},"geometry":{"type":"Polygon","coordinates":[[[37.412454,55.698283],[37.409687,55.700981],[37.404153,55.700981],[37.401386,55.698283],[37.404153,55.695585],[37.409687,55.695585],[37.412454,55.698283]]]}},{"type":"Feature","properties":{"id":"M0353","kind":"river","core":true,"sea":false,"river":true,"stream":false,"lake":true},"geometry":{"type":"Polygon","coordinates":[[[37.412454,55.703679],[37.409687,55.706377],[37.404153,55.706377],[37.401386,55.703679],[37.404153,55.700981],[37.409687,55.700981],[37.412454,55.703679]]]}},{"type":"Feature","properties":{"id":"M0354","kind":"lake","core":true,"sea":false,"river":false,"stream":false,"lake":true},"geometry":{"type":"Polygon","coordinates":[[[37.412454,55.709074],[37.409687,55.711772],[37.404153,55.711772],[37.401386,55.709074],[37.404153,55.706377],[37.409687,55.706377],[37.412454,55.709074]]]}},{"type":"Feature","properties":{"id":"M0363","kind":"river","core":false,"sea":false,"river":false,"stream":false,"lake":false},"geometry":{"type":"Polygon","coordinates":[[[37.412454,55.757638],[37.409687,55.760336],[37.404153,55.760336],[37.401386,55.757638],[37.404153,55.75494],[37.409687,55.75494],[37.412454,55.757638]]]}},{"type":"Feature","properties":{"id":"M0364","kind":"river","core":true,"sea":false,"river":true,"stream":false,"lake":false},"geometry":{"type":"Polygon","coordinates":[[[37.412454,55.763034],[37.409687,55.765732],[37.404153,55.765732],[37.401386,55.763034],[37.404153,55.760336],[37.409687,55.760336],[37.412454,55.763034]]]}},{"type":"Feature","properties":{"id":"M0365","kind":"river","core":false,"sea":false,"river":false,"stream":false,"lake":false},"geometry":{"type":"Polygon","coordinates":[[[37.412454,55.76843],[37.409687,55.771128],[37.404153,55.771128],[37.401386,55.76843],[37.404153,55.765732],[37.409687,55.765732],[37.412454,55.76843]]]}},{"type":"Feature","properties":{"id":"M0366","kind":"river","core":true,"sea":false,"river":true,"stream":false,"lake":false},"geometry":{"type":"Polygon","coordinates":[[[37.412454,55.773826],[37.409687,55.776523],[37.404153,55.776523],[37.401386,55.773826],[37.404153,55.771128],[37.409687,55.771128],[37.412454,55.773826]]]}},{"type":"Feature","properties":{"id":"M0367","kind":"river","core":true,"sea":false,"river":true,"stream":false,"lake":false},"geometry":{"type":"Polygon","coordinates":[[[37.412454,55.779221],[37.409687,55.781919],[37.404153,55.781919],[37.401386,55.779221],[37.404153,55.776523],[37.409687,55.776523],[37.412454,55.779221]]]}},{"type":"Feature","properties":{"id":"M0368","kind":"river","core":true,"sea":false,"river":true,"stream":false,"lake":false},"geometry":{"type":"Polygon","coordinates":[[[37.412454,55.784617],[37.409687,55.787315],[37.404153,55.787315],[37.401386,55.784617],[37.404153,55.781919],[37.409687,55.781919],[37.412454,55.784617]]]}},{"type":"Feature","properties":{"id":"M0369","kind":"river","core":true,"sea":false,"river":true,"stream":false,"lake":false},"geometry":{"type":"Polygon","coordinates":[[[37.412454,55.790013],[37.409687,55.792711],[37.404153,55.792711],[37.401386,55.790013],[37.404153,55.787315],[37.409687,55.787315],[37.412454,55.790013]]]}},{"type":"Feature","properties":{"id":"M0370","kind":"river","core":false,"sea":false,"river":false,"stream":false,"lake":false},"geometry":{"type":"Polygon","coordinates":[[[37.412454,55.795409],[37.409687,55.798107],[37.404153,55.798107],[37.401386,55.795409],[37.404153,55.792711],[37.409687,55.792711],[37.412454,55.795409]]]}},{"type":"Feature","properties":{"id":"M0373","kind":"river","core":false,"sea":false,"river":false,"stream":false,"lake":false},"geometry":{"type":"Polygon","coordinates":[[[37.412454,55.811597],[37.409687,55.814295],[37.404153,55.814295],[37.401386,55.811597],[37.404153,55.808899],[37.409687,55.808899],[37.412454,55.811597]]]}},{"type":"Feature","properties":{"id":"M0374","kind":"river","core":true,"sea":false,"river":true,"stream":false,"lake":false},"geometry":{"type":"Polygon","coordinates":[[[37.412454,55.816993],[37.409687,55.819691],[37.404153,55.819691],[37.401386,55.816993],[37.404153,55.814295],[37.409687,55.814295],[37.412454,55.816993]]]}},{"type":"Feature","properties":{"id":"M0375","kind":"river","core":true,"sea":false,"river":true,"stream":false,"lake":false},"geometry":{"type":"Polygon","coordinates":[[[37.412454,55.822389],[37.409687,55.825087],[37.404153,55.825087],[37.401386,55.822389],[37.404153,55.819691],[37.409687,55.819691],[37.412454,55.822389]]]}},{"type":"Feature","properties":{"id":"M0376","kind":"river","core":true,"sea":false,"river":true,"stream":false,"lake":false},"geometry":{"type":"Polygon","coordinates":[[[37.412454,55.827785],[37.409687,55.830483],[37.404153,55.830483],[37.401386,55.827785],[37.404153,55.825087],[37.409687,55.825087],[37.412454,55.827785]]]}},{"type":"Feature","properties":{"id":"M0377","kind":"river","core":true,"sea":false,"river":true,"stream":false,"lake":false},"geometry":{"type":"Polygon","coordinates":[[[37.412454,55.833181],[37.409687,55.835879],[37.404153,55.835879],[37.401386,55.833181],[37.404153,55.830483],[37.409687,55.830483],[37.412454,55.833181]]]}},{"type":"Feature","properties":{"id":"M0378","kind":"river","core":true,"sea":false,"river":true,"stream":false,"lake":false},"geometry":{"type":"Polygon","coordinates":[[[37.412454,55.838577],[37.409687,55.841275],[37.404153,55.841275],[37.401386,55.838577],[37.404153,55.835879],[37.409687,55.835879],[37.412454,55.838577]]]}},{"type":"Feature","properties":{"id":"M0379","kind":"river","core":true,"sea":false,"river":true,"stream":false,"lake":false},"geometry":{"type":"Polygon","coordinates":[[[37.412454,55.843973],[37.409687,55.84667],[37.404153,55.84667],[37.401386,55.843973],[37.404153,55.841275],[37.409687,55.841275],[37.412454,55.843973]]]}},{"type":"Feature","properties":{"id":"M0380","kind":"river","core":false,"sea":false,"river":false,"stream":false,"lake":false},"geometry":{"type":"Polygon","coordinates":[[[37.412454,55.849368],[37.409687,55.852066],[37.404153,55.852066],[37.401386,55.849368],[37.404153,55.84667],[37.409687,55.84667],[37.412454,55.849368]]]}},{"type":"Feature","properties":{"id":"M0381","kind":"river","core":false,"sea":false,"river":false,"stream":false,"lake":false},"geometry":{"type":"Polygon","coordinates":[[[37.412454,55.854764],[37.409687,55.857462],[37.404153,55.857462],[37.401386,55.854764],[37.404153,55.852066],[37.409687,55.852066],[37.412454,55.854764]]]}},{"type":"Feature","properties":{"id":"M0382","kind":"river","core":true,"sea":false,"river":true,"stream":false,"lake":false},"geometry":{"type":"Polygon","coordinates":[[[37.412454,55.86016],[37.409687,55.862858],[37.404153,55.862858],[37.401386,55.86016],[37.404153,55.857462],[37.409687,55.857462],[37.412454,55.86016]]]}},{"type":"Feature","properties":{"id":"M0383","kind":"river","core":true,"sea":false,"river":true,"stream":false,"lake":false},"geometry":{"type":"Polygon","coordinates":[[[37.412454,55.865556],[37.409687,55.868254],[37.404153,55.868254],[37.401386,55.865556],[37.404153,55.862858],[37.409687,55.862858],[37.412454,55.865556]]]}},{"type":"Feature","properties":{"id":"M0384","kind":"river","core":false,"sea":false,"river":true,"stream":false,"lake":false},"geometry":{"type":"Polygon","coordinates":[[[37.412454,55.870952],[37.409687,55.87365],[37.404153,55.87365],[37.401386,55.870952],[37.404153,55.868254],[37.409687,55.868254],[37.412454,55.870952]]]}},{"type":"Feature","properties":{"id":"M0418","kind":"river","core":false,"sea":false,"river":false,"stream":false,"lake":false},"geometry":{"type":"Polygon","coordinates":[[[37.420755,55.700981],[37.417988,55.703679],[37.412454,55.703679],[37.409687,55.700981],[37.412454,55.698283],[37.417988,55.698283],[37.420755,55.700981]]]}},{"type":"Feature","properties":{"id":"M0419","kind":"river","core":true,"sea":false,"river":true,"stream":false,"lake":true},"geometry":{"type":"Polygon","coordinates":[[[37.420755,55.706377],[37.417988,55.709074],[37.412454,55.709074],[37.409687,55.706377],[37.412454,55.703679],[37.417988,55.703679],[37.420755,55.706377]]]}},{"type":"Feature","properties":{"id":"M0420","kind":"river","core":true,"sea":false,"river":true,"stream":false,"lake":true},"geometry":{"type":"Polygon","coordinates":[[[37.420755,55.711772],[37.417988,55.71447],[37.412454,55.71447],[37.409687,55.711772],[37.412454,55.709074],[37.417988,55.709074],[37.420755,55.711772]]]}},{"type":"Feature","properties":{"id":"M0421","kind":"river","core":true,"sea":false,"river":true,"stream":false,"lake":false},"geometry":{"type":"Polygon","coordinates":[[[37.420755,55.717168],[37.417988,55.719866],[37.412454,55.719866],[37.409687,55.717168],[37.412454,55.71447],[37.417988,55.71447],[37.420755,55.717168]]]}},{"type":"Feature","properties":{"id":"M0422","kind":"river","core":false,"sea":false,"river":false,"stream":false,"lake":false},"geometry":{"type":"Polygon","coordinates":[[[37.420755,55.722564],[37.417988,55.725262],[37.412454,55.725262],[37.409687,55.722564],[37.412454,55.719866],[37.417988,55.719866],[37.420755,55.722564]]]}},{"type":"Feature","properties":{"id":"M0431","kind":"river","core":false,"sea":false,"river":false,"stream":false,"lake":false},"geometry":{"type":"Polygon","coordinates":[[[37.420755,55.771128],[37.417988,55.773826],[37.412454,55.773826],[37.409687,55.771128],[37.412454,55.76843],[37.417988,55.76843],[37.420755,55.771128]]]}},{"type":"Feature","properties":{"id":"M0432","kind":"river","core":true,"sea":false,"river":true,"stream":false,"lake":false},"geometry":{"type":"Polygon","coordinates":[[[37.420755,55.776523],[37.417988,55.779221],[37.412454,55.779221],[37.409687,55.776523],[37.412454,55.773826],[37.417988,55.773826],[37.420755,55.776523]]]}},{"type":"Feature","properties":{"id":"M0433","kind":"lake","core":true,"sea":false,"river":false,"stream":false,"lake":true},"geometry":{"type":"Polygon","coordinates":[[[37.420755,55.781919],[37.417988,55.784617],[37.412454,55.784617],[37.409687,55.781919],[37.412454,55.779221],[37.417988,55.779221],[37.420755,55.781919]]]}},{"type":"Feature","properties":{"id":"M0434","kind":"river","core":true,"sea":false,"river":true,"stream":false,"lake":false},"geometry":{"type":"Polygon","coordinates":[[[37.420755,55.787315],[37.417988,55.790013],[37.412454,55.790013],[37.409687,55.787315],[37.412454,55.784617],[37.417988,55.784617],[37.420755,55.787315]]]}},{"type":"Feature","properties":{"id":"M0435","kind":"river","core":true,"sea":false,"river":true,"stream":false,"lake":false},"geometry":{"type":"Polygon","coordinates":[[[37.420755,55.792711],[37.417988,55.795409],[37.412454,55.795409],[37.409687,55.792711],[37.412454,55.790013],[37.417988,55.790013],[37.420755,55.792711]]]}},{"type":"Feature","properties":{"id":"M0436","kind":"lake","core":true,"sea":false,"river":false,"stream":false,"lake":true},"geometry":{"type":"Polygon","coordinates":[[[37.420755,55.798107],[37.417988,55.800805],[37.412454,55.800805],[37.409687,55.798107],[37.412454,55.795409],[37.417988,55.795409],[37.420755,55.798107]]]}},{"type":"Feature","properties":{"id":"M0437","kind":"lake","core":true,"sea":false,"river":false,"stream":false,"lake":true},"geometry":{"type":"Polygon","coordinates":[[[37.420755,55.803503],[37.417988,55.806201],[37.412454,55.806201],[37.409687,55.803503],[37.412454,55.800805],[37.417988,55.800805],[37.420755,55.803503]]]}},{"type":"Feature","properties":{"id":"M0438","kind":"river","core":true,"sea":false,"river":true,"stream":false,"lake":false},"geometry":{"type":"Polygon","coordinates":[[[37.420755,55.808899],[37.417988,55.811597],[37.412454,55.811597],[37.409687,55.808899],[37.412454,55.806201],[37.417988,55.806201],[37.420755,55.808899]]]}},{"type":"Feature","properties":{"id":"M0439","kind":"river","core":true,"sea":false,"river":true,"stream":false,"lake":false},"geometry":{"type":"Polygon","coordinates":[[[37.420755,55.814295],[37.417988,55.816993],[37.412454,55.816993],[37.409687,55.814295],[37.412454,55.811597],[37.417988,55.811597],[37.420755,55.814295]]]}},{"type":"Feature","properties":{"id":"M0440","kind":"river","core":true,"sea":false,"river":true,"stream":false,"lake":false},"geometry":{"type":"Polygon","coordinates":[[[37.420755,55.819691],[37.417988,55.822389],[37.412454,55.822389],[37.409687,55.819691],[37.412454,55.816993],[37.417988,55.816993],[37.420755,55.819691]]]}},{"type":"Feature","properties":{"id":"M0441","kind":"river","core":true,"sea":false,"river":true,"stream":false,"lake":false},"geometry":{"type":"Polygon","coordinates":[[[37.420755,55.825087],[37.417988,55.827785],[37.412454,55.827785],[37.409687,55.825087],[37.412454,55.822389],[37.417988,55.822389],[37.420755,55.825087]]]}},{"type":"Feature","properties":{"id":"M0442","kind":"river","core":true,"sea":false,"river":true,"stream":false,"lake":false},"geometry":{"type":"Polygon","coordinates":[[[37.420755,55.830483],[37.417988,55.833181],[37.412454,55.833181],[37.409687,55.830483],[37.412454,55.827785],[37.417988,55.827785],[37.420755,55.830483]]]}},{"type":"Feature","properties":{"id":"M0443","kind":"river","core":true,"sea":false,"river":true,"stream":false,"lake":false},"geometry":{"type":"Polygon","coordinates":[[[37.420755,55.835879],[37.417988,55.838577],[37.412454,55.838577],[37.409687,55.835879],[37.412454,55.833181],[37.417988,55.833181],[37.420755,55.835879]]]}},{"type":"Feature","properties":{"id":"M0444","kind":"river","core":true,"sea":false,"river":true,"stream":false,"lake":false},"geometry":{"type":"Polygon","coordinates":[[[37.420755,55.841275],[37.417988,55.843973],[37.412454,55.843973],[37.409687,55.841275],[37.412454,55.838577],[37.417988,55.838577],[37.420755,55.841275]]]}},{"type":"Feature","properties":{"id":"M0445","kind":"river","core":false,"sea":false,"river":false,"stream":false,"lake":false},"geometry":{"type":"Polygon","coordinates":[[[37.420755,55.84667],[37.417988,55.849368],[37.412454,55.849368],[37.409687,55.84667],[37.412454,55.843973],[37.417988,55.843973],[37.420755,55.84667]]]}},{"type":"Feature","properties":{"id":"M0479","kind":"river","core":false,"sea":false,"river":false,"stream":false,"lake":false},"geometry":{"type":"Polygon","coordinates":[[[37.429056,55.676699],[37.426289,55.679397],[37.420755,55.679397],[37.417988,55.676699],[37.420755,55.674001],[37.426289,55.674001],[37.429056,55.676699]]]}},{"type":"Feature","properties":{"id":"M0480","kind":"river","core":true,"sea":false,"river":true,"stream":false,"lake":false},"geometry":{"type":"Polygon","coordinates":[[[37.429056,55.682095],[37.426289,55.684793],[37.420755,55.684793],[37.417988,55.682095],[37.420755,55.679397],[37.426289,55.679397],[37.429056,55.682095]]]}},{"type":"Feature","properties":{"id":"M0481","kind":"river","core":true,"sea":false,"river":true,"stream":false,"lake":false},"geometry":{"type":"Polygon","coordinates":[[[37.429056,55.687491],[37.426289,55.690189],[37.420755,55.690189],[37.417988,55.687491],[37.420755,55.684793],[37.426289,55.684793],[37.429056,55.687491]]]}},{"type":"Feature","properties":{"id":"M0482","kind":"river","core":false,"sea":false,"river":false,"stream":false,"lake":false},"geometry":{"type":"Polygon","coordinates":[[[37.429056,55.692887],[37.426289,55.695585],[37.420755,55.695585],[37.417988,55.692887],[37.420755,55.690189],[37.426289,55.690189],[37.429056,55.692887]]]}},{"type":"Feature","properties":{"id":"M0485","kind":"river","core":false,"sea":false,"river":false,"stream":false,"lake":false},"geometry":{"type":"Polygon","coordinates":[[[37.429056,55.709074],[37.426289,55.711772],[37.420755,55.711772],[37.417988,55.709074],[37.420755,55.706377],[37.426289,55.706377],[37.429056,55.709074]]]}},{"type":"Feature","properties":{"id":"M0486","kind":"river","core":true,"sea":false,"river":true,"stream":false,"lake":false},"geometry":{"type":"Polygon","coordinates":[[[37.429056,55.71447],[37.426289,55.717168],[37.420755,55.717168],[37.417988,55.71447],[37.420755,55.711772],[37.426289,55.711772],[37.429056,55.71447]]]}},{"type":"Feature","properties":{"id":"M0487","kind":"river","core":false,"sea":false,"river":false,"stream":false,"lake":false},"geometry":{"type":"Polygon","coordinates":[[[37.429056,55.719866],[37.426289,55.722564],[37.420755,55.722564],[37.417988,55.719866],[37.420755,55.717168],[37.426289,55.717168],[37.429056,55.719866]]]}},{"type":"Feature","properties":{"id":"M0496","kind":"river","core":false,"sea":false,"river":false,"stream":false,"lake":false},"geometry":{"type":"Polygon","coordinates":[[[37.429056,55.76843],[37.426289,55.771128],[37.420755,55.771128],[37.417988,55.76843],[37.420755,55.765732],[37.426289,55.765732],[37.429056,55.76843]]]}},{"type":"Feature","properties":{"id":"M0497","kind":"river","core":true,"sea":false,"river":true,"stream":false,"lake":true},"geometry":{"type":"Polygon","coordinates":[[[37.429056,55.773826],[37.426289,55.776523],[37.420755,55.776523],[37.417988,55.773826],[37.420755,55.771128],[37.426289,55.771128],[37.429056,55.773826]]]}},{"type":"Feature","properties":{"id":"M0498","kind":"lake","core":true,"sea":false,"river":false,"stream":false,"lake":true},"geometry":{"type":"Polygon","coordinates":[[[37.429056,55.779221],[37.426289,55.781919],[37.420755,55.781919],[37.417988,55.779221],[37.420755,55.776523],[37.426289,55.776523],[37.429056,55.779221]]]}},{"type":"Feature","properties":{"id":"M0499","kind":"river","core":true,"sea":false,"river":true,"stream":false,"lake":true},"geometry":{"type":"Polygon","coordinates":[[[37.429056,55.784617],[37.426289,55.787315],[37.420755,55.787315],[37.417988,55.784617],[37.420755,55.781919],[37.426289,55.781919],[37.429056,55.784617]]]}},{"type":"Feature","properties":{"id":"M0500","kind":"river","core":true,"sea":false,"river":true,"stream":false,"lake":true},"geometry":{"type":"Polygon","coordinates":[[[37.429056,55.790013],[37.426289,55.792711],[37.420755,55.792711],[37.417988,55.790013],[37.420755,55.787315],[37.426289,55.787315],[37.429056,55.790013]]]}},{"type":"Feature","properties":{"id":"M0501","kind":"river","core":true,"sea":false,"river":true,"stream":false,"lake":true},"geometry":{"type":"Polygon","coordinates":[[[37.429056,55.795409],[37.426289,55.798107],[37.420755,55.798107],[37.417988,55.795409],[37.420755,55.792711],[37.426289,55.792711],[37.429056,55.795409]]]}},{"type":"Feature","properties":{"id":"M0502","kind":"lake","core":true,"sea":false,"river":false,"stream":false,"lake":true},"geometry":{"type":"Polygon","coordinates":[[[37.429056,55.800805],[37.426289,55.803503],[37.420755,55.803503],[37.417988,55.800805],[37.420755,55.798107],[37.426289,55.798107],[37.429056,55.800805]]]}},{"type":"Feature","properties":{"id":"M0503","kind":"river","core":true,"sea":false,"river":true,"stream":false,"lake":false},"geometry":{"type":"Polygon","coordinates":[[[37.429056,55.806201],[37.426289,55.808899],[37.420755,55.808899],[37.417988,55.806201],[37.420755,55.803503],[37.426289,55.803503],[37.429056,55.806201]]]}},{"type":"Feature","properties":{"id":"M0504","kind":"river","core":true,"sea":false,"river":true,"stream":false,"lake":false},"geometry":{"type":"Polygon","coordinates":[[[37.429056,55.811597],[37.426289,55.814295],[37.420755,55.814295],[37.417988,55.811597],[37.420755,55.808899],[37.426289,55.808899],[37.429056,55.811597]]]}},{"type":"Feature","properties":{"id":"M0505","kind":"river","core":false,"sea":false,"river":false,"stream":false,"lake":false},"geometry":{"type":"Polygon","coordinates":[[[37.429056,55.816993],[37.426289,55.819691],[37.420755,55.819691],[37.417988,55.816993],[37.420755,55.814295],[37.426289,55.814295],[37.429056,55.816993]]]}},{"type":"Feature","properties":{"id":"M0506","kind":"river","core":false,"sea":false,"river":false,"stream":false,"lake":false},"geometry":{"type":"Polygon","coordinates":[[[37.429056,55.822389],[37.426289,55.825087],[37.420755,55.825087],[37.417988,55.822389],[37.420755,55.819691],[37.426289,55.819691],[37.429056,55.822389]]]}},{"type":"Feature","properties":{"id":"M0507","kind":"river","core":true,"sea":false,"river":true,"stream":false,"lake":true},"geometry":{"type":"Polygon","coordinates":[[[37.429056,55.827785],[37.426289,55.830483],[37.420755,55.830483],[37.417988,55.827785],[37.420755,55.825087],[37.426289,55.825087],[37.429056,55.827785]]]}},{"type":"Feature","properties":{"id":"M0508","kind":"river","core":true,"sea":false,"river":true,"stream":false,"lake":true},"geometry":{"type":"Polygon","coordinates":[[[37.429056,55.833181],[37.426289,55.835879],[37.420755,55.835879],[37.417988,55.833181],[37.420755,55.830483],[37.426289,55.830483],[37.429056,55.833181]]]}},{"type":"Feature","properties":{"id":"M0509","kind":"river","core":true,"sea":false,"river":true,"stream":false,"lake":false},"geometry":{"type":"Polygon","coordinates":[[[37.429056,55.838577],[37.426289,55.841275],[37.420755,55.841275],[37.417988,55.838577],[37.420755,55.835879],[37.426289,55.835879],[37.429056,55.838577]]]}},{"type":"Feature","properties":{"id":"M0510","kind":"river","core":false,"sea":false,"river":false,"stream":false,"lake":false},"geometry":{"type":"Polygon","coordinates":[[[37.429056,55.843973],[37.426289,55.84667],[37.420755,55.84667],[37.417988,55.843973],[37.420755,55.841275],[37.426289,55.841275],[37.429056,55.843973]]]}},{"type":"Feature","properties":{"id":"M0514","kind":"lake","core":true,"sea":false,"river":false,"stream":false,"lake":true},"geometry":{"type":"Polygon","coordinates":[[[37.429056,55.865556],[37.426289,55.868254],[37.420755,55.868254],[37.417988,55.865556],[37.420755,55.862858],[37.426289,55.862858],[37.429056,55.865556]]]}},{"type":"Feature","properties":{"id":"M0545","kind":"river","core":false,"sea":false,"river":false,"stream":false,"lake":false},"geometry":{"type":"Polygon","coordinates":[[[37.437358,55.679397],[37.434591,55.682095],[37.429056,55.682095],[37.426289,55.679397],[37.429056,55.676699],[37.434591,55.676699],[37.437358,55.679397]]]}},{"type":"Feature","properties":{"id":"M0546","kind":"river","core":true,"sea":false,"river":true,"stream":false,"lake":false},"geometry":{"type":"Polygon","coordinates":[[[37.437358,55.684793],[37.434591,55.687491],[37.429056,55.687491],[37.426289,55.684793],[37.429056,55.682095],[37.434591,55.682095],[37.437358,55.684793]]]}},{"type":"Feature","properties":{"id":"M0547","kind":"river","core":false,"sea":false,"river":false,"stream":false,"lake":false},"geometry":{"type":"Polygon","coordinates":[[[37.437358,55.690189],[37.434591,55.692887],[37.429056,55.692887],[37.426289,55.690189],[37.429056,55.687491],[37.434591,55.687491],[37.437358,55.690189]]]}},{"type":"Feature","properties":{"id":"M0550","kind":"river","core":false,"sea":false,"river":false,"stream":false,"lake":false},"geometry":{"type":"Polygon","coordinates":[[[37.437358,55.706377],[37.434591,55.709074],[37.429056,55.709074],[37.426289,55.706377],[37.429056,55.703679],[37.434591,55.703679],[37.437358,55.706377]]]}},{"type":"Feature","properties":{"id":"M0551","kind":"river","core":true,"sea":false,"river":true,"stream":false,"lake":false},"geometry":{"type":"Polygon","coordinates":[[[37.437358,55.711772],[37.434591,55.71447],[37.429056,55.71447],[37.426289,55.711772],[37.429056,55.709074],[37.434591,55.709074],[37.437358,55.711772]]]}},{"type":"Feature","properties":{"id":"M0552","kind":"river","core":true,"sea":false,"river":true,"stream":false,"lake":false},"geometry":{"type":"Polygon","coordinates":[[[37.437358,55.717168],[37.434591,55.719866],[37.429056,55.719866],[37.426289,55.717168],[37.429056,55.71447],[37.434591,55.71447],[37.437358,55.717168]]]}},{"type":"Feature","properties":{"id":"M0553","kind":"lake","core":true,"sea":false,"river":false,"stream":false,"lake":true},"geometry":{"type":"Polygon","coordinates":[[[37.437358,55.722564],[37.434591,55.725262],[37.429056,55.725262],[37.426289,55.722564],[37.429056,55.719866],[37.434591,55.719866],[37.437358,55.722564]]]}},{"type":"Feature","properties":{"id":"M0554","kind":"lake","core":true,"sea":false,"river":false,"stream":false,"lake":true},"geometry":{"type":"Polygon","coordinates":[[[37.437358,55.72796],[37.434591,55.730658],[37.429056,55.730658],[37.426289,55.72796],[37.429056,55.725262],[37.434591,55.725262],[37.437358,55.72796]]]}},{"type":"Feature","properties":{"id":"M0557","kind":"river","core":false,"sea":false,"river":false,"stream":false,"lake":false},"geometry":{"type":"Polygon","coordinates":[[[37.437358,55.744148],[37.434591,55.746846],[37.429056,55.746846],[37.426289,55.744148],[37.429056,55.74145],[37.434591,55.74145],[37.437358,55.744148]]]}},{"type":"Feature","properties":{"id":"M0558","kind":"river","core":true,"sea":false,"river":true,"stream":false,"lake":false},"geometry":{"type":"Polygon","coordinates":[[[37.437358,55.749544],[37.434591,55.752242],[37.429056,55.752242],[37.426289,55.749544],[37.429056,55.746846],[37.434591,55.746846],[37.437358,55.749544]]]}},{"type":"Feature","properties":{"id":"M0559","kind":"river","core":true,"sea":false,"river":true,"stream":false,"lake":false},"geometry":{"type":"Polygon","coordinates":[[[37.437358,55.75494],[37.434591,55.757638],[37.429056,55.757638],[37.426289,55.75494],[37.429056,55.752242],[37.434591,55.752242],[37.437358,55.75494]]]}},{"type":"Feature","properties":{"id":"M0560","kind":"lake","core":true,"sea":false,"river":false,"stream":false,"lake":true},"geometry":{"type":"Polygon","coordinates":[[[37.437358,55.760336],[37.434591,55.763034],[37.429056,55.763034],[37.426289,55.760336],[37.429056,55.757638],[37.434591,55.757638],[37.437358,55.760336]]]}},{"type":"Feature","properties":{"id":"M0561","kind":"lake","core":true,"sea":false,"river":false,"stream":false,"lake":true},"geometry":{"type":"Polygon","coordinates":[[[37.437358,55.765732],[37.434591,55.76843],[37.429056,55.76843],[37.426289,55.765732],[37.429056,55.763034],[37.434591,55.763034],[37.437358,55.765732]]]}},{"type":"Feature","properties":{"id":"M0562","kind":"river","core":true,"sea":false,"river":true,"stream":false,"lake":false},"geometry":{"type":"Polygon","coordinates":[[[37.437358,55.771128],[37.434591,55.773826],[37.429056,55.773826],[37.426289,55.771128],[37.429056,55.76843],[37.434591,55.76843],[37.437358,55.771128]]]}},{"type":"Feature","properties":{"id":"M0563","kind":"river","core":true,"sea":false,"river":true,"stream":false,"lake":true},"geometry":{"type":"Polygon","coordinates":[[[37.437358,55.776523],[37.434591,55.779221],[37.429056,55.779221],[37.426289,55.776523],[37.429056,55.773826],[37.434591,55.773826],[37.437358,55.776523]]]}},{"type":"Feature","properties":{"id":"M0564","kind":"lake","core":true,"sea":false,"river":false,"stream":false,"lake":true},"geometry":{"type":"Polygon","coordinates":[[[37.437358,55.781919],[37.434591,55.784617],[37.429056,55.784617],[37.426289,55.781919],[37.429056,55.779221],[37.434591,55.779221],[37.437358,55.781919]]]}},{"type":"Feature","properties":{"id":"M0565","kind":"river","core":true,"sea":false,"river":true,"stream":false,"lake":false},"geometry":{"type":"Polygon","coordinates":[[[37.437358,55.787315],[37.434591,55.790013],[37.429056,55.790013],[37.426289,55.787315],[37.429056,55.784617],[37.434591,55.784617],[37.437358,55.787315]]]}},{"type":"Feature","properties":{"id":"M0566","kind":"river","core":true,"sea":false,"river":true,"stream":false,"lake":true},"geometry":{"type":"Polygon","coordinates":[[[37.437358,55.792711],[37.434591,55.795409],[37.429056,55.795409],[37.426289,55.792711],[37.429056,55.790013],[37.434591,55.790013],[37.437358,55.792711]]]}},{"type":"Feature","properties":{"id":"M0567","kind":"lake","core":true,"sea":false,"river":false,"stream":false,"lake":true},"geometry":{"type":"Polygon","coordinates":[[[37.437358,55.798107],[37.434591,55.800805],[37.429056,55.800805],[37.426289,55.798107],[37.429056,55.795409],[37.434591,55.795409],[37.437358,55.798107]]]}},{"type":"Feature","properties":{"id":"M0568","kind":"river","core":true,"sea":false,"river":true,"stream":false,"lake":true},"geometry":{"type":"Polygon","coordinates":[[[37.437358,55.803503],[37.434591,55.806201],[37.429056,55.806201],[37.426289,55.803503],[37.429056,55.800805],[37.434591,55.800805],[37.437358,55.803503]]]}},{"type":"Feature","properties":{"id":"M0569","kind":"river","core":true,"sea":false,"river":true,"stream":false,"lake":false},"geometry":{"type":"Polygon","coordinates":[[[37.437358,55.808899],[37.434591,55.811597],[37.429056,55.811597],[37.426289,55.808899],[37.429056,55.806201],[37.434591,55.806201],[37.437358,55.808899]]]}},{"type":"Feature","properties":{"id":"M0570","kind":"river","core":false,"sea":false,"river":false,"stream":false,"lake":false},"geometry":{"type":"Polygon","coordinates":[[[37.437358,55.814295],[37.434591,55.816993],[37.429056,55.816993],[37.426289,55.814295],[37.429056,55.811597],[37.434591,55.811597],[37.437358,55.814295]]]}},{"type":"Feature","properties":{"id":"M0572","kind":"river","core":false,"sea":false,"river":false,"stream":false,"lake":false},"geometry":{"type":"Polygon","coordinates":[[[37.437358,55.825087],[37.434591,55.827785],[37.429056,55.827785],[37.426289,55.825087],[37.429056,55.822389],[37.434591,55.822389],[37.437358,55.825087]]]}},{"type":"Feature","properties":{"id":"M0573","kind":"river","core":true,"sea":false,"river":true,"stream":false,"lake":true},"geometry":{"type":"Polygon","coordinates":[[[37.437358,55.830483],[37.434591,55.833181],[37.429056,55.833181],[37.426289,55.830483],[37.429056,55.827785],[37.434591,55.827785],[37.437358,55.830483]]]}},{"type":"Feature","properties":{"id":"M0574","kind":"river","core":true,"sea":false,"river":true,"stream":false,"lake":true},"geometry":{"type":"Polygon","coordinates":[[[37.437358,55.835879],[37.434591,55.838577],[37.429056,55.838577],[37.426289,55.835879],[37.429056,55.833181],[37.434591,55.833181],[37.437358,55.835879]]]}},{"type":"Feature","properties":{"id":"M0575","kind":"river","core":false,"sea":false,"river":false,"stream":false,"lake":false},"geometry":{"type":"Polygon","coordinates":[[[37.437358,55.841275],[37.434591,55.843973],[37.429056,55.843973],[37.426289,55.841275],[37.429056,55.838577],[37.434591,55.838577],[37.437358,55.841275]]]}},{"type":"Feature","properties":{"id":"M0611","kind":"river","core":false,"sea":false,"river":false,"stream":false,"lake":false},"geometry":{"type":"Polygon","coordinates":[[[37.445659,55.682095],[37.442892,55.684793],[37.437358,55.684793],[37.434591,55.682095],[37.437358,55.679397],[37.442892,55.679397],[37.445659,55.682095]]]}},{"type":"Feature","properties":{"id":"M0612","kind":"river","core":true,"sea":false,"river":true,"stream":false,"lake":true},"geometry":{"type":"Polygon","coordinates":[[[37.445659,55.687491],[37.442892,55.690189],[37.437358,55.690189],[37.434591,55.687491],[37.437358,55.684793],[37.442892,55.684793],[37.445659,55.687491]]]}},{"type":"Feature","properties":{"id":"M0613","kind":"river","core":false,"sea":false,"river":false,"stream":false,"lake":false},"geometry":{"type":"Polygon","coordinates":[[[37.445659,55.692887],[37.442892,55.695585],[37.437358,55.695585],[37.434591,55.692887],[37.437358,55.690189],[37.442892,55.690189],[37.445659,55.692887]]]}},{"type":"Feature","properties":{"id":"M0616","kind":"river","core":false,"sea":false,"river":false,"stream":false,"lake":false},"geometry":{"type":"Polygon","coordinates":[[[37.445659,55.709074],[37.442892,55.711772],[37.437358,55.711772],[37.434591,55.709074],[37.437358,55.706377],[37.442892,55.706377],[37.445659,55.709074]]]}},{"type":"Feature","properties":{"id":"M0617","kind":"river","core":true,"sea":false,"river":true,"stream":false,"lake":true},"geometry":{"type":"Polygon","coordinates":[[[37.445659,55.71447],[37.442892,55.717168],[37.437358,55.717168],[37.434591,55.71447],[37.437358,55.711772],[37.442892,55.711772],[37.445659,55.71447]]]}},{"type":"Feature","properties":{"id":"M0618","kind":"river","core":false,"sea":false,"river":false,"stream":false,"lake":false},"geometry":{"type":"Polygon","coordinates":[[[37.445659,55.719866],[37.442892,55.722564],[37.437358,55.722564],[37.434591,55.719866],[37.437358,55.717168],[37.442892,55.717168],[37.445659,55.719866]]]}},{"type":"Feature","properties":{"id":"M0620","kind":"lake","core":true,"sea":false,"river":false,"stream":false,"lake":true},"geometry":{"type":"Polygon","coordinates":[[[37.445659,55.730658],[37.442892,55.733356],[37.437358,55.733356],[37.434591,55.730658],[37.437358,55.72796],[37.442892,55.72796],[37.445659,55.730658]]]}},{"type":"Feature","properties":{"id":"M0621","kind":"river","core":false,"sea":false,"river":false,"stream":false,"lake":false},"geometry":{"type":"Polygon","coordinates":[[[37.445659,55.736054],[37.442892,55.738752],[37.437358,55.738752],[37.434591,55.736054],[37.437358,55.733356],[37.442892,55.733356],[37.445659,55.736054]]]}},{"type":"Feature","properties":{"id":"M0622","kind":"river","core":true,"sea":false,"river":true,"stream":false,"lake":false},"geometry":{"type":"Polygon","coordinates":[[[37.445659,55.74145],[37.442892,55.744148],[37.437358,55.744148],[37.434591,55.74145],[37.437358,55.738752],[37.442892,55.738752],[37.445659,55.74145]]]}},{"type":"Feature","properties":{"id":"M0623","kind":"river","core":true,"sea":false,"river":true,"stream":false,"lake":false},"geometry":{"type":"Polygon","coordinates":[[[37.445659,55.746846],[37.442892,55.749544],[37.437358,55.749544],[37.434591,55.746846],[37.437358,55.744148],[37.442892,55.744148],[37.445659,55.746846]]]}},{"type":"Feature","properties":{"id":"M0624","kind":"river","core":true,"sea":false,"river":true,"stream":false,"lake":false},"geometry":{"type":"Polygon","coordinates":[[[37.445659,55.752242],[37.442892,55.75494],[37.437358,55.75494],[37.434591,55.752242],[37.437358,55.749544],[37.442892,55.749544],[37.445659,55.752242]]]}},{"type":"Feature","properties":{"id":"M0625","kind":"river","core":true,"sea":false,"river":true,"stream":false,"lake":false},"geometry":{"type":"Polygon","coordinates":[[[37.445659,55.757638],[37.442892,55.760336],[37.437358,55.760336],[37.434591,55.757638],[37.437358,55.75494],[37.442892,55.75494],[37.445659,55.757638]]]}},{"type":"Feature","properties":{"id":"M0626","kind":"river","core":true,"sea":false,"river":true,"stream":false,"lake":true},"geometry":{"type":"Polygon","coordinates":[[[37.445659,55.763034],[37.442892,55.765732],[37.437358,55.765732],[37.434591,55.763034],[37.437358,55.760336],[37.442892,55.760336],[37.445659,55.763034]]]}},{"type":"Feature","properties":{"id":"M0627","kind":"river","core":true,"sea":false,"river":true,"stream":false,"lake":true},"geometry":{"type":"Polygon","coordinates":[[[37.445659,55.76843],[37.442892,55.771128],[37.437358,55.771128],[37.434591,55.76843],[37.437358,55.765732],[37.442892,55.765732],[37.445659,55.76843]]]}},{"type":"Feature","properties":{"id":"M0628","kind":"river","core":true,"sea":false,"river":true,"stream":false,"lake":true},"geometry":{"type":"Polygon","coordinates":[[[37.445659,55.773826],[37.442892,55.776523],[37.437358,55.776523],[37.434591,55.773826],[37.437358,55.771128],[37.442892,55.771128],[37.445659,55.773826]]]}},{"type":"Feature","properties":{"id":"M0629","kind":"river","core":true,"sea":false,"river":true,"stream":false,"lake":false},"geometry":{"type":"Polygon","coordinates":[[[37.445659,55.779221],[37.442892,55.781919],[37.437358,55.781919],[37.434591,55.779221],[37.437358,55.776523],[37.442892,55.776523],[37.445659,55.779221]]]}},{"type":"Feature","properties":{"id":"M0630","kind":"river","core":true,"sea":false,"river":true,"stream":false,"lake":true},"geometry":{"type":"Polygon","coordinates":[[[37.445659,55.784617],[37.442892,55.787315],[37.437358,55.787315],[37.434591,55.784617],[37.437358,55.781919],[37.442892,55.781919],[37.445659,55.784617]]]}},{"type":"Feature","properties":{"id":"M0631","kind":"river","core":true,"sea":false,"river":true,"stream":false,"lake":true},"geometry":{"type":"Polygon","coordinates":[[[37.445659,55.790013],[37.442892,55.792711],[37.437358,55.792711],[37.434591,55.790013],[37.437358,55.787315],[37.442892,55.787315],[37.445659,55.790013]]]}},{"type":"Feature","properties":{"id":"M0632","kind":"lake","core":true,"sea":false,"river":false,"stream":false,"lake":true},"geometry":{"type":"Polygon","coordinates":[[[37.445659,55.795409],[37.442892,55.798107],[37.437358,55.798107],[37.434591,55.795409],[37.437358,55.792711],[37.442892,55.792711],[37.445659,55.795409]]]}},{"type":"Feature","properties":{"id":"M0633","kind":"lake","core":true,"sea":false,"river":false,"stream":false,"lake":true},"geometry":{"type":"Polygon","coordinates":[[[37.445659,55.800805],[37.442892,55.803503],[37.437358,55.803503],[37.434591,55.800805],[37.437358,55.798107],[37.442892,55.798107],[37.445659,55.800805]]]}},{"type":"Feature","properties":{"id":"M0634","kind":"river","core":true,"sea":false,"river":true,"stream":false,"lake":true},"geometry":{"type":"Polygon","coordinates":[[[37.445659,55.806201],[37.442892,55.808899],[37.437358,55.808899],[37.434591,55.806201],[37.437358,55.803503],[37.442892,55.803503],[37.445659,55.806201]]]}},{"type":"Feature","properties":{"id":"M0635","kind":"river","core":true,"sea":false,"river":true,"stream":false,"lake":false},"geometry":{"type":"Polygon","coordinates":[[[37.445659,55.811597],[37.442892,55.814295],[37.437358,55.814295],[37.434591,55.811597],[37.437358,55.808899],[37.442892,55.808899],[37.445659,55.811597]]]}},{"type":"Feature","properties":{"id":"M0636","kind":"river","core":true,"sea":false,"river":true,"stream":false,"lake":false},"geometry":{"type":"Polygon","coordinates":[[[37.445659,55.816993],[37.442892,55.819691],[37.437358,55.819691],[37.434591,55.816993],[37.437358,55.814295],[37.442892,55.814295],[37.445659,55.816993]]]}},{"type":"Feature","properties":{"id":"M0637","kind":"river","core":false,"sea":false,"river":false,"stream":false,"lake":false},"geometry":{"type":"Polygon","coordinates":[[[37.445659,55.822389],[37.442892,55.825087],[37.437358,55.825087],[37.434591,55.822389],[37.437358,55.819691],[37.442892,55.819691],[37.445659,55.822389]]]}},{"type":"Feature","properties":{"id":"M0639","kind":"lake","core":true,"sea":false,"river":false,"stream":false,"lake":true},"geometry":{"type":"Polygon","coordinates":[[[37.445659,55.833181],[37.442892,55.835879],[37.437358,55.835879],[37.434591,55.833181],[37.437358,55.830483],[37.442892,55.830483],[37.445659,55.833181]]]}},{"type":"Feature","properties":{"id":"M0640","kind":"lake","core":true,"sea":false,"river":false,"stream":false,"lake":true},"geometry":{"type":"Polygon","coordinates":[[[37.445659,55.838577],[37.442892,55.841275],[37.437358,55.841275],[37.434591,55.838577],[37.437358,55.835879],[37.442892,55.835879],[37.445659,55.838577]]]}},{"type":"Feature","properties":{"id":"M0646","kind":"river","core":false,"sea":false,"river":false,"stream":false,"lake":false},"geometry":{"type":"Polygon","coordinates":[[[37.445659,55.870952],[37.442892,55.87365],[37.437358,55.87365],[37.434591,55.870952],[37.437358,55.868254],[37.442892,55.868254],[37.445659,55.870952]]]}},{"type":"Feature","properties":{"id":"M0647","kind":"river","core":true,"sea":false,"river":true,"stream":false,"lake":true},"geometry":{"type":"Polygon","coordinates":[[[37.445659,55.876348],[37.442892,55.879046],[37.437358,55.879046],[37.434591,55.876348],[37.437358,55.87365],[37.442892,55.87365],[37.445659,55.876348]]]}},{"type":"Feature","properties":{"id":"M0648","kind":"river","core":false,"sea":false,"river":true,"stream":false,"lake":true},"geometry":{"type":"Polygon","coordinates":[[[37.445659,55.881744],[37.442892,55.884442],[37.437358,55.884442],[37.434591,55.881744],[37.437358,55.879046],[37.442892,55.879046],[37.445659,55.881744]]]}},{"type":"Feature","properties":{"id":"M0671","kind":"lake","core":true,"sea":false,"river":false,"stream":false,"lake":true},"geometry":{"type":"Polygon","coordinates":[[[37.45396,55.652417],[37.451193,55.655115],[37.445659,55.655115],[37.442892,55.652417],[37.445659,55.649719],[37.451193,55.649719],[37.45396,55.652417]]]}},{"type":"Feature","properties":{"id":"M0672","kind":"lake","core":true,"sea":false,"river":false,"stream":false,"lake":true},"geometry":{"type":"Polygon","coordinates":[[[37.45396,55.657813],[37.451193,55.660511],[37.445659,55.660511],[37.442892,55.657813],[37.445659,55.655115],[37.451193,55.655115],[37.45396,55.657813]]]}},{"type":"Feature","properties":{"id":"M0677","kind":"river","core":false,"sea":false,"river":false,"stream":false,"lake":false},"geometry":{"type":"Polygon","coordinates":[[[37.45396,55.684793],[37.451193,55.687491],[37.445659,55.687491],[37.442892,55.684793],[37.445659,55.682095],[37.451193,55.682095],[37.45396,55.684793]]]}},{"type":"Feature","properties":{"id":"M0678","kind":"river","core":true,"sea":false,"river":true,"stream":false,"lake":true},"geometry":{"type":"Polygon","coordinates":[[[37.45396,55.690189],[37.451193,55.692887],[37.445659,55.692887],[37.442892,55.690189],[37.445659,55.687491],[37.451193,55.687491],[37.45396,55.690189]]]}},{"type":"Feature","properties":{"id":"M0679","kind":"river","core":true,"sea":false,"river":true,"stream":false,"lake":false},"geometry":{"type":"Polygon","coordinates":[[[37.45396,55.695585],[37.451193,55.698283],[37.445659,55.698283],[37.442892,55.695585],[37.445659,55.692887],[37.451193,55.692887],[37.45396,55.695585]]]}},{"type":"Feature","properties":{"id":"M0680","kind":"river","core":true,"sea":false,"river":true,"stream":false,"lake":false},"geometry":{"type":"Polygon","coordinates":[[[37.45396,55.700981],[37.451193,55.703679],[37.445659,55.703679],[37.442892,55.700981],[37.445659,55.698283],[37.451193,55.698283],[37.45396,55.700981]]]}},{"type":"Feature","properties":{"id":"M0681","kind":"river","core":true,"sea":false,"river":true,"stream":false,"lake":false},"geometry":{"type":"Polygon","coordinates":[[[37.45396,55.706377],[37.451193,55.709074],[37.445659,55.709074],[37.442892,55.706377],[37.445659,55.703679],[37.451193,55.703679],[37.45396,55.706377]]]}},{"type":"Feature","properties":{"id":"M0682","kind":"river","core":true,"sea":false,"river":true,"stream":false,"lake":false},"geometry":{"type":"Polygon","coordinates":[[[37.45396,55.711772],[37.451193,55.71447],[37.445659,55.71447],[37.442892,55.711772],[37.445659,55.709074],[37.451193,55.709074],[37.45396,55.711772]]]}},{"type":"Feature","properties":{"id":"M0683","kind":"river","core":true,"sea":false,"river":true,"stream":false,"lake":true},"geometry":{"type":"Polygon","coordinates":[[[37.45396,55.717168],[37.451193,55.719866],[37.445659,55.719866],[37.442892,55.717168],[37.445659,55.71447],[37.451193,55.71447],[37.45396,55.717168]]]}},{"type":"Feature","properties":{"id":"M0684","kind":"river","core":false,"sea":false,"river":false,"stream":false,"lake":false},"geometry":{"type":"Polygon","coordinates":[[[37.45396,55.722564],[37.451193,55.725262],[37.445659,55.725262],[37.442892,55.722564],[37.445659,55.719866],[37.451193,55.719866],[37.45396,55.722564]]]}},{"type":"Feature","properties":{"id":"M0686","kind":"river","core":false,"sea":false,"river":false,"stream":false,"lake":false},"geometry":{"type":"Polygon","coordinates":[[[37.45396,55.733356],[37.451193,55.736054],[37.445659,55.736054],[37.442892,55.733356],[37.445659,55.730658],[37.451193,55.730658],[37.45396,55.733356]]]}},{"type":"Feature","properties":{"id":"M0687","kind":"river","core":true,"sea":false,"river":true,"stream":false,"lake":false},"geometry":{"type":"Polygon","coordinates":[[[37.45396,55.738752],[37.451193,55.74145],[37.445659,55.74145],[37.442892,55.738752],[37.445659,55.736054],[37.451193,55.736054],[37.45396,55.738752]]]}},{"type":"Feature","properties":{"id":"M0688","kind":"river","core":true,"sea":false,"river":true,"stream":false,"lake":false},"geometry":{"type":"Polygon","coordinates":[[[37.45396,55.744148],[37.451193,55.746846],[37.445659,55.746846],[37.442892,55.744148],[37.445659,55.74145],[37.451193,55.74145],[37.45396,55.744148]]]}},{"type":"Feature","properties":{"id":"M0689","kind":"river","core":true,"sea":false,"river":true,"stream":false,"lake":false},"geometry":{"type":"Polygon","coordinates":[[[37.45396,55.749544],[37.451193,55.752242],[37.445659,55.752242],[37.442892,55.749544],[37.445659,55.746846],[37.451193,55.746846],[37.45396,55.749544]]]}},{"type":"Feature","properties":{"id":"M0690","kind":"river","core":true,"sea":false,"river":true,"stream":false,"lake":true},"geometry":{"type":"Polygon","coordinates":[[[37.45396,55.75494],[37.451193,55.757638],[37.445659,55.757638],[37.442892,55.75494],[37.445659,55.752242],[37.451193,55.752242],[37.45396,55.75494]]]}},{"type":"Feature","properties":{"id":"M0691","kind":"river","core":true,"sea":false,"river":true,"stream":false,"lake":true},"geometry":{"type":"Polygon","coordinates":[[[37.45396,55.760336],[37.451193,55.763034],[37.445659,55.763034],[37.442892,55.760336],[37.445659,55.757638],[37.451193,55.757638],[37.45396,55.760336]]]}},{"type":"Feature","properties":{"id":"M0692","kind":"river","core":true,"sea":false,"river":true,"stream":false,"lake":true},"geometry":{"type":"Polygon","coordinates":[[[37.45396,55.765732],[37.451193,55.76843],[37.445659,55.76843],[37.442892,55.765732],[37.445659,55.763034],[37.451193,55.763034],[37.45396,55.765732]]]}},{"type":"Feature","properties":{"id":"M0693","kind":"river","core":true,"sea":false,"river":true,"stream":false,"lake":false},"geometry":{"type":"Polygon","coordinates":[[[37.45396,55.771128],[37.451193,55.773826],[37.445659,55.773826],[37.442892,55.771128],[37.445659,55.76843],[37.451193,55.76843],[37.45396,55.771128]]]}},{"type":"Feature","properties":{"id":"M0694","kind":"river","core":true,"sea":false,"river":true,"stream":false,"lake":true},"geometry":{"type":"Polygon","coordinates":[[[37.45396,55.776523],[37.451193,55.779221],[37.445659,55.779221],[37.442892,55.776523],[37.445659,55.773826],[37.451193,55.773826],[37.45396,55.776523]]]}},{"type":"Feature","properties":{"id":"M0695","kind":"lake","core":true,"sea":false,"river":false,"stream":false,"lake":true},"geometry":{"type":"Polygon","coordinates":[[[37.45396,55.781919],[37.451193,55.784617],[37.445659,55.784617],[37.442892,55.781919],[37.445659,55.779221],[37.451193,55.779221],[37.45396,55.781919]]]}},{"type":"Feature","properties":{"id":"M0696","kind":"lake","core":true,"sea":false,"river":false,"stream":false,"lake":true},"geometry":{"type":"Polygon","coordinates":[[[37.45396,55.787315],[37.451193,55.790013],[37.445659,55.790013],[37.442892,55.787315],[37.445659,55.784617],[37.451193,55.784617],[37.45396,55.787315]]]}},{"type":"Feature","properties":{"id":"M0697","kind":"river","core":true,"sea":false,"river":true,"stream":false,"lake":true},"geometry":{"type":"Polygon","coordinates":[[[37.45396,55.792711],[37.451193,55.795409],[37.445659,55.795409],[37.442892,55.792711],[37.445659,55.790013],[37.451193,55.790013],[37.45396,55.792711]]]}},{"type":"Feature","properties":{"id":"M0698","kind":"river","core":true,"sea":false,"river":true,"stream":false,"lake":true},"geometry":{"type":"Polygon","coordinates":[[[37.45396,55.798107],[37.451193,55.800805],[37.445659,55.800805],[37.442892,55.798107],[37.445659,55.795409],[37.451193,55.795409],[37.45396,55.798107]]]}},{"type":"Feature","properties":{"id":"M0699","kind":"river","core":true,"sea":false,"river":true,"stream":false,"lake":true},"geometry":{"type":"Polygon","coordinates":[[[37.45396,55.803503],[37.451193,55.806201],[37.445659,55.806201],[37.442892,55.803503],[37.445659,55.800805],[37.451193,55.800805],[37.45396,55.803503]]]}},{"type":"Feature","properties":{"id":"M0700","kind":"river","core":true,"sea":false,"river":true,"stream":false,"lake":true},"geometry":{"type":"Polygon","coordinates":[[[37.45396,55.808899],[37.451193,55.811597],[37.445659,55.811597],[37.442892,55.808899],[37.445659,55.806201],[37.451193,55.806201],[37.45396,55.808899]]]}},{"type":"Feature","properties":{"id":"M0701","kind":"river","core":true,"sea":false,"river":true,"stream":false,"lake":true},"geometry":{"type":"Polygon","coordinates":[[[37.45396,55.814295],[37.451193,55.816993],[37.445659,55.816993],[37.442892,55.814295],[37.445659,55.811597],[37.451193,55.811597],[37.45396,55.814295]]]}},{"type":"Feature","properties":{"id":"M0702","kind":"river","core":true,"sea":false,"river":true,"stream":false,"lake":true},"geometry":{"type":"Polygon","coordinates":[[[37.45396,55.819691],[37.451193,55.822389],[37.445659,55.822389],[37.442892,55.819691],[37.445659,55.816993],[37.451193,55.816993],[37.45396,55.819691]]]}},{"type":"Feature","properties":{"id":"M0703","kind":"river","core":false,"sea":false,"river":false,"stream":false,"lake":false},"geometry":{"type":"Polygon","coordinates":[[[37.45396,55.825087],[37.451193,55.827785],[37.445659,55.827785],[37.442892,55.825087],[37.445659,55.822389],[37.451193,55.822389],[37.45396,55.825087]]]}},{"type":"Feature","properties":{"id":"M0705","kind":"lake","core":true,"sea":false,"river":false,"stream":false,"lake":true},"geometry":{"type":"Polygon","coordinates":[[[37.45396,55.835879],[37.451193,55.838577],[37.445659,55.838577],[37.442892,55.835879],[37.445659,55.833181],[37.451193,55.833181],[37.45396,55.835879]]]}},{"type":"Feature","properties":{"id":"M0710","kind":"lake","core":true,"sea":false,"river":false,"stream":false,"lake":true},"geometry":{"type":"Polygon","coordinates":[[[37.45396,55.862858],[37.451193,55.865556],[37.445659,55.865556],[37.442892,55.862858],[37.445659,55.86016],[37.451193,55.86016],[37.45396,55.862858]]]}},{"type":"Feature","properties":{"id":"M0711","kind":"river","core":true,"sea":false,"river":true,"stream":false,"lake":true},"geometry":{"type":"Polygon","coordinates":[[[37.45396,55.868254],[37.451193,55.870952],[37.445659,55.870952],[37.442892,55.868254],[37.445659,55.865556],[37.451193,55.865556],[37.45396,55.868254]]]}},{"type":"Feature","properties":{"id":"M0712","kind":"river","core":true,"sea":false,"river":true,"stream":false,"lake":true},"geometry":{"type":"Polygon","coordinates":[[[37.45396,55.87365],[37.451193,55.876348],[37.445659,55.876348],[37.442892,55.87365],[37.445659,55.870952],[37.451193,55.870952],[37.45396,55.87365]]]}},{"type":"Feature","properties":{"id":"M0713","kind":"river","core":false,"sea":false,"river":false,"stream":false,"lake":false},"geometry":{"type":"Polygon","coordinates":[[[37.45396,55.879046],[37.451193,55.881744],[37.445659,55.881744],[37.442892,55.879046],[37.445659,55.876348],[37.451193,55.876348],[37.45396,55.879046]]]}},{"type":"Feature","properties":{"id":"M0735","kind":"lake","core":true,"sea":false,"river":false,"stream":false,"lake":true},"geometry":{"type":"Polygon","coordinates":[[[37.462261,55.644323],[37.459494,55.647021],[37.45396,55.647021],[37.451193,55.644323],[37.45396,55.641625],[37.459494,55.641625],[37.462261,55.644323]]]}},{"type":"Feature","properties":{"id":"M0736","kind":"lake","core":true,"sea":false,"river":false,"stream":false,"lake":true},"geometry":{"type":"Polygon","coordinates":[[[37.462261,55.649719],[37.459494,55.652417],[37.45396,55.652417],[37.451193,55.649719],[37.45396,55.647021],[37.459494,55.647021],[37.462261,55.649719]]]}},{"type":"Feature","properties":{"id":"M0737","kind":"lake","core":true,"sea":false,"river":false,"stream":false,"lake":true},"geometry":{"type":"Polygon","coordinates":[[[37.462261,55.655115],[37.459494,55.657813],[37.45396,55.657813],[37.451193,55.655115],[37.45396,55.652417],[37.459494,55.652417],[37.462261,55.655115]]]}},{"type":"Feature","properties":{"id":"M0738","kind":"river","core":true,"sea":false,"river":true,"stream":false,"lake":false},"geometry":{"type":"Polygon","coordinates":[[[37.462261,55.660511],[37.459494,55.663209],[37.45396,55.663209],[37.451193,55.660511],[37.45396,55.657813],[37.459494,55.657813],[37.462261,55.660511]]]}},{"type":"Feature","properties":{"id":"M0739","kind":"river","core":true,"sea":false,"river":true,"stream":false,"lake":true},"geometry":{"type":"Polygon","coordinates":[[[37.462261,55.665907],[37.459494,55.668605],[37.45396,55.668605],[37.451193,55.665907],[37.45396,55.663209],[37.459494,55.663209],[37.462261,55.665907]]]}},{"type":"Feature","properties":{"id":"M0740","kind":"river","core":true,"sea":false,"river":true,"stream":false,"lake":true},"geometry":{"type":"Polygon","coordinates":[[[37.462261,55.671303],[37.459494,55.674001],[37.45396,55.674001],[37.451193,55.671303],[37.45396,55.668605],[37.459494,55.668605],[37.462261,55.671303]]]}},{"type":"Feature","properties":{"id":"M0741","kind":"river","core":true,"sea":false,"river":true,"stream":false,"lake":true},"geometry":{"type":"Polygon","coordinates":[[[37.462261,55.676699],[37.459494,55.679397],[37.45396,55.679397],[37.451193,55.676699],[37.45396,55.674001],[37.459494,55.674001],[37.462261,55.676699]]]}},{"type":"Feature","properties":{"id":"M0742","kind":"river","core":true,"sea":false,"river":true,"stream":false,"lake":false},"geometry":{"type":"Polygon","coordinates":[[[37.462261,55.682095],[37.459494,55.684793],[37.45396,55.684793],[37.451193,55.682095],[37.45396,55.679397],[37.459494,55.679397],[37.462261,55.682095]]]}},{"type":"Feature","properties":{"id":"M0743","kind":"river","core":false,"sea":false,"river":false,"stream":false,"lake":false},"geometry":{"type":"Polygon","coordinates":[[[37.462261,55.687491],[37.459494,55.690189],[37.45396,55.690189],[37.451193,55.687491],[37.45396,55.684793],[37.459494,55.684793],[37.462261,55.687491]]]}},{"type":"Feature","properties":{"id":"M0744","kind":"river","core":false,"sea":false,"river":false,"stream":false,"lake":false},"geometry":{"type":"Polygon","coordinates":[[[37.462261,55.692887],[37.459494,55.695585],[37.45396,55.695585],[37.451193,55.692887],[37.45396,55.690189],[37.459494,55.690189],[37.462261,55.692887]]]}},{"type":"Feature","properties":{"id":"M0745","kind":"river","core":true,"sea":false,"river":true,"stream":false,"lake":false},"geometry":{"type":"Polygon","coordinates":[[[37.462261,55.698283],[37.459494,55.700981],[37.45396,55.700981],[37.451193,55.698283],[37.45396,55.695585],[37.459494,55.695585],[37.462261,55.698283]]]}},{"type":"Feature","properties":{"id":"M0746","kind":"river","core":true,"sea":false,"river":true,"stream":false,"lake":false},"geometry":{"type":"Polygon","coordinates":[[[37.462261,55.703679],[37.459494,55.706377],[37.45396,55.706377],[37.451193,55.703679],[37.45396,55.700981],[37.459494,55.700981],[37.462261,55.703679]]]}},{"type":"Feature","properties":{"id":"M0747","kind":"river","core":true,"sea":false,"river":true,"stream":false,"lake":false},"geometry":{"type":"Polygon","coordinates":[[[37.462261,55.709074],[37.459494,55.711772],[37.45396,55.711772],[37.451193,55.709074],[37.45396,55.706377],[37.459494,55.706377],[37.462261,55.709074]]]}},{"type":"Feature","properties":{"id":"M0748","kind":"river","core":false,"sea":false,"river":false,"stream":false,"lake":false},"geometry":{"type":"Polygon","coordinates":[[[37.462261,55.71447],[37.459494,55.717168],[37.45396,55.717168],[37.451193,55.71447],[37.45396,55.711772],[37.459494,55.711772],[37.462261,55.71447]]]}},{"type":"Feature","properties":{"id":"M0752","kind":"lake","core":true,"sea":false,"river":false,"stream":false,"lake":true},"geometry":{"type":"Polygon","coordinates":[[[37.462261,55.736054],[37.459494,55.738752],[37.45396,55.738752],[37.451193,55.736054],[37.45396,55.733356],[37.459494,55.733356],[37.462261,55.736054]]]}},{"type":"Feature","properties":{"id":"M0753","kind":"river","core":true,"sea":false,"river":true,"stream":false,"lake":false},"geometry":{"type":"Polygon","coordinates":[[[37.462261,55.74145],[37.459494,55.744148],[37.45396,55.744148],[37.451193,55.74145],[37.45396,55.738752],[37.459494,55.738752],[37.462261,55.74145]]]}},{"type":"Feature","properties":{"id":"M0754","kind":"river","core":false,"sea":false,"river":false,"stream":false,"lake":false},"geometry":{"type":"Polygon","coordinates":[[[37.462261,55.746846],[37.459494,55.749544],[37.45396,55.749544],[37.451193,55.746846],[37.45396,55.744148],[37.459494,55.744148],[37.462261,55.746846]]]}},{"type":"Feature","properties":{"id":"M0755","kind":"river","core":true,"sea":false,"river":true,"stream":false,"lake":true},"geometry":{"type":"Polygon","coordinates":[[[37.462261,55.752242],[37.459494,55.75494],[37.45396,55.75494],[37.451193,55.752242],[37.45396,55.749544],[37.459494,55.749544],[37.462261,55.752242]]]}},{"type":"Feature","properties":{"id":"M0756","kind":"river","core":true,"sea":false,"river":true,"stream":false,"lake":true},"geometry":{"type":"Polygon","coordinates":[[[37.462261,55.757638],[37.459494,55.760336],[37.45396,55.760336],[37.451193,55.757638],[37.45396,55.75494],[37.459494,55.75494],[37.462261,55.757638]]]}},{"type":"Feature","properties":{"id":"M0757","kind":"lake","core":true,"sea":false,"river":false,"stream":false,"lake":true},"geometry":{"type":"Polygon","coordinates":[[[37.462261,55.763034],[37.459494,55.765732],[37.45396,55.765732],[37.451193,55.763034],[37.45396,55.760336],[37.459494,55.760336],[37.462261,55.763034]]]}},{"type":"Feature","properties":{"id":"M0758","kind":"river","core":true,"sea":false,"river":true,"stream":false,"lake":false},"geometry":{"type":"Polygon","coordinates":[[[37.462261,55.76843],[37.459494,55.771128],[37.45396,55.771128],[37.451193,55.76843],[37.45396,55.765732],[37.459494,55.765732],[37.462261,55.76843]]]}},{"type":"Feature","properties":{"id":"M0759","kind":"river","core":true,"sea":false,"river":true,"stream":false,"lake":true},"geometry":{"type":"Polygon","coordinates":[[[37.462261,55.773826],[37.459494,55.776523],[37.45396,55.776523],[37.451193,55.773826],[37.45396,55.771128],[37.459494,55.771128],[37.462261,55.773826]]]}},{"type":"Feature","properties":{"id":"M0760","kind":"river","core":false,"sea":false,"river":false,"stream":false,"lake":false},"geometry":{"type":"Polygon","coordinates":[[[37.462261,55.779221],[37.459494,55.781919],[37.45396,55.781919],[37.451193,55.779221],[37.45396,55.776523],[37.459494,55.776523],[37.462261,55.779221]]]}},{"type":"Feature","properties":{"id":"M0766","kind":"river","core":false,"sea":false,"river":false,"stream":false,"lake":false},"geometry":{"type":"Polygon","coordinates":[[[37.462261,55.811597],[37.459494,55.814295],[37.45396,55.814295],[37.451193,55.811597],[37.45396,55.808899],[37.459494,55.808899],[37.462261,55.811597]]]}},{"type":"Feature","properties":{"id":"M0767","kind":"river","core":true,"sea":false,"river":true,"stream":false,"lake":true},"geometry":{"type":"Polygon","coordinates":[[[37.462261,55.816993],[37.459494,55.819691],[37.45396,55.819691],[37.451193,55.816993],[37.45396,55.814295],[37.459494,55.814295],[37.462261,55.816993]]]}},{"type":"Feature","properties":{"id":"M0768","kind":"river","core":true,"sea":false,"river":true,"stream":false,"lake":false},"geometry":{"type":"Polygon","coordinates":[[[37.462261,55.822389],[37.459494,55.825087],[37.45396,55.825087],[37.451193,55.822389],[37.45396,55.819691],[37.459494,55.819691],[37.462261,55.822389]]]}},{"type":"Feature","properties":{"id":"M0769","kind":"river","core":true,"sea":false,"river":true,"stream":false,"lake":true},"geometry":{"type":"Polygon","coordinates":[[[37.462261,55.827785],[37.459494,55.830483],[37.45396,55.830483],[37.451193,55.827785],[37.45396,55.825087],[37.459494,55.825087],[37.462261,55.827785]]]}},{"type":"Feature","properties":{"id":"M0770","kind":"lake","core":true,"sea":false,"river":false,"stream":false,"lake":true},"geometry":{"type":"Polygon","coordinates":[[[37.462261,55.833181],[37.459494,55.835879],[37.45396,55.835879],[37.451193,55.833181],[37.45396,55.830483],[37.459494,55.830483],[37.462261,55.833181]]]}},{"type":"Feature","properties":{"id":"M0772","kind":"lake","core":true,"sea":false,"river":false,"stream":false,"lake":true},"geometry":{"type":"Polygon","coordinates":[[[37.462261,55.843973],[37.459494,55.84667],[37.45396,55.84667],[37.451193,55.843973],[37.45396,55.841275],[37.459494,55.841275],[37.462261,55.843973]]]}},{"type":"Feature","properties":{"id":"M0773","kind":"lake","core":true,"sea":false,"river":false,"stream":false,"lake":true},"geometry":{"type":"Polygon","coordinates":[[[37.462261,55.849368],[37.459494,55.852066],[37.45396,55.852066],[37.451193,55.849368],[37.45396,55.84667],[37.459494,55.84667],[37.462261,55.849368]]]}},{"type":"Feature","properties":{"id":"M0774","kind":"river","core":true,"sea":false,"river":true,"stream":false,"lake":true},"geometry":{"type":"Polygon","coordinates":[[[37.462261,55.854764],[37.459494,55.857462],[37.45396,55.857462],[37.451193,55.854764],[37.45396,55.852066],[37.459494,55.852066],[37.462261,55.854764]]]}},{"type":"Feature","properties":{"id":"M0775","kind":"river","core":true,"sea":false,"river":true,"stream":false,"lake":true},"geometry":{"type":"Polygon","coordinates":[[[37.462261,55.86016],[37.459494,55.862858],[37.45396,55.862858],[37.451193,55.86016],[37.45396,55.857462],[37.459494,55.857462],[37.462261,55.86016]]]}},{"type":"Feature","properties":{"id":"M0776","kind":"river","core":true,"sea":false,"river":true,"stream":false,"lake":true},"geometry":{"type":"Polygon","coordinates":[[[37.462261,55.865556],[37.459494,55.868254],[37.45396,55.868254],[37.451193,55.865556],[37.45396,55.862858],[37.459494,55.862858],[37.462261,55.865556]]]}},{"type":"Feature","properties":{"id":"M0777","kind":"river","core":true,"sea":false,"river":true,"stream":false,"lake":true},"geometry":{"type":"Polygon","coordinates":[[[37.462261,55.870952],[37.459494,55.87365],[37.45396,55.87365],[37.451193,55.870952],[37.45396,55.868254],[37.459494,55.868254],[37.462261,55.870952]]]}},{"type":"Feature","properties":{"id":"M0778","kind":"lake","core":true,"sea":false,"river":false,"stream":false,"lake":true},"geometry":{"type":"Polygon","coordinates":[[[37.462261,55.876348],[37.459494,55.879046],[37.45396,55.879046],[37.451193,55.876348],[37.45396,55.87365],[37.459494,55.87365],[37.462261,55.876348]]]}},{"type":"Feature","properties":{"id":"M0779","kind":"lake","core":true,"sea":false,"river":false,"stream":false,"lake":true},"geometry":{"type":"Polygon","coordinates":[[[37.462261,55.881744],[37.459494,55.884442],[37.45396,55.884442],[37.451193,55.881744],[37.45396,55.879046],[37.459494,55.879046],[37.462261,55.881744]]]}},{"type":"Feature","properties":{"id":"M0802","kind":"river","core":false,"sea":false,"river":false,"stream":false,"lake":false},"geometry":{"type":"Polygon","coordinates":[[[37.470563,55.652417],[37.467796,55.655115],[37.462261,55.655115],[37.459494,55.652417],[37.462261,55.649719],[37.467796,55.649719],[37.470563,55.652417]]]}},{"type":"Feature","properties":{"id":"M0803","kind":"river","core":true,"sea":false,"river":true,"stream":false,"lake":false},"geometry":{"type":"Polygon","coordinates":[[[37.470563,55.657813],[37.467796,55.660511],[37.462261,55.660511],[37.459494,55.657813],[37.462261,55.655115],[37.467796,55.655115],[37.470563,55.657813]]]}},{"type":"Feature","properties":{"id":"M0804","kind":"river","core":true,"sea":false,"river":true,"stream":false,"lake":false},"geometry":{"type":"Polygon","coordinates":[[[37.470563,55.663209],[37.467796,55.665907],[37.462261,55.665907],[37.459494,55.663209],[37.462261,55.660511],[37.467796,55.660511],[37.470563,55.663209]]]}},{"type":"Feature","properties":{"id":"M0805","kind":"river","core":false,"sea":false,"river":false,"stream":false,"lake":false},"geometry":{"type":"Polygon","coordinates":[[[37.470563,55.668605],[37.467796,55.671303],[37.462261,55.671303],[37.459494,55.668605],[37.462261,55.665907],[37.467796,55.665907],[37.470563,55.668605]]]}},{"type":"Feature","properties":{"id":"M0806","kind":"river","core":false,"sea":false,"river":false,"stream":false,"lake":false},"geometry":{"type":"Polygon","coordinates":[[[37.470563,55.674001],[37.467796,55.676699],[37.462261,55.676699],[37.459494,55.674001],[37.462261,55.671303],[37.467796,55.671303],[37.470563,55.674001]]]}},{"type":"Feature","properties":{"id":"M0807","kind":"river","core":true,"sea":false,"river":true,"stream":false,"lake":true},"geometry":{"type":"Polygon","coordinates":[[[37.470563,55.679397],[37.467796,55.682095],[37.462261,55.682095],[37.459494,55.679397],[37.462261,55.676699],[37.467796,55.676699],[37.470563,55.679397]]]}},{"type":"Feature","properties":{"id":"M0808","kind":"river","core":true,"sea":false,"river":true,"stream":false,"lake":false},"geometry":{"type":"Polygon","coordinates":[[[37.470563,55.684793],[37.467796,55.687491],[37.462261,55.687491],[37.459494,55.684793],[37.462261,55.682095],[37.467796,55.682095],[37.470563,55.684793]]]}},{"type":"Feature","properties":{"id":"M0809","kind":"river","core":false,"sea":false,"river":false,"stream":false,"lake":false},"geometry":{"type":"Polygon","coordinates":[[[37.470563,55.690189],[37.467796,55.692887],[37.462261,55.692887],[37.459494,55.690189],[37.462261,55.687491],[37.467796,55.687491],[37.470563,55.690189]]]}},{"type":"Feature","properties":{"id":"M0812","kind":"river","core":false,"sea":false,"river":false,"stream":false,"lake":false},"geometry":{"type":"Polygon","coordinates":[[[37.470563,55.706377],[37.467796,55.709074],[37.462261,55.709074],[37.459494,55.706377],[37.462261,55.703679],[37.467796,55.703679],[37.470563,55.706377]]]}},{"type":"Feature","properties":{"id":"M0813","kind":"river","core":true,"sea":false,"river":true,"stream":false,"lake":false},"geometry":{"type":"Polygon","coordinates":[[[37.470563,55.711772],[37.467796,55.71447],[37.462261,55.71447],[37.459494,55.711772],[37.462261,55.709074],[37.467796,55.709074],[37.470563,55.711772]]]}},{"type":"Feature","properties":{"id":"M0814","kind":"river","core":true,"sea":false,"river":true,"stream":false,"lake":false},"geometry":{"type":"Polygon","coordinates":[[[37.470563,55.717168],[37.467796,55.719866],[37.462261,55.719866],[37.459494,55.717168],[37.462261,55.71447],[37.467796,55.71447],[37.470563,55.717168]]]}},{"type":"Feature","properties":{"id":"M0815","kind":"river","core":false,"sea":false,"river":false,"stream":false,"lake":false},"geometry":{"type":"Polygon","coordinates":[[[37.470563,55.722564],[37.467796,55.725262],[37.462261,55.725262],[37.459494,55.722564],[37.462261,55.719866],[37.467796,55.719866],[37.470563,55.722564]]]}},{"type":"Feature","properties":{"id":"M0817","kind":"lake","core":true,"sea":false,"river":false,"stream":false,"lake":true},"geometry":{"type":"Polygon","coordinates":[[[37.470563,55.733356],[37.467796,55.736054],[37.462261,55.736054],[37.459494,55.733356],[37.462261,55.730658],[37.467796,55.730658],[37.470563,55.733356]]]}},{"type":"Feature","properties":{"id":"M0818","kind":"river","core":false,"sea":false,"river":false,"stream":false,"lake":false},"geometry":{"type":"Polygon","coordinates":[[[37.470563,55.738752],[37.467796,55.74145],[37.462261,55.74145],[37.459494,55.738752],[37.462261,55.736054],[37.467796,55.736054],[37.470563,55.738752]]]}},{"type":"Feature","properties":{"id":"M0819","kind":"river","core":true,"sea":false,"river":true,"stream":false,"lake":false},"geometry":{"type":"Polygon","coordinates":[[[37.470563,55.744148],[37.467796,55.746846],[37.462261,55.746846],[37.459494,55.744148],[37.462261,55.74145],[37.467796,55.74145],[37.470563,55.744148]]]}},{"type":"Feature","properties":{"id":"M0820","kind":"river","core":false,"sea":false,"river":false,"stream":false,"lake":false},"geometry":{"type":"Polygon","coordinates":[[[37.470563,55.749544],[37.467796,55.752242],[37.462261,55.752242],[37.459494,55.749544],[37.462261,55.746846],[37.467796,55.746846],[37.470563,55.749544]]]}},{"type":"Feature","properties":{"id":"M0821","kind":"lake","core":true,"sea":false,"river":false,"stream":false,"lake":true},"geometry":{"type":"Polygon","coordinates":[[[37.470563,55.75494],[37.467796,55.757638],[37.462261,55.757638],[37.459494,55.75494],[37.462261,55.752242],[37.467796,55.752242],[37.470563,55.75494]]]}},{"type":"Feature","properties":{"id":"M0822","kind":"river","core":true,"sea":false,"river":true,"stream":false,"lake":false},"geometry":{"type":"Polygon","coordinates":[[[37.470563,55.760336],[37.467796,55.763034],[37.462261,55.763034],[37.459494,55.760336],[37.462261,55.757638],[37.467796,55.757638],[37.470563,55.760336]]]}},{"type":"Feature","properties":{"id":"M0823","kind":"river","core":true,"sea":false,"river":true,"stream":false,"lake":false},"geometry":{"type":"Polygon","coordinates":[[[37.470563,55.765732],[37.467796,55.76843],[37.462261,55.76843],[37.459494,55.765732],[37.462261,55.763034],[37.467796,55.763034],[37.470563,55.765732]]]}},{"type":"Feature","properties":{"id":"M0824","kind":"river","core":true,"sea":false,"river":true,"stream":false,"lake":false},"geometry":{"type":"Polygon","coordinates":[[[37.470563,55.771128],[37.467796,55.773826],[37.462261,55.773826],[37.459494,55.771128],[37.462261,55.76843],[37.467796,55.76843],[37.470563,55.771128]]]}},{"type":"Feature","properties":{"id":"M0825","kind":"river","core":false,"sea":false,"river":false,"stream":false,"lake":false},"geometry":{"type":"Polygon","coordinates":[[[37.470563,55.776523],[37.467796,55.779221],[37.462261,55.779221],[37.459494,55.776523],[37.462261,55.773826],[37.467796,55.773826],[37.470563,55.776523]]]}},{"type":"Feature","properties":{"id":"M0833","kind":"river","core":false,"sea":false,"river":false,"stream":false,"lake":false},"geometry":{"type":"Polygon","coordinates":[[[37.470563,55.819691],[37.467796,55.822389],[37.462261,55.822389],[37.459494,55.819691],[37.462261,55.816993],[37.467796,55.816993],[37.470563,55.819691]]]}},{"type":"Feature","properties":{"id":"M0834","kind":"river","core":true,"sea":false,"river":true,"stream":false,"lake":false},"geometry":{"type":"Polygon","coordinates":[[[37.470563,55.825087],[37.467796,55.827785],[37.462261,55.827785],[37.459494,55.825087],[37.462261,55.822389],[37.467796,55.822389],[37.470563,55.825087]]]}},{"type":"Feature","properties":{"id":"M0835","kind":"lake","core":true,"sea":false,"river":false,"stream":false,"lake":true},"geometry":{"type":"Polygon","coordinates":[[[37.470563,55.830483],[37.467796,55.833181],[37.462261,55.833181],[37.459494,55.830483],[37.462261,55.827785],[37.467796,55.827785],[37.470563,55.830483]]]}},{"type":"Feature","properties":{"id":"M0836","kind":"lake","core":true,"sea":false,"river":false,"stream":false,"lake":true},"geometry":{"type":"Polygon","coordinates":[[[37.470563,55.835879],[37.467796,55.838577],[37.462261,55.838577],[37.459494,55.835879],[37.462261,55.833181],[37.467796,55.833181],[37.470563,55.835879]]]}},{"type":"Feature","properties":{"id":"M0837","kind":"lake","core":true,"sea":false,"river":false,"stream":false,"lake":true},"geometry":{"type":"Polygon","coordinates":[[[37.470563,55.841275],[37.467796,55.843973],[37.462261,55.843973],[37.459494,55.841275],[37.462261,55.838577],[37.467796,55.838577],[37.470563,55.841275]]]}},{"type":"Feature","properties":{"id":"M0838","kind":"river","core":true,"sea":false,"river":true,"stream":false,"lake":true},"geometry":{"type":"Polygon","coordinates":[[[37.470563,55.84667],[37.467796,55.849368],[37.462261,55.849368],[37.459494,55.84667],[37.462261,55.843973],[37.467796,55.843973],[37.470563,55.84667]]]}},{"type":"Feature","properties":{"id":"M0839","kind":"river","core":true,"sea":false,"river":true,"stream":false,"lake":true},"geometry":{"type":"Polygon","coordinates":[[[37.470563,55.852066],[37.467796,55.854764],[37.462261,55.854764],[37.459494,55.852066],[37.462261,55.849368],[37.467796,55.849368],[37.470563,55.852066]]]}},{"type":"Feature","properties":{"id":"M0840","kind":"lake","core":true,"sea":false,"river":false,"stream":false,"lake":true},"geometry":{"type":"Polygon","coordinates":[[[37.470563,55.857462],[37.467796,55.86016],[37.462261,55.86016],[37.459494,55.857462],[37.462261,55.854764],[37.467796,55.854764],[37.470563,55.857462]]]}},{"type":"Feature","properties":{"id":"M0843","kind":"lake","core":true,"sea":false,"river":false,"stream":false,"lake":true},"geometry":{"type":"Polygon","coordinates":[[[37.470563,55.87365],[37.467796,55.876348],[37.462261,55.876348],[37.459494,55.87365],[37.462261,55.870952],[37.467796,55.870952],[37.470563,55.87365]]]}},{"type":"Feature","properties":{"id":"M0844","kind":"lake","core":true,"sea":false,"river":false,"stream":false,"lake":true},"geometry":{"type":"Polygon","coordinates":[[[37.470563,55.879046],[37.467796,55.881744],[37.462261,55.881744],[37.459494,55.879046],[37.462261,55.876348],[37.467796,55.876348],[37.470563,55.879046]]]}},{"type":"Feature","properties":{"id":"M0867","kind":"river","core":false,"sea":false,"river":false,"stream":false,"lake":false},"geometry":{"type":"Polygon","coordinates":[[[37.478864,55.649719],[37.476097,55.652417],[37.470563,55.652417],[37.467796,55.649719],[37.470563,55.647021],[37.476097,55.647021],[37.478864,55.649719]]]}},{"type":"Feature","properties":{"id":"M0868","kind":"river","core":true,"sea":false,"river":true,"stream":false,"lake":true},"geometry":{"type":"Polygon","coordinates":[[[37.478864,55.655115],[37.476097,55.657813],[37.470563,55.657813],[37.467796,55.655115],[37.470563,55.652417],[37.476097,55.652417],[37.478864,55.655115]]]}},{"type":"Feature","properties":{"id":"M0869","kind":"river","core":false,"sea":false,"river":false,"stream":false,"lake":false},"geometry":{"type":"Polygon","coordinates":[[[37.478864,55.660511],[37.476097,55.663209],[37.470563,55.663209],[37.467796,55.660511],[37.470563,55.657813],[37.476097,55.657813],[37.478864,55.660511]]]}},{"type":"Feature","properties":{"id":"M0871","kind":"river","core":false,"sea":false,"river":false,"stream":false,"lake":false},"geometry":{"type":"Polygon","coordinates":[[[37.478864,55.671303],[37.476097,55.674001],[37.470563,55.674001],[37.467796,55.671303],[37.470563,55.668605],[37.476097,55.668605],[37.478864,55.671303]]]}},{"type":"Feature","properties":{"id":"M0872","kind":"river","core":true,"sea":false,"river":true,"stream":false,"lake":true},"geometry":{"type":"Polygon","coordinates":[[[37.478864,55.676699],[37.476097,55.679397],[37.470563,55.679397],[37.467796,55.676699],[37.470563,55.674001],[37.476097,55.674001],[37.478864,55.676699]]]}},{"type":"Feature","properties":{"id":"M0873","kind":"river","core":true,"sea":false,"river":true,"stream":false,"lake":true},"geometry":{"type":"Polygon","coordinates":[[[37.478864,55.682095],[37.476097,55.684793],[37.470563,55.684793],[37.467796,55.682095],[37.470563,55.679397],[37.476097,55.679397],[37.478864,55.682095]]]}},{"type":"Feature","properties":{"id":"M0874","kind":"river","core":true,"sea":false,"river":true,"stream":false,"lake":false},"geometry":{"type":"Polygon","coordinates":[[[37.478864,55.687491],[37.476097,55.690189],[37.470563,55.690189],[37.467796,55.687491],[37.470563,55.684793],[37.476097,55.684793],[37.478864,55.687491]]]}},{"type":"Feature","properties":{"id":"M0875","kind":"river","core":false,"sea":false,"river":false,"stream":false,"lake":false},"geometry":{"type":"Polygon","coordinates":[[[37.478864,55.692887],[37.476097,55.695585],[37.470563,55.695585],[37.467796,55.692887],[37.470563,55.690189],[37.476097,55.690189],[37.478864,55.692887]]]}},{"type":"Feature","properties":{"id":"M0878","kind":"river","core":false,"sea":false,"river":false,"stream":false,"lake":false},"geometry":{"type":"Polygon","coordinates":[[[37.478864,55.709074],[37.476097,55.711772],[37.470563,55.711772],[37.467796,55.709074],[37.470563,55.706377],[37.476097,55.706377],[37.478864,55.709074]]]}},{"type":"Feature","properties":{"id":"M0879","kind":"river","core":true,"sea":false,"river":true,"stream":false,"lake":false},"geometry":{"type":"Polygon","coordinates":[[[37.478864,55.71447],[37.476097,55.717168],[37.470563,55.717168],[37.467796,55.71447],[37.470563,55.711772],[37.476097,55.711772],[37.478864,55.71447]]]}},{"type":"Feature","properties":{"id":"M0880","kind":"river","core":true,"sea":false,"river":true,"stream":false,"lake":false},"geometry":{"type":"Polygon","coordinates":[[[37.478864,55.719866],[37.476097,55.722564],[37.470563,55.722564],[37.467796,55.719866],[37.470563,55.717168],[37.476097,55.717168],[37.478864,55.719866]]]}},{"type":"Feature","properties":{"id":"M0881","kind":"river","core":false,"sea":false,"river":false,"stream":false,"lake":false},"geometry":{"type":"Polygon","coordinates":[[[37.478864,55.725262],[37.476097,55.72796],[37.470563,55.72796],[37.467796,55.725262],[37.470563,55.722564],[37.476097,55.722564],[37.478864,55.725262]]]}},{"type":"Feature","properties":{"id":"M0884","kind":"river","core":false,"sea":false,"river":false,"stream":false,"lake":false},"geometry":{"type":"Polygon","coordinates":[[[37.478864,55.74145],[37.476097,55.744148],[37.470563,55.744148],[37.467796,55.74145],[37.470563,55.738752],[37.476097,55.738752],[37.478864,55.74145]]]}},{"type":"Feature","properties":{"id":"M0885","kind":"river","core":true,"sea":false,"river":true,"stream":false,"lake":false},"geometry":{"type":"Polygon","coordinates":[[[37.478864,55.746846],[37.476097,55.749544],[37.470563,55.749544],[37.467796,55.746846],[37.470563,55.744148],[37.476097,55.744148],[37.478864,55.746846]]]}},{"type":"Feature","properties":{"id":"M0886","kind":"river","core":true,"sea":false,"river":true,"stream":false,"lake":false},"geometry":{"type":"Polygon","coordinates":[[[37.478864,55.752242],[37.476097,55.75494],[37.470563,55.75494],[37.467796,55.752242],[37.470563,55.749544],[37.476097,55.749544],[37.478864,55.752242]]]}},{"type":"Feature","properties":{"id":"M0887","kind":"river","core":true,"sea":false,"river":true,"stream":false,"lake":false},"geometry":{"type":"Polygon","coordinates":[[[37.478864,55.757638],[37.476097,55.760336],[37.470563,55.760336],[37.467796,55.757638],[37.470563,55.75494],[37.476097,55.75494],[37.478864,55.757638]]]}},{"type":"Feature","properties":{"id":"M0888","kind":"river","core":true,"sea":false,"river":true,"stream":false,"lake":false},"geometry":{"type":"Polygon","coordinates":[[[37.478864,55.763034],[37.476097,55.765732],[37.470563,55.765732],[37.467796,55.763034],[37.470563,55.760336],[37.476097,55.760336],[37.478864,55.763034]]]}},{"type":"Feature","properties":{"id":"M0889","kind":"river","core":true,"sea":false,"river":true,"stream":false,"lake":false},"geometry":{"type":"Polygon","coordinates":[[[37.478864,55.76843],[37.476097,55.771128],[37.470563,55.771128],[37.467796,55.76843],[37.470563,55.765732],[37.476097,55.765732],[37.478864,55.76843]]]}},{"type":"Feature","properties":{"id":"M0890","kind":"river","core":false,"sea":false,"river":false,"stream":false,"lake":false},"geometry":{"type":"Polygon","coordinates":[[[37.478864,55.773826],[37.476097,55.776523],[37.470563,55.776523],[37.467796,55.773826],[37.470563,55.771128],[37.476097,55.771128],[37.478864,55.773826]]]}},{"type":"Feature","properties":{"id":"M0897","kind":"lake","core":true,"sea":false,"river":false,"stream":false,"lake":true},"geometry":{"type":"Polygon","coordinates":[[[37.478864,55.811597],[37.476097,55.814295],[37.470563,55.814295],[37.467796,55.811597],[37.470563,55.808899],[37.476097,55.808899],[37.478864,55.811597]]]}},{"type":"Feature","properties":{"id":"M0898","kind":"lake","core":true,"sea":false,"river":false,"stream":false,"lake":true},"geometry":{"type":"Polygon","coordinates":[[[37.478864,55.816993],[37.476097,55.819691],[37.470563,55.819691],[37.467796,55.816993],[37.470563,55.814295],[37.476097,55.814295],[37.478864,55.816993]]]}},{"type":"Feature","properties":{"id":"M0899","kind":"river","core":false,"sea":false,"river":false,"stream":false,"lake":false},"geometry":{"type":"Polygon","coordinates":[[[37.478864,55.822389],[37.476097,55.825087],[37.470563,55.825087],[37.467796,55.822389],[37.470563,55.819691],[37.476097,55.819691],[37.478864,55.822389]]]}},{"type":"Feature","properties":{"id":"M0900","kind":"river","core":true,"sea":false,"river":true,"stream":false,"lake":true},"geometry":{"type":"Polygon","coordinates":[[[37.478864,55.827785],[37.476097,55.830483],[37.470563,55.830483],[37.467796,55.827785],[37.470563,55.825087],[37.476097,55.825087],[37.478864,55.827785]]]}},{"type":"Feature","properties":{"id":"M0901","kind":"river","core":true,"sea":false,"river":true,"stream":false,"lake":true},"geometry":{"type":"Polygon","coordinates":[[[37.478864,55.833181],[37.476097,55.835879],[37.470563,55.835879],[37.467796,55.833181],[37.470563,55.830483],[37.476097,55.830483],[37.478864,55.833181]]]}},{"type":"Feature","properties":{"id":"M0902","kind":"river","core":true,"sea":false,"river":true,"stream":false,"lake":true},"geometry":{"type":"Polygon","coordinates":[[[37.478864,55.838577],[37.476097,55.841275],[37.470563,55.841275],[37.467796,55.838577],[37.470563,55.835879],[37.476097,55.835879],[37.478864,55.838577]]]}},{"type":"Feature","properties":{"id":"M0903","kind":"river","core":true,"sea":false,"river":true,"stream":false,"lake":true},"geometry":{"type":"Polygon","coordinates":[[[37.478864,55.843973],[37.476097,55.84667],[37.470563,55.84667],[37.467796,55.843973],[37.470563,55.841275],[37.476097,55.841275],[37.478864,55.843973]]]}},{"type":"Feature","properties":{"id":"M0904","kind":"river","core":false,"sea":false,"river":false,"stream":false,"lake":false},"geometry":{"type":"Polygon","coordinates":[[[37.478864,55.849368],[37.476097,55.852066],[37.470563,55.852066],[37.467796,55.849368],[37.470563,55.84667],[37.476097,55.84667],[37.478864,55.849368]]]}},{"type":"Feature","properties":{"id":"M0927","kind":"lake","core":true,"sea":false,"river":false,"stream":false,"lake":true},"geometry":{"type":"Polygon","coordinates":[[[37.487165,55.620042],[37.484398,55.62274],[37.478864,55.62274],[37.476097,55.620042],[37.478864,55.617344],[37.484398,55.617344],[37.487165,55.620042]]]}},{"type":"Feature","properties":{"id":"M0935","kind":"river","core":false,"sea":false,"river":false,"stream":false,"lake":false},"geometry":{"type":"Polygon","coordinates":[[[37.487165,55.663209],[37.484398,55.665907],[37.478864,55.665907],[37.476097,55.663209],[37.478864,55.660511],[37.484398,55.660511],[37.487165,55.663209]]]}},{"type":"Feature","properties":{"id":"M0936","kind":"river","core":true,"sea":false,"river":true,"stream":false,"lake":false},"geometry":{"type":"Polygon","coordinates":[[[37.487165,55.668605],[37.484398,55.671303],[37.478864,55.671303],[37.476097,55.668605],[37.478864,55.665907],[37.484398,55.665907],[37.487165,55.668605]]]}},{"type":"Feature","properties":{"id":"M0937","kind":"river","core":true,"sea":false,"river":true,"stream":false,"lake":false},"geometry":{"type":"Polygon","coordinates":[[[37.487165,55.674001],[37.484398,55.676699],[37.478864,55.676699],[37.476097,55.674001],[37.478864,55.671303],[37.484398,55.671303],[37.487165,55.674001]]]}},{"type":"Feature","properties":{"id":"M0938","kind":"river","core":false,"sea":false,"river":false,"stream":false,"lake":false},"geometry":{"type":"Polygon","coordinates":[[[37.487165,55.679397],[37.484398,55.682095],[37.478864,55.682095],[37.476097,55.679397],[37.478864,55.676699],[37.484398,55.676699],[37.487165,55.679397]]]}},{"type":"Feature","properties":{"id":"M0939","kind":"river","core":false,"sea":false,"river":false,"stream":false,"lake":false},"geometry":{"type":"Polygon","coordinates":[[[37.487165,55.684793],[37.484398,55.687491],[37.478864,55.687491],[37.476097,55.684793],[37.478864,55.682095],[37.484398,55.682095],[37.487165,55.684793]]]}},{"type":"Feature","properties":{"id":"M0940","kind":"river","core":true,"sea":false,"river":true,"stream":false,"lake":false},"geometry":{"type":"Polygon","coordinates":[[[37.487165,55.690189],[37.484398,55.692887],[37.478864,55.692887],[37.476097,55.690189],[37.478864,55.687491],[37.484398,55.687491],[37.487165,55.690189]]]}},{"type":"Feature","properties":{"id":"M0941","kind":"river","core":true,"sea":false,"river":true,"stream":false,"lake":false},"geometry":{"type":"Polygon","coordinates":[[[37.487165,55.695585],[37.484398,55.698283],[37.478864,55.698283],[37.476097,55.695585],[37.478864,55.692887],[37.484398,55.692887],[37.487165,55.695585]]]}},{"type":"Feature","properties":{"id":"M0942","kind":"river","core":true,"sea":false,"river":true,"stream":false,"lake":false},"geometry":{"type":"Polygon","coordinates":[[[37.487165,55.700981],[37.484398,55.703679],[37.478864,55.703679],[37.476097,55.700981],[37.478864,55.698283],[37.484398,55.698283],[37.487165,55.700981]]]}},{"type":"Feature","properties":{"id":"M0943","kind":"river","core":false,"sea":false,"river":false,"stream":false,"lake":false},"geometry":{"type":"Polygon","coordinates":[[[37.487165,55.706377],[37.484398,55.709074],[37.478864,55.709074],[37.476097,55.706377],[37.478864,55.703679],[37.484398,55.703679],[37.487165,55.706377]]]}},{"type":"Feature","properties":{"id":"M0945","kind":"river","core":false,"sea":false,"river":false,"stream":false,"lake":false},"geometry":{"type":"Polygon","coordinates":[[[37.487165,55.717168],[37.484398,55.719866],[37.478864,55.719866],[37.476097,55.717168],[37.478864,55.71447],[37.484398,55.71447],[37.487165,55.717168]]]}},{"type":"Feature","properties":{"id":"M0946","kind":"river","core":true,"sea":false,"river":true,"stream":false,"lake":false},"geometry":{"type":"Polygon","coordinates":[[[37.487165,55.722564],[37.484398,55.725262],[37.478864,55.725262],[37.476097,55.722564],[37.478864,55.719866],[37.484398,55.719866],[37.487165,55.722564]]]}},{"type":"Feature","properties":{"id":"M0947","kind":"river","core":false,"sea":false,"river":false,"stream":false,"lake":false},"geometry":{"type":"Polygon","coordinates":[[[37.487165,55.72796],[37.484398,55.730658],[37.478864,55.730658],[37.476097,55.72796],[37.478864,55.725262],[37.484398,55.725262],[37.487165,55.72796]]]}},{"type":"Feature","properties":{"id":"M0951","kind":"river","core":false,"sea":false,"river":false,"stream":false,"lake":false},"geometry":{"type":"Polygon","coordinates":[[[37.487165,55.749544],[37.484398,55.752242],[37.478864,55.752242],[37.476097,55.749544],[37.478864,55.746846],[37.484398,55.746846],[37.487165,55.749544]]]}},{"type":"Feature","properties":{"id":"M0952","kind":"river","core":true,"sea":false,"river":true,"stream":false,"lake":false},"geometry":{"type":"Polygon","coordinates":[[[37.487165,55.75494],[37.484398,55.757638],[37.478864,55.757638],[37.476097,55.75494],[37.478864,55.752242],[37.484398,55.752242],[37.487165,55.75494]]]}},{"type":"Feature","properties":{"id":"M0953","kind":"river","core":true,"sea":false,"river":true,"stream":false,"lake":false},"geometry":{"type":"Polygon","coordinates":[[[37.487165,55.760336],[37.484398,55.763034],[37.478864,55.763034],[37.476097,55.760336],[37.478864,55.757638],[37.484398,55.757638],[37.487165,55.760336]]]}},{"type":"Feature","properties":{"id":"M0954","kind":"river","core":true,"sea":false,"river":true,"stream":false,"lake":false},"geometry":{"type":"Polygon","coordinates":[[[37.487165,55.765732],[37.484398,55.76843],[37.478864,55.76843],[37.476097,55.765732],[37.478864,55.763034],[37.484398,55.763034],[37.487165,55.765732]]]}},{"type":"Feature","properties":{"id":"M0955","kind":"river","core":true,"sea":false,"river":true,"stream":false,"lake":false},"geometry":{"type":"Polygon","coordinates":[[[37.487165,55.771128],[37.484398,55.773826],[37.478864,55.773826],[37.476097,55.771128],[37.478864,55.76843],[37.484398,55.76843],[37.487165,55.771128]]]}},{"type":"Feature","properties":{"id":"M0956","kind":"river","core":false,"sea":false,"river":false,"stream":false,"lake":false},"geometry":{"type":"Polygon","coordinates":[[[37.487165,55.776523],[37.484398,55.779221],[37.478864,55.779221],[37.476097,55.776523],[37.478864,55.773826],[37.484398,55.773826],[37.487165,55.776523]]]}},{"type":"Feature","properties":{"id":"M0963","kind":"lake","core":true,"sea":false,"river":false,"stream":false,"lake":true},"geometry":{"type":"Polygon","coordinates":[[[37.487165,55.814295],[37.484398,55.816993],[37.478864,55.816993],[37.476097,55.814295],[37.478864,55.811597],[37.484398,55.811597],[37.487165,55.814295]]]}},{"type":"Feature","properties":{"id":"M0964","kind":"lake","core":true,"sea":false,"river":false,"stream":false,"lake":true},"geometry":{"type":"Polygon","coordinates":[[[37.487165,55.819691],[37.484398,55.822389],[37.478864,55.822389],[37.476097,55.819691],[37.478864,55.816993],[37.484398,55.816993],[37.487165,55.819691]]]}},{"type":"Feature","properties":{"id":"M0965","kind":"river","core":false,"sea":false,"river":false,"stream":false,"lake":false},"geometry":{"type":"Polygon","coordinates":[[[37.487165,55.825087],[37.484398,55.827785],[37.478864,55.827785],[37.476097,55.825087],[37.478864,55.822389],[37.484398,55.822389],[37.487165,55.825087]]]}},{"type":"Feature","properties":{"id":"M0966","kind":"river","core":true,"sea":false,"river":true,"stream":false,"lake":true},"geometry":{"type":"Polygon","coordinates":[[[37.487165,55.830483],[37.484398,55.833181],[37.478864,55.833181],[37.476097,55.830483],[37.478864,55.827785],[37.484398,55.827785],[37.487165,55.830483]]]}},{"type":"Feature","properties":{"id":"M0967","kind":"lake","core":true,"sea":false,"river":false,"stream":false,"lake":true},"geometry":{"type":"Polygon","coordinates":[[[37.487165,55.835879],[37.484398,55.838577],[37.478864,55.838577],[37.476097,55.835879],[37.478864,55.833181],[37.484398,55.833181],[37.487165,55.835879]]]}},{"type":"Feature","properties":{"id":"M0968","kind":"lake","core":true,"sea":false,"river":false,"stream":false,"lake":true},"geometry":{"type":"Polygon","coordinates":[[[37.487165,55.841275],[37.484398,55.843973],[37.478864,55.843973],[37.476097,55.841275],[37.478864,55.838577],[37.484398,55.838577],[37.487165,55.841275]]]}},{"type":"Feature","properties":{"id":"M0970","kind":"lake","core":true,"sea":false,"river":false,"stream":false,"lake":true},"geometry":{"type":"Polygon","coordinates":[[[37.487165,55.852066],[37.484398,55.854764],[37.478864,55.854764],[37.476097,55.852066],[37.478864,55.849368],[37.484398,55.849368],[37.487165,55.852066]]]}},{"type":"Feature","properties":{"id":"M0971","kind":"lake","core":true,"sea":false,"river":false,"stream":false,"lake":true},"geometry":{"type":"Polygon","coordinates":[[[37.487165,55.857462],[37.484398,55.86016],[37.478864,55.86016],[37.476097,55.857462],[37.478864,55.854764],[37.484398,55.854764],[37.487165,55.857462]]]}},{"type":"Feature","properties":{"id":"M0995","kind":"lake","core":true,"sea":false,"river":false,"stream":false,"lake":true},"geometry":{"type":"Polygon","coordinates":[[[37.495466,55.633532],[37.492699,55.63623],[37.487165,55.63623],[37.484398,55.633532],[37.487165,55.630834],[37.492699,55.630834],[37.495466,55.633532]]]}},{"type":"Feature","properties":{"id":"M0996","kind":"lake","core":true,"sea":false,"river":false,"stream":false,"lake":true},"geometry":{"type":"Polygon","coordinates":[[[37.495466,55.638927],[37.492699,55.641625],[37.487165,55.641625],[37.484398,55.638927],[37.487165,55.63623],[37.492699,55.63623],[37.495466,55.638927]]]}},{"type":"Feature","properties":{"id":"M1001","kind":"river","core":false,"sea":false,"river":false,"stream":false,"lake":false},"geometry":{"type":"Polygon","coordinates":[[[37.495466,55.665907],[37.492699,55.668605],[37.487165,55.668605],[37.484398,55.665907],[37.487165,55.663209],[37.492699,55.663209],[37.495466,55.665907]]]}},{"type":"Feature","properties":{"id":"M1002","kind":"river","core":true,"sea":false,"river":true,"stream":false,"lake":false},"geometry":{"type":"Polygon","coordinates":[[[37.495466,55.671303],[37.492699,55.674001],[37.487165,55.674001],[37.484398,55.671303],[37.487165,55.668605],[37.492699,55.668605],[37.495466,55.671303]]]}},{"type":"Feature","properties":{"id":"M1003","kind":"river","core":false,"sea":false,"river":false,"stream":false,"lake":false},"geometry":{"type":"Polygon","coordinates":[[[37.495466,55.676699],[37.492699,55.679397],[37.487165,55.679397],[37.484398,55.676699],[37.487165,55.674001],[37.492699,55.674001],[37.495466,55.676699]]]}},{"type":"Feature","properties":{"id":"M1004","kind":"river","core":false,"sea":false,"river":false,"stream":false,"lake":false},"geometry":{"type":"Polygon","coordinates":[[[37.495466,55.682095],[37.492699,55.684793],[37.487165,55.684793],[37.484398,55.682095],[37.487165,55.679397],[37.492699,55.679397],[37.495466,55.682095]]]}},{"type":"Feature","properties":{"id":"M1005","kind":"river","core":true,"sea":false,"river":true,"stream":false,"lake":true},"geometry":{"type":"Polygon","coordinates":[[[37.495466,55.687491],[37.492699,55.690189],[37.487165,55.690189],[37.484398,55.687491],[37.487165,55.684793],[37.492699,55.684793],[37.495466,55.687491]]]}},{"type":"Feature","properties":{"id":"M1006","kind":"river","core":true,"sea":false,"river":true,"stream":false,"lake":true},"geometry":{"type":"Polygon","coordinates":[[[37.495466,55.692887],[37.492699,55.695585],[37.487165,55.695585],[37.484398,55.692887],[37.487165,55.690189],[37.492699,55.690189],[37.495466,55.692887]]]}},{"type":"Feature","properties":{"id":"M1007","kind":"river","core":true,"sea":false,"river":true,"stream":false,"lake":true},"geometry":{"type":"Polygon","coordinates":[[[37.495466,55.698283],[37.492699,55.700981],[37.487165,55.700981],[37.484398,55.698283],[37.487165,55.695585],[37.492699,55.695585],[37.495466,55.698283]]]}},{"type":"Feature","properties":{"id":"M1008","kind":"river","core":true,"sea":false,"river":true,"stream":false,"lake":false},"geometry":{"type":"Polygon","coordinates":[[[37.495466,55.703679],[37.492699,55.706377],[37.487165,55.706377],[37.484398,55.703679],[37.487165,55.700981],[37.492699,55.700981],[37.495466,55.703679]]]}},{"type":"Feature","properties":{"id":"M1009","kind":"river","core":true,"sea":false,"river":true,"stream":false,"lake":false},"geometry":{"type":"Polygon","coordinates":[[[37.495466,55.709074],[37.492699,55.711772],[37.487165,55.711772],[37.484398,55.709074],[37.487165,55.706377],[37.492699,55.706377],[37.495466,55.709074]]]}},{"type":"Feature","properties":{"id":"M1010","kind":"river","core":false,"sea":false,"river":false,"stream":false,"lake":false},"geometry":{"type":"Polygon","coordinates":[[[37.495466,55.71447],[37.492699,55.717168],[37.487165,55.717168],[37.484398,55.71447],[37.487165,55.711772],[37.492699,55.711772],[37.495466,55.71447]]]}},{"type":"Feature","properties":{"id":"M1011","kind":"river","core":true,"sea":false,"river":true,"stream":false,"lake":false},"geometry":{"type":"Polygon","coordinates":[[[37.495466,55.719866],[37.492699,55.722564],[37.487165,55.722564],[37.484398,55.719866],[37.487165,55.717168],[37.492699,55.717168],[37.495466,55.719866]]]}},{"type":"Feature","properties":{"id":"M1012","kind":"river","core":false,"sea":false,"river":false,"stream":false,"lake":false},"geometry":{"type":"Polygon","coordinates":[[[37.495466,55.725262],[37.492699,55.72796],[37.487165,55.72796],[37.484398,55.725262],[37.487165,55.722564],[37.492699,55.722564],[37.495466,55.725262]]]}},{"type":"Feature","properties":{"id":"M1019","kind":"river","core":false,"sea":false,"river":false,"stream":false,"lake":false},"geometry":{"type":"Polygon","coordinates":[[[37.495466,55.763034],[37.492699,55.765732],[37.487165,55.765732],[37.484398,55.763034],[37.487165,55.760336],[37.492699,55.760336],[37.495466,55.763034]]]}},{"type":"Feature","properties":{"id":"M1020","kind":"river","core":true,"sea":false,"river":true,"stream":false,"lake":false},"geometry":{"type":"Polygon","coordinates":[[[37.495466,55.76843],[37.492699,55.771128],[37.487165,55.771128],[37.484398,55.76843],[37.487165,55.765732],[37.492699,55.765732],[37.495466,55.76843]]]}},{"type":"Feature","properties":{"id":"M1021","kind":"river","core":false,"sea":false,"river":false,"stream":false,"lake":false},"geometry":{"type":"Polygon","coordinates":[[[37.495466,55.773826],[37.492699,55.776523],[37.487165,55.776523],[37.484398,55.773826],[37.487165,55.771128],[37.492699,55.771128],[37.495466,55.773826]]]}},{"type":"Feature","properties":{"id":"M1030","kind":"lake","core":true,"sea":false,"river":false,"stream":false,"lake":true},"geometry":{"type":"Polygon","coordinates":[[[37.495466,55.822389],[37.492699,55.825087],[37.487165,55.825087],[37.484398,55.822389],[37.487165,55.819691],[37.492699,55.819691],[37.495466,55.822389]]]}},{"type":"Feature","properties":{"id":"M1035","kind":"lake","core":true,"sea":false,"river":false,"stream":false,"lake":true},"geometry":{"type":"Polygon","coordinates":[[[37.495466,55.849368],[37.492699,55.852066],[37.487165,55.852066],[37.484398,55.849368],[37.487165,55.84667],[37.492699,55.84667],[37.495466,55.849368]]]}},{"type":"Feature","properties":{"id":"M1036","kind":"lake","core":true,"sea":false,"river":false,"stream":false,"lake":true},"geometry":{"type":"Polygon","coordinates":[[[37.495466,55.854764],[37.492699,55.857462],[37.487165,55.857462],[37.484398,55.854764],[37.487165,55.852066],[37.492699,55.852066],[37.495466,55.854764]]]}},{"type":"Feature","properties":{"id":"M1058","kind":"lake","core":true,"sea":false,"river":false,"stream":false,"lake":true},"geometry":{"type":"Polygon","coordinates":[[[37.503768,55.620042],[37.501001,55.62274],[37.495466,55.62274],[37.492699,55.620042],[37.495466,55.617344],[37.501001,55.617344],[37.503768,55.620042]]]}},{"type":"Feature","properties":{"id":"M1061","kind":"lake","core":true,"sea":false,"river":false,"stream":false,"lake":true},"geometry":{"type":"Polygon","coordinates":[[[37.503768,55.63623],[37.501001,55.638927],[37.495466,55.638927],[37.492699,55.63623],[37.495466,55.633532],[37.501001,55.633532],[37.503768,55.63623]]]}},{"type":"Feature","properties":{"id":"M1066","kind":"river","core":false,"sea":false,"river":false,"stream":false,"lake":false},"geometry":{"type":"Polygon","coordinates":[[[37.503768,55.663209],[37.501001,55.665907],[37.495466,55.665907],[37.492699,55.663209],[37.495466,55.660511],[37.501001,55.660511],[37.503768,55.663209]]]}},{"type":"Feature","properties":{"id":"M1067","kind":"river","core":true,"sea":false,"river":true,"stream":false,"lake":false},"geometry":{"type":"Polygon","coordinates":[[[37.503768,55.668605],[37.501001,55.671303],[37.495466,55.671303],[37.492699,55.668605],[37.495466,55.665907],[37.501001,55.665907],[37.503768,55.668605]]]}},{"type":"Feature","properties":{"id":"M1068","kind":"river","core":false,"sea":false,"river":false,"stream":false,"lake":false},"geometry":{"type":"Polygon","coordinates":[[[37.503768,55.674001],[37.501001,55.676699],[37.495466,55.676699],[37.492699,55.674001],[37.495466,55.671303],[37.501001,55.671303],[37.503768,55.674001]]]}},{"type":"Feature","properties":{"id":"M1069","kind":"river","core":false,"sea":false,"river":false,"stream":false,"lake":false},"geometry":{"type":"Polygon","coordinates":[[[37.503768,55.679397],[37.501001,55.682095],[37.495466,55.682095],[37.492699,55.679397],[37.495466,55.676699],[37.501001,55.676699],[37.503768,55.679397]]]}},{"type":"Feature","properties":{"id":"M1070","kind":"river","core":true,"sea":false,"river":true,"stream":false,"lake":false},"geometry":{"type":"Polygon","coordinates":[[[37.503768,55.684793],[37.501001,55.687491],[37.495466,55.687491],[37.492699,55.684793],[37.495466,55.682095],[37.501001,55.682095],[37.503768,55.684793]]]}},{"type":"Feature","properties":{"id":"M1071","kind":"river","core":true,"sea":false,"river":true,"stream":false,"lake":false},"geometry":{"type":"Polygon","coordinates":[[[37.503768,55.690189],[37.501001,55.692887],[37.495466,55.692887],[37.492699,55.690189],[37.495466,55.687491],[37.501001,55.687491],[37.503768,55.690189]]]}},{"type":"Feature","properties":{"id":"M1072","kind":"river","core":false,"sea":false,"river":false,"stream":false,"lake":false},"geometry":{"type":"Polygon","coordinates":[[[37.503768,55.695585],[37.501001,55.698283],[37.495466,55.698283],[37.492699,55.695585],[37.495466,55.692887],[37.501001,55.692887],[37.503768,55.695585]]]}},{"type":"Feature","properties":{"id":"M1073","kind":"river","core":false,"sea":false,"river":false,"stream":false,"lake":false},"geometry":{"type":"Polygon","coordinates":[[[37.503768,55.700981],[37.501001,55.703679],[37.495466,55.703679],[37.492699,55.700981],[37.495466,55.698283],[37.501001,55.698283],[37.503768,55.700981]]]}},{"type":"Feature","properties":{"id":"M1074","kind":"river","core":true,"sea":false,"river":true,"stream":false,"lake":false},"geometry":{"type":"Polygon","coordinates":[[[37.503768,55.706377],[37.501001,55.709074],[37.495466,55.709074],[37.492699,55.706377],[37.495466,55.703679],[37.501001,55.703679],[37.503768,55.706377]]]}},{"type":"Feature","properties":{"id":"M1075","kind":"river","core":true,"sea":false,"river":true,"stream":false,"lake":false},"geometry":{"type":"Polygon","coordinates":[[[37.503768,55.711772],[37.501001,55.71447],[37.495466,55.71447],[37.492699,55.711772],[37.495466,55.709074],[37.501001,55.709074],[37.503768,55.711772]]]}},{"type":"Feature","properties":{"id":"M1076","kind":"river","core":true,"sea":false,"river":true,"stream":false,"lake":false},"geometry":{"type":"Polygon","coordinates":[[[37.503768,55.717168],[37.501001,55.719866],[37.495466,55.719866],[37.492699,55.717168],[37.495466,55.71447],[37.501001,55.71447],[37.503768,55.717168]]]}},{"type":"Feature","properties":{"id":"M1077","kind":"river","core":true,"sea":false,"river":true,"stream":false,"lake":false},"geometry":{"type":"Polygon","coordinates":[[[37.503768,55.722564],[37.501001,55.725262],[37.495466,55.725262],[37.492699,55.722564],[37.495466,55.719866],[37.501001,55.719866],[37.503768,55.722564]]]}},{"type":"Feature","properties":{"id":"M1078","kind":"river","core":false,"sea":false,"river":false,"stream":false,"lake":false},"geometry":{"type":"Polygon","coordinates":[[[37.503768,55.72796],[37.501001,55.730658],[37.495466,55.730658],[37.492699,55.72796],[37.495466,55.725262],[37.501001,55.725262],[37.503768,55.72796]]]}},{"type":"Feature","properties":{"id":"M1084","kind":"river","core":false,"sea":false,"river":false,"stream":false,"lake":false},"geometry":{"type":"Polygon","coordinates":[[[37.503768,55.760336],[37.501001,55.763034],[37.495466,55.763034],[37.492699,55.760336],[37.495466,55.757638],[37.501001,55.757638],[37.503768,55.760336]]]}},{"type":"Feature","properties":{"id":"M1085","kind":"river","core":true,"sea":false,"river":true,"stream":false,"lake":false},"geometry":{"type":"Polygon","coordinates":[[[37.503768,55.765732],[37.501001,55.76843],[37.495466,55.76843],[37.492699,55.765732],[37.495466,55.763034],[37.501001,55.763034],[37.503768,55.765732]]]}},{"type":"Feature","properties":{"id":"M1086","kind":"river","core":false,"sea":false,"river":false,"stream":false,"lake":false},"geometry":{"type":"Polygon","coordinates":[[[37.503768,55.771128],[37.501001,55.773826],[37.495466,55.773826],[37.492699,55.771128],[37.495466,55.76843],[37.501001,55.76843],[37.503768,55.771128]]]}},{"type":"Feature","properties":{"id":"M1097","kind":"river","core":false,"sea":false,"river":false,"stream":false,"lake":false},"geometry":{"type":"Polygon","coordinates":[[[37.503768,55.830483],[37.501001,55.833181],[37.495466,55.833181],[37.492699,55.830483],[37.495466,55.827785],[37.501001,55.827785],[37.503768,55.830483]]]}},{"type":"Feature","properties":{"id":"M1098","kind":"river","core":true,"sea":false,"river":true,"stream":false,"lake":false},"geometry":{"type":"Polygon","coordinates":[[[37.503768,55.835879],[37.501001,55.838577],[37.495466,55.838577],[37.492699,55.835879],[37.495466,55.833181],[37.501001,55.833181],[37.503768,55.835879]]]}},{"type":"Feature","properties":{"id":"M1099","kind":"river","core":false,"sea":false,"river":false,"stream":false,"lake":false},"geometry":{"type":"Polygon","coordinates":[[[37.503768,55.841275],[37.501001,55.843973],[37.495466,55.843973],[37.492699,55.841275],[37.495466,55.838577],[37.501001,55.838577],[37.503768,55.841275]]]}},{"type":"Feature","properties":{"id":"M1104","kind":"river","core":false,"sea":false,"river":false,"stream":false,"lake":false},"geometry":{"type":"Polygon","coordinates":[[[37.503768,55.868254],[37.501001,55.870952],[37.495466,55.870952],[37.492699,55.868254],[37.495466,55.865556],[37.501001,55.865556],[37.503768,55.868254]]]}},{"type":"Feature","properties":{"id":"M1105","kind":"river","core":true,"sea":false,"river":true,"stream":false,"lake":false},"geometry":{"type":"Polygon","coordinates":[[[37.503768,55.87365],[37.501001,55.876348],[37.495466,55.876348],[37.492699,55.87365],[37.495466,55.870952],[37.501001,55.870952],[37.503768,55.87365]]]}},{"type":"Feature","properties":{"id":"M1106","kind":"river","core":true,"sea":false,"river":true,"stream":false,"lake":false},"geometry":{"type":"Polygon","coordinates":[[[37.503768,55.879046],[37.501001,55.881744],[37.495466,55.881744],[37.492699,55.879046],[37.495466,55.876348],[37.501001,55.876348],[37.503768,55.879046]]]}},{"type":"Feature","properties":{"id":"M1107","kind":"river","core":false,"sea":false,"river":false,"stream":false,"lake":false},"geometry":{"type":"Polygon","coordinates":[[[37.503768,55.884442],[37.501001,55.88714],[37.495466,55.88714],[37.492699,55.884442],[37.495466,55.881744],[37.501001,55.881744],[37.503768,55.884442]]]}},{"type":"Feature","properties":{"id":"M1119","kind":"river","core":false,"sea":false,"river":false,"stream":false,"lake":false},"geometry":{"type":"Polygon","coordinates":[[[37.512069,55.59576],[37.509302,55.598458],[37.503768,55.598458],[37.501001,55.59576],[37.503768,55.593062],[37.509302,55.593062],[37.512069,55.59576]]]}},{"type":"Feature","properties":{"id":"M1120","kind":"river","core":true,"sea":false,"river":true,"stream":false,"lake":false},"geometry":{"type":"Polygon","coordinates":[[[37.512069,55.601156],[37.509302,55.603854],[37.503768,55.603854],[37.501001,55.601156],[37.503768,55.598458],[37.509302,55.598458],[37.512069,55.601156]]]}},{"type":"Feature","properties":{"id":"M1121","kind":"river","core":true,"sea":false,"river":true,"stream":false,"lake":false},"geometry":{"type":"Polygon","coordinates":[[[37.512069,55.606552],[37.509302,55.60925],[37.503768,55.60925],[37.501001,55.606552],[37.503768,55.603854],[37.509302,55.603854],[37.512069,55.606552]]]}},{"type":"Feature","properties":{"id":"M1122","kind":"river","core":false,"sea":false,"river":false,"stream":false,"lake":false},"geometry":{"type":"Polygon","coordinates":[[[37.512069,55.611948],[37.509302,55.614646],[37.503768,55.614646],[37.501001,55.611948],[37.503768,55.60925],[37.509302,55.60925],[37.512069,55.611948]]]}},{"type":"Feature","properties":{"id":"M1131","kind":"lake","core":true,"sea":false,"river":false,"stream":false,"lake":true},"geometry":{"type":"Polygon","coordinates":[[[37.512069,55.660511],[37.509302,55.663209],[37.503768,55.663209],[37.501001,55.660511],[37.503768,55.657813],[37.509302,55.657813],[37.512069,55.660511]]]}},{"type":"Feature","properties":{"id":"M1132","kind":"river","core":true,"sea":false,"river":true,"stream":false,"lake":false},"geometry":{"type":"Polygon","coordinates":[[[37.512069,55.665907],[37.509302,55.668605],[37.503768,55.668605],[37.501001,55.665907],[37.503768,55.663209],[37.509302,55.663209],[37.512069,55.665907]]]}},{"type":"Feature","properties":{"id":"M1133","kind":"river","core":false,"sea":false,"river":false,"stream":false,"lake":false},"geometry":{"type":"Polygon","coordinates":[[[37.512069,55.671303],[37.509302,55.674001],[37.503768,55.674001],[37.501001,55.671303],[37.503768,55.668605],[37.509302,55.668605],[37.512069,55.671303]]]}},{"type":"Feature","properties":{"id":"M1134","kind":"lake","core":true,"sea":false,"river":false,"stream":false,"lake":true},"geometry":{"type":"Polygon","coordinates":[[[37.512069,55.676699],[37.509302,55.679397],[37.503768,55.679397],[37.501001,55.676699],[37.503768,55.674001],[37.509302,55.674001],[37.512069,55.676699]]]}},{"type":"Feature","properties":{"id":"M1135","kind":"river","core":false,"sea":false,"river":false,"stream":false,"lake":false},"geometry":{"type":"Polygon","coordinates":[[[37.512069,55.682095],[37.509302,55.684793],[37.503768,55.684793],[37.501001,55.682095],[37.503768,55.679397],[37.509302,55.679397],[37.512069,55.682095]]]}},{"type":"Feature","properties":{"id":"M1136","kind":"river","core":true,"sea":false,"river":true,"stream":false,"lake":false},"geometry":{"type":"Polygon","coordinates":[[[37.512069,55.687491],[37.509302,55.690189],[37.503768,55.690189],[37.501001,55.687491],[37.503768,55.684793],[37.509302,55.684793],[37.512069,55.687491]]]}},{"type":"Feature","properties":{"id":"M1137","kind":"river","core":false,"sea":false,"river":false,"stream":false,"lake":false},"geometry":{"type":"Polygon","coordinates":[[[37.512069,55.692887],[37.509302,55.695585],[37.503768,55.695585],[37.501001,55.692887],[37.503768,55.690189],[37.509302,55.690189],[37.512069,55.692887]]]}},{"type":"Feature","properties":{"id":"M1140","kind":"river","core":false,"sea":false,"river":false,"stream":false,"lake":false},"geometry":{"type":"Polygon","coordinates":[[[37.512069,55.709074],[37.509302,55.711772],[37.503768,55.711772],[37.501001,55.709074],[37.503768,55.706377],[37.509302,55.706377],[37.512069,55.709074]]]}},{"type":"Feature","properties":{"id":"M1141","kind":"river","core":true,"sea":false,"river":true,"stream":false,"lake":false},"geometry":{"type":"Polygon","coordinates":[[[37.512069,55.71447],[37.509302,55.717168],[37.503768,55.717168],[37.501001,55.71447],[37.503768,55.711772],[37.509302,55.711772],[37.512069,55.71447]]]}},{"type":"Feature","properties":{"id":"M1142","kind":"river","core":true,"sea":false,"river":true,"stream":false,"lake":true},"geometry":{"type":"Polygon","coordinates":[[[37.512069,55.719866],[37.509302,55.722564],[37.503768,55.722564],[37.501001,55.719866],[37.503768,55.717168],[37.509302,55.717168],[37.512069,55.719866]]]}},{"type":"Feature","properties":{"id":"M1143","kind":"river","core":true,"sea":false,"river":true,"stream":false,"lake":false},"geometry":{"type":"Polygon","coordinates":[[[37.512069,55.725262],[37.509302,55.72796],[37.503768,55.72796],[37.501001,55.725262],[37.503768,55.722564],[37.509302,55.722564],[37.512069,55.725262]]]}},{"type":"Feature","properties":{"id":"M1144","kind":"river","core":false,"sea":false,"river":false,"stream":false,"lake":false},"geometry":{"type":"Polygon","coordinates":[[[37.512069,55.730658],[37.509302,55.733356],[37.503768,55.733356],[37.501001,55.730658],[37.503768,55.72796],[37.509302,55.72796],[37.512069,55.730658]]]}},{"type":"Feature","properties":{"id":"M1148","kind":"river","core":false,"sea":false,"river":false,"stream":false,"lake":false},"geometry":{"type":"Polygon","coordinates":[[[37.512069,55.752242],[37.509302,55.75494],[37.503768,55.75494],[37.501001,55.752242],[37.503768,55.749544],[37.509302,55.749544],[37.512069,55.752242]]]}},{"type":"Feature","properties":{"id":"M1149","kind":"river","core":true,"sea":false,"river":true,"stream":false,"lake":false},"geometry":{"type":"Polygon","coordinates":[[[37.512069,55.757638],[37.509302,55.760336],[37.503768,55.760336],[37.501001,55.757638],[37.503768,55.75494],[37.509302,55.75494],[37.512069,55.757638]]]}},{"type":"Feature","properties":{"id":"M1150","kind":"river","core":true,"sea":false,"river":true,"stream":false,"lake":false},"geometry":{"type":"Polygon","coordinates":[[[37.512069,55.763034],[37.509302,55.765732],[37.503768,55.765732],[37.501001,55.763034],[37.503768,55.760336],[37.509302,55.760336],[37.512069,55.763034]]]}},{"type":"Feature","properties":{"id":"M1151","kind":"river","core":true,"sea":false,"river":true,"stream":false,"lake":false},"geometry":{"type":"Polygon","coordinates":[[[37.512069,55.76843],[37.509302,55.771128],[37.503768,55.771128],[37.501001,55.76843],[37.503768,55.765732],[37.509302,55.765732],[37.512069,55.76843]]]}},{"type":"Feature","properties":{"id":"M1152","kind":"river","core":true,"sea":false,"river":true,"stream":false,"lake":false},"geometry":{"type":"Polygon","coordinates":[[[37.512069,55.773826],[37.509302,55.776523],[37.503768,55.776523],[37.501001,55.773826],[37.503768,55.771128],[37.509302,55.771128],[37.512069,55.773826]]]}},{"type":"Feature","properties":{"id":"M1153","kind":"river","core":false,"sea":false,"river":false,"stream":false,"lake":false},"geometry":{"type":"Polygon","coordinates":[[[37.512069,55.779221],[37.509302,55.781919],[37.503768,55.781919],[37.501001,55.779221],[37.503768,55.776523],[37.509302,55.776523],[37.512069,55.779221]]]}},{"type":"Feature","properties":{"id":"M1163","kind":"river","core":false,"sea":false,"river":false,"stream":false,"lake":false},"geometry":{"type":"Polygon","coordinates":[[[37.512069,55.833181],[37.509302,55.835879],[37.503768,55.835879],[37.501001,55.833181],[37.503768,55.830483],[37.509302,55.830483],[37.512069,55.833181]]]}},{"type":"Feature","properties":{"id":"M1164","kind":"river","core":true,"sea":false,"river":true,"stream":false,"lake":true},"geometry":{"type":"Polygon","coordinates":[[[37.512069,55.838577],[37.509302,55.841275],[37.503768,55.841275],[37.501001,55.838577],[37.503768,55.835879],[37.509302,55.835879],[37.512069,55.838577]]]}},{"type":"Feature","properties":{"id":"M1165","kind":"lake","core":true,"sea":false,"river":false,"stream":false,"lake":true},"geometry":{"type":"Polygon","coordinates":[[[37.512069,55.843973],[37.509302,55.84667],[37.503768,55.84667],[37.501001,55.843973],[37.503768,55.841275],[37.509302,55.841275],[37.512069,55.843973]]]}},{"type":"Feature","properties":{"id":"M1169","kind":"lake","core":true,"sea":false,"river":false,"stream":false,"lake":true},"geometry":{"type":"Polygon","coordinates":[[[37.512069,55.865556],[37.509302,55.868254],[37.503768,55.868254],[37.501001,55.865556],[37.503768,55.862858],[37.509302,55.862858],[37.512069,55.865556]]]}},{"type":"Feature","properties":{"id":"M1171","kind":"river","core":false,"sea":false,"river":false,"stream":false,"lake":false},"geometry":{"type":"Polygon","coordinates":[[[37.512069,55.876348],[37.509302,55.879046],[37.503768,55.879046],[37.501001,55.876348],[37.503768,55.87365],[37.509302,55.87365],[37.512069,55.876348]]]}},{"type":"Feature","properties":{"id":"M1172","kind":"river","core":true,"sea":false,"river":true,"stream":false,"lake":false},"geometry":{"type":"Polygon","coordinates":[[[37.512069,55.881744],[37.509302,55.884442],[37.503768,55.884442],[37.501001,55.881744],[37.503768,55.879046],[37.509302,55.879046],[37.512069,55.881744]]]}},{"type":"Feature","properties":{"id":"M1173","kind":"river","core":true,"sea":false,"river":true,"stream":false,"lake":false},"geometry":{"type":"Polygon","coordinates":[[[37.512069,55.88714],[37.509302,55.889838],[37.503768,55.889838],[37.501001,55.88714],[37.503768,55.884442],[37.509302,55.884442],[37.512069,55.88714]]]}},{"type":"Feature","properties":{"id":"M1174","kind":"river","core":false,"sea":false,"river":false,"stream":false,"lake":false},"geometry":{"type":"Polygon","coordinates":[[[37.512069,55.892536],[37.509302,55.895234],[37.503768,55.895234],[37.501001,55.892536],[37.503768,55.889838],[37.509302,55.889838],[37.512069,55.892536]]]}},{"type":"Feature","properties":{"id":"M1184","kind":"river","core":false,"sea":false,"river":false,"stream":false,"lake":false},"geometry":{"type":"Polygon","coordinates":[[[37.52037,55.593062],[37.517603,55.59576],[37.512069,55.59576],[37.509302,55.593062],[37.512069,55.590364],[37.517603,55.590364],[37.52037,55.593062]]]}},{"type":"Feature","properties":{"id":"M1185","kind":"river","core":true,"sea":false,"river":true,"stream":false,"lake":true},"geometry":{"type":"Polygon","coordinates":[[[37.52037,55.598458],[37.517603,55.601156],[37.512069,55.601156],[37.509302,55.598458],[37.512069,55.59576],[37.517603,55.59576],[37.52037,55.598458]]]}},{"type":"Feature","properties":{"id":"M1186","kind":"river","core":true,"sea":false,"river":true,"stream":false,"lake":false},"geometry":{"type":"Polygon","coordinates":[[[37.52037,55.603854],[37.517603,55.606552],[37.512069,55.606552],[37.509302,55.603854],[37.512069,55.601156],[37.517603,55.601156],[37.52037,55.603854]]]}},{"type":"Feature","properties":{"id":"M1187","kind":"river","core":true,"sea":false,"river":true,"stream":false,"lake":false},"geometry":{"type":"Polygon","coordinates":[[[37.52037,55.60925],[37.517603,55.611948],[37.512069,55.611948],[37.509302,55.60925],[37.512069,55.606552],[37.517603,55.606552],[37.52037,55.60925]]]}},{"type":"Feature","properties":{"id":"M1188","kind":"river","core":false,"sea":false,"river":false,"stream":false,"lake":false},"geometry":{"type":"Polygon","coordinates":[[[37.52037,55.614646],[37.517603,55.617344],[37.512069,55.617344],[37.509302,55.614646],[37.512069,55.611948],[37.517603,55.611948],[37.52037,55.614646]]]}},{"type":"Feature","properties":{"id":"M1199","kind":"lake","core":true,"sea":false,"river":false,"stream":false,"lake":true},"geometry":{"type":"Polygon","coordinates":[[[37.52037,55.674001],[37.517603,55.676699],[37.512069,55.676699],[37.509302,55.674001],[37.512069,55.671303],[37.517603,55.671303],[37.52037,55.674001]]]}},{"type":"Feature","properties":{"id":"M1200","kind":"lake","core":true,"sea":false,"river":false,"stream":false,"lake":true},"geometry":{"type":"Polygon","coordinates":[[[37.52037,55.679397],[37.517603,55.682095],[37.512069,55.682095],[37.509302,55.679397],[37.512069,55.676699],[37.517603,55.676699],[37.52037,55.679397]]]}},{"type":"Feature","properties":{"id":"M1205","kind":"lake","core":true,"sea":false,"river":false,"stream":false,"lake":true},"geometry":{"type":"Polygon","coordinates":[[[37.52037,55.706377],[37.517603,55.709074],[37.512069,55.709074],[37.509302,55.706377],[37.512069,55.703679],[37.517603,55.703679],[37.52037,55.706377]]]}},{"type":"Feature","properties":{"id":"M1206","kind":"lake","core":true,"sea":false,"river":false,"stream":false,"lake":true},"geometry":{"type":"Polygon","coordinates":[[[37.52037,55.711772],[37.517603,55.71447],[37.512069,55.71447],[37.509302,55.711772],[37.512069,55.709074],[37.517603,55.709074],[37.52037,55.711772]]]}},{"type":"Feature","properties":{"id":"M1207","kind":"river","core":false,"sea":false,"river":false,"stream":false,"lake":false},"geometry":{"type":"Polygon","coordinates":[[[37.52037,55.717168],[37.517603,55.719866],[37.512069,55.719866],[37.509302,55.717168],[37.512069,55.71447],[37.517603,55.71447],[37.52037,55.717168]]]}},{"type":"Feature","properties":{"id":"M1208","kind":"river","core":true,"sea":false,"river":true,"stream":false,"lake":false},"geometry":{"type":"Polygon","coordinates":[[[37.52037,55.722564],[37.517603,55.725262],[37.512069,55.725262],[37.509302,55.722564],[37.512069,55.719866],[37.517603,55.719866],[37.52037,55.722564]]]}},{"type":"Feature","properties":{"id":"M1209","kind":"river","core":true,"sea":false,"river":true,"stream":false,"lake":true},"geometry":{"type":"Polygon","coordinates":[[[37.52037,55.72796],[37.517603,55.730658],[37.512069,55.730658],[37.509302,55.72796],[37.512069,55.725262],[37.517603,55.725262],[37.52037,55.72796]]]}},{"type":"Feature","properties":{"id":"M1210","kind":"river","core":false,"sea":false,"river":false,"stream":false,"lake":false},"geometry":{"type":"Polygon","coordinates":[[[37.52037,55.733356],[37.517603,55.736054],[37.512069,55.736054],[37.509302,55.733356],[37.512069,55.730658],[37.517603,55.730658],[37.52037,55.733356]]]}},{"type":"Feature","properties":{"id":"M1212","kind":"river","core":false,"sea":false,"river":false,"stream":false,"lake":false},"geometry":{"type":"Polygon","coordinates":[[[37.52037,55.744148],[37.517603,55.746846],[37.512069,55.746846],[37.509302,55.744148],[37.512069,55.74145],[37.517603,55.74145],[37.52037,55.744148]]]}},{"type":"Feature","properties":{"id":"M1213","kind":"river","core":true,"sea":false,"river":true,"stream":false,"lake":false},"geometry":{"type":"Polygon","coordinates":[[[37.52037,55.749544],[37.517603,55.752242],[37.512069,55.752242],[37.509302,55.749544],[37.512069,55.746846],[37.517603,55.746846],[37.52037,55.749544]]]}},{"type":"Feature","properties":{"id":"M1214","kind":"river","core":true,"sea":false,"river":true,"stream":false,"lake":false},"geometry":{"type":"Polygon","coordinates":[[[37.52037,55.75494],[37.517603,55.757638],[37.512069,55.757638],[37.509302,55.75494],[37.512069,55.752242],[37.517603,55.752242],[37.52037,55.75494]]]}},{"type":"Feature","properties":{"id":"M1215","kind":"river","core":true,"sea":false,"river":true,"stream":false,"lake":false},"geometry":{"type":"Polygon","coordinates":[[[37.52037,55.760336],[37.517603,55.763034],[37.512069,55.763034],[37.509302,55.760336],[37.512069,55.757638],[37.517603,55.757638],[37.52037,55.760336]]]}},{"type":"Feature","properties":{"id":"M1216","kind":"river","core":false,"sea":false,"river":false,"stream":false,"lake":false},"geometry":{"type":"Polygon","coordinates":[[[37.52037,55.765732],[37.517603,55.76843],[37.512069,55.76843],[37.509302,55.765732],[37.512069,55.763034],[37.517603,55.763034],[37.52037,55.765732]]]}},{"type":"Feature","properties":{"id":"M1230","kind":"lake","core":true,"sea":false,"river":false,"stream":false,"lake":true},"geometry":{"type":"Polygon","coordinates":[[[37.52037,55.841275],[37.517603,55.843973],[37.512069,55.843973],[37.509302,55.841275],[37.512069,55.838577],[37.517603,55.838577],[37.52037,55.841275]]]}},{"type":"Feature","properties":{"id":"M1231","kind":"lake","core":true,"sea":false,"river":false,"stream":false,"lake":true},"geometry":{"type":"Polygon","coordinates":[[[37.52037,55.84667],[37.517603,55.849368],[37.512069,55.849368],[37.509302,55.84667],[37.512069,55.843973],[37.517603,55.843973],[37.52037,55.84667]]]}},{"type":"Feature","properties":{"id":"M1232","kind":"river","core":true,"sea":false,"river":true,"stream":false,"lake":false},"geometry":{"type":"Polygon","coordinates":[[[37.52037,55.852066],[37.517603,55.854764],[37.512069,55.854764],[37.509302,55.852066],[37.512069,55.849368],[37.517603,55.849368],[37.52037,55.852066]]]}},{"type":"Feature","properties":{"id":"M1233","kind":"river","core":false,"sea":false,"river":false,"stream":false,"lake":false},"geometry":{"type":"Polygon","coordinates":[[[37.52037,55.857462],[37.517603,55.86016],[37.512069,55.86016],[37.509302,55.857462],[37.512069,55.854764],[37.517603,55.854764],[37.52037,55.857462]]]}},{"type":"Feature","properties":{"id":"M1249","kind":"river","core":false,"sea":false,"river":false,"stream":false,"lake":false},"geometry":{"type":"Polygon","coordinates":[[[37.528672,55.590364],[37.525904,55.593062],[37.52037,55.593062],[37.517603,55.590364],[37.52037,55.587666],[37.525904,55.587666],[37.528672,55.590364]]]}},{"type":"Feature","properties":{"id":"M1250","kind":"river","core":true,"sea":false,"river":true,"stream":false,"lake":false},"geometry":{"type":"Polygon","coordinates":[[[37.528672,55.59576],[37.525904,55.598458],[37.52037,55.598458],[37.517603,55.59576],[37.52037,55.593062],[37.525904,55.593062],[37.528672,55.59576]]]}},{"type":"Feature","properties":{"id":"M1251","kind":"river","core":true,"sea":false,"river":true,"stream":false,"lake":false},"geometry":{"type":"Polygon","coordinates":[[[37.528672,55.601156],[37.525904,55.603854],[37.52037,55.603854],[37.517603,55.601156],[37.52037,55.598458],[37.525904,55.598458],[37.528672,55.601156]]]}},{"type":"Feature","properties":{"id":"M1252","kind":"river","core":false,"sea":false,"river":false,"stream":false,"lake":false},"geometry":{"type":"Polygon","coordinates":[[[37.528672,55.606552],[37.525904,55.60925],[37.52037,55.60925],[37.517603,55.606552],[37.52037,55.603854],[37.525904,55.603854],[37.528672,55.606552]]]}},{"type":"Feature","properties":{"id":"M1271","kind":"lake","core":true,"sea":false,"river":false,"stream":false,"lake":true},"geometry":{"type":"Polygon","coordinates":[[[37.528672,55.709074],[37.525904,55.711772],[37.52037,55.711772],[37.517603,55.709074],[37.52037,55.706377],[37.525904,55.706377],[37.528672,55.709074]]]}},{"type":"Feature","properties":{"id":"M1273","kind":"river","core":false,"sea":false,"river":false,"stream":false,"lake":false},"geometry":{"type":"Polygon","coordinates":[[[37.528672,55.719866],[37.525904,55.722564],[37.52037,55.722564],[37.517603,55.719866],[37.52037,55.717168],[37.525904,55.717168],[37.528672,55.719866]]]}},{"type":"Feature","properties":{"id":"M1274","kind":"river","core":true,"sea":false,"river":true,"stream":false,"lake":true},"geometry":{"type":"Polygon","coordinates":[[[37.528672,55.725262],[37.525904,55.72796],[37.52037,55.72796],[37.517603,55.725262],[37.52037,55.722564],[37.525904,55.722564],[37.528672,55.725262]]]}},{"type":"Feature","properties":{"id":"M1275","kind":"river","core":true,"sea":false,"river":true,"stream":false,"lake":false},"geometry":{"type":"Polygon","coordinates":[[[37.528672,55.730658],[37.525904,55.733356],[37.52037,55.733356],[37.517603,55.730658],[37.52037,55.72796],[37.525904,55.72796],[37.528672,55.730658]]]}},{"type":"Feature","properties":{"id":"M1276","kind":"river","core":false,"sea":false,"river":false,"stream":false,"lake":false},"geometry":{"type":"Polygon","coordinates":[[[37.528672,55.736054],[37.525904,55.738752],[37.52037,55.738752],[37.517603,55.736054],[37.52037,55.733356],[37.525904,55.733356],[37.528672,55.736054]]]}},{"type":"Feature","properties":{"id":"M1277","kind":"river","core":false,"sea":false,"river":false,"stream":false,"lake":false},"geometry":{"type":"Polygon","coordinates":[[[37.528672,55.74145],[37.525904,55.744148],[37.52037,55.744148],[37.517603,55.74145],[37.52037,55.738752],[37.525904,55.738752],[37.528672,55.74145]]]}},{"type":"Feature","properties":{"id":"M1278","kind":"river","core":true,"sea":false,"river":true,"stream":false,"lake":false},"geometry":{"type":"Polygon","coordinates":[[[37.528672,55.746846],[37.525904,55.749544],[37.52037,55.749544],[37.517603,55.746846],[37.52037,55.744148],[37.525904,55.744148],[37.528672,55.746846]]]}},{"type":"Feature","properties":{"id":"M1279","kind":"river","core":true,"sea":false,"river":true,"stream":false,"lake":false},"geometry":{"type":"Polygon","coordinates":[[[37.528672,55.752242],[37.525904,55.75494],[37.52037,55.75494],[37.517603,55.752242],[37.52037,55.749544],[37.525904,55.749544],[37.528672,55.752242]]]}},{"type":"Feature","properties":{"id":"M1280","kind":"river","core":false,"sea":false,"river":false,"stream":false,"lake":false},"geometry":{"type":"Polygon","coordinates":[[[37.528672,55.757638],[37.525904,55.760336],[37.52037,55.760336],[37.517603,55.757638],[37.52037,55.75494],[37.525904,55.75494],[37.528672,55.757638]]]}},{"type":"Feature","properties":{"id":"M1289","kind":"lake","core":true,"sea":false,"river":false,"stream":false,"lake":true},"geometry":{"type":"Polygon","coordinates":[[[37.528672,55.806201],[37.525904,55.808899],[37.52037,55.808899],[37.517603,55.806201],[37.52037,55.803503],[37.525904,55.803503],[37.528672,55.806201]]]}},{"type":"Feature","properties":{"id":"M1296","kind":"lake","core":true,"sea":false,"river":false,"stream":false,"lake":true},"geometry":{"type":"Polygon","coordinates":[[[37.528672,55.843973],[37.525904,55.84667],[37.52037,55.84667],[37.517603,55.843973],[37.52037,55.841275],[37.525904,55.841275],[37.528672,55.843973]]]}},{"type":"Feature","properties":{"id":"M1297","kind":"river","core":false,"sea":false,"river":false,"stream":false,"lake":false},"geometry":{"type":"Polygon","coordinates":[[[37.528672,55.849368],[37.525904,55.852066],[37.52037,55.852066],[37.517603,55.849368],[37.52037,55.84667],[37.525904,55.84667],[37.528672,55.849368]]]}},{"type":"Feature","properties":{"id":"M1298","kind":"river","core":true,"sea":false,"river":true,"stream":false,"lake":false},"geometry":{"type":"Polygon","coordinates":[[[37.528672,55.854764],[37.525904,55.857462],[37.52037,55.857462],[37.517603,55.854764],[37.52037,55.852066],[37.525904,55.852066],[37.528672,55.854764]]]}},{"type":"Feature","properties":{"id":"M1299","kind":"river","core":false,"sea":false,"river":false,"stream":false,"lake":false},"geometry":{"type":"Polygon","coordinates":[[[37.528672,55.86016],[37.525904,55.862858],[37.52037,55.862858],[37.517603,55.86016],[37.52037,55.857462],[37.525904,55.857462],[37.528672,55.86016]]]}},{"type":"Feature","properties":{"id":"M1302","kind":"lake","core":true,"sea":false,"river":false,"stream":false,"lake":true},"geometry":{"type":"Polygon","coordinates":[[[37.528672,55.876348],[37.525904,55.879046],[37.52037,55.879046],[37.517603,55.876348],[37.52037,55.87365],[37.525904,55.87365],[37.528672,55.876348]]]}},{"type":"Feature","properties":{"id":"M1314","kind":"river","core":false,"sea":false,"river":true,"stream":false,"lake":false},"geometry":{"type":"Polygon","coordinates":[[[37.536973,55.587666],[37.534206,55.590364],[37.528672,55.590364],[37.525904,55.587666],[37.528672,55.584968],[37.534206,55.584968],[37.536973,55.587666]]]}},{"type":"Feature","properties":{"id":"M1315","kind":"river","core":true,"sea":false,"river":true,"stream":false,"lake":false},"geometry":{"type":"Polygon","coordinates":[[[37.536973,55.593062],[37.534206,55.59576],[37.528672,55.59576],[37.525904,55.593062],[37.528672,55.590364],[37.534206,55.590364],[37.536973,55.593062]]]}},{"type":"Feature","properties":{"id":"M1316","kind":"river","core":false,"sea":false,"river":false,"stream":false,"lake":false},"geometry":{"type":"Polygon","coordinates":[[[37.536973,55.598458],[37.534206,55.601156],[37.528672,55.601156],[37.525904,55.598458],[37.528672,55.59576],[37.534206,55.59576],[37.536973,55.598458]]]}},{"type":"Feature","properties":{"id":"M1320","kind":"lake","core":true,"sea":false,"river":false,"stream":false,"lake":true},"geometry":{"type":"Polygon","coordinates":[[[37.536973,55.620042],[37.534206,55.62274],[37.528672,55.62274],[37.525904,55.620042],[37.528672,55.617344],[37.534206,55.617344],[37.536973,55.620042]]]}},{"type":"Feature","properties":{"id":"M1321","kind":"river","core":true,"sea":false,"river":true,"stream":false,"lake":true},"geometry":{"type":"Polygon","coordinates":[[[37.536973,55.625438],[37.534206,55.628136],[37.528672,55.628136],[37.525904,55.625438],[37.528672,55.62274],[37.534206,55.62274],[37.536973,55.625438]]]}},{"type":"Feature","properties":{"id":"M1322","kind":"river","core":false,"sea":false,"river":false,"stream":false,"lake":false},"geometry":{"type":"Polygon","coordinates":[[[37.536973,55.630834],[37.534206,55.633532],[37.528672,55.633532],[37.525904,55.630834],[37.528672,55.628136],[37.534206,55.628136],[37.536973,55.630834]]]}},{"type":"Feature","properties":{"id":"M1323","kind":"lake","core":true,"sea":false,"river":false,"stream":false,"lake":true},"geometry":{"type":"Polygon","coordinates":[[[37.536973,55.63623],[37.534206,55.638927],[37.528672,55.638927],[37.525904,55.63623],[37.528672,55.633532],[37.534206,55.633532],[37.536973,55.63623]]]}},{"type":"Feature","properties":{"id":"M1329","kind":"lake","core":true,"sea":false,"river":false,"stream":false,"lake":true},"geometry":{"type":"Polygon","coordinates":[[[37.536973,55.668605],[37.534206,55.671303],[37.528672,55.671303],[37.525904,55.668605],[37.528672,55.665907],[37.534206,55.665907],[37.536973,55.668605]]]}},{"type":"Feature","properties":{"id":"M1339","kind":"lake","core":true,"sea":false,"river":false,"stream":false,"lake":true},"geometry":{"type":"Polygon","coordinates":[[[37.536973,55.722564],[37.534206,55.725262],[37.528672,55.725262],[37.525904,55.722564],[37.528672,55.719866],[37.534206,55.719866],[37.536973,55.722564]]]}},{"type":"Feature","properties":{"id":"M1340","kind":"river","core":true,"sea":false,"river":true,"stream":false,"lake":false},"geometry":{"type":"Polygon","coordinates":[[[37.536973,55.72796],[37.534206,55.730658],[37.528672,55.730658],[37.525904,55.72796],[37.528672,55.725262],[37.534206,55.725262],[37.536973,55.72796]]]}},{"type":"Feature","properties":{"id":"M1341","kind":"river","core":true,"sea":false,"river":true,"stream":false,"lake":false},"geometry":{"type":"Polygon","coordinates":[[[37.536973,55.733356],[37.534206,55.736054],[37.528672,55.736054],[37.525904,55.733356],[37.528672,55.730658],[37.534206,55.730658],[37.536973,55.733356]]]}},{"type":"Feature","properties":{"id":"M1342","kind":"river","core":false,"sea":false,"river":false,"stream":false,"lake":false},"geometry":{"type":"Polygon","coordinates":[[[37.536973,55.738752],[37.534206,55.74145],[37.528672,55.74145],[37.525904,55.738752],[37.528672,55.736054],[37.534206,55.736054],[37.536973,55.738752]]]}},{"type":"Feature","properties":{"id":"M1343","kind":"river","core":true,"sea":false,"river":true,"stream":false,"lake":false},"geometry":{"type":"Polygon","coordinates":[[[37.536973,55.744148],[37.534206,55.746846],[37.528672,55.746846],[37.525904,55.744148],[37.528672,55.74145],[37.534206,55.74145],[37.536973,55.744148]]]}},{"type":"Feature","properties":{"id":"M1344","kind":"river","core":false,"sea":false,"river":false,"stream":false,"lake":false},"geometry":{"type":"Polygon","coordinates":[[[37.536973,55.749544],[37.534206,55.752242],[37.528672,55.752242],[37.525904,55.749544],[37.528672,55.746846],[37.534206,55.746846],[37.536973,55.749544]]]}},{"type":"Feature","properties":{"id":"M1355","kind":"lake","core":true,"sea":false,"river":false,"stream":false,"lake":true},"geometry":{"type":"Polygon","coordinates":[[[37.536973,55.808899],[37.534206,55.811597],[37.528672,55.811597],[37.525904,55.808899],[37.528672,55.806201],[37.534206,55.806201],[37.536973,55.808899]]]}},{"type":"Feature","properties":{"id":"M1359","kind":"lake","core":true,"sea":false,"river":false,"stream":false,"lake":true},"geometry":{"type":"Polygon","coordinates":[[[37.536973,55.830483],[37.534206,55.833181],[37.528672,55.833181],[37.525904,55.830483],[37.528672,55.827785],[37.534206,55.827785],[37.536973,55.830483]]]}},{"type":"Feature","properties":{"id":"M1362","kind":"river","core":false,"sea":false,"river":false,"stream":false,"lake":false},"geometry":{"type":"Polygon","coordinates":[[[37.536973,55.84667],[37.534206,55.849368],[37.528672,55.849368],[37.525904,55.84667],[37.528672,55.843973],[37.534206,55.843973],[37.536973,55.84667]]]}},{"type":"Feature","properties":{"id":"M1363","kind":"river","core":true,"sea":false,"river":true,"stream":false,"lake":false},"geometry":{"type":"Polygon","coordinates":[[[37.536973,55.852066],[37.534206,55.854764],[37.528672,55.854764],[37.525904,55.852066],[37.528672,55.849368],[37.534206,55.849368],[37.536973,55.852066]]]}},{"type":"Feature","properties":{"id":"M1364","kind":"river","core":false,"sea":false,"river":false,"stream":false,"lake":false},"geometry":{"type":"Polygon","coordinates":[[[37.536973,55.857462],[37.534206,55.86016],[37.528672,55.86016],[37.525904,55.857462],[37.528672,55.854764],[37.534206,55.854764],[37.536973,55.857462]]]}},{"type":"Feature","properties":{"id":"M1365","kind":"lake","core":true,"sea":false,"river":false,"stream":false,"lake":true},"geometry":{"type":"Polygon","coordinates":[[[37.536973,55.862858],[37.534206,55.865556],[37.528672,55.865556],[37.525904,55.862858],[37.528672,55.86016],[37.534206,55.86016],[37.536973,55.862858]]]}},{"type":"Feature","properties":{"id":"M1366","kind":"lake","core":true,"sea":false,"river":false,"stream":false,"lake":true},"geometry":{"type":"Polygon","coordinates":[[[37.536973,55.868254],[37.534206,55.870952],[37.528672,55.870952],[37.525904,55.868254],[37.528672,55.865556],[37.534206,55.865556],[37.536973,55.868254]]]}},{"type":"Feature","properties":{"id":"M1368","kind":"lake","core":true,"sea":false,"river":false,"stream":false,"lake":true},"geometry":{"type":"Polygon","coordinates":[[[37.536973,55.879046],[37.534206,55.881744],[37.528672,55.881744],[37.525904,55.879046],[37.528672,55.876348],[37.534206,55.876348],[37.536973,55.879046]]]}},{"type":"Feature","properties":{"id":"M1369","kind":"lake","core":true,"sea":false,"river":false,"stream":false,"lake":true},"geometry":{"type":"Polygon","coordinates":[[[37.536973,55.884442],[37.534206,55.88714],[37.528672,55.88714],[37.525904,55.884442],[37.528672,55.881744],[37.534206,55.881744],[37.536973,55.884442]]]}},{"type":"Feature","properties":{"id":"M1373","kind":"lake","core":true,"sea":false,"river":false,"stream":false,"lake":true},"geometry":{"type":"Polygon","coordinates":[[[37.536973,55.906026],[37.534206,55.908724],[37.528672,55.908724],[37.525904,55.906026],[37.528672,55.903328],[37.534206,55.903328],[37.536973,55.906026]]]}},{"type":"Feature","properties":{"id":"M1379","kind":"river","core":false,"sea":false,"river":true,"stream":false,"lake":true},"geometry":{"type":"Polygon","coordinates":[[[37.545274,55.584968],[37.542507,55.587666],[37.536973,55.587666],[37.534206,55.584968],[37.536973,55.58227],[37.542507,55.58227],[37.545274,55.584968]]]}},{"type":"Feature","properties":{"id":"M1380","kind":"river","core":true,"sea":false,"river":true,"stream":false,"lake":true},"geometry":{"type":"Polygon","coordinates":[[[37.545274,55.590364],[37.542507,55.593062],[37.536973,55.593062],[37.534206,55.590364],[37.536973,55.587666],[37.542507,55.587666],[37.545274,55.590364]]]}},{"type":"Feature","properties":{"id":"M1381","kind":"lake","core":true,"sea":false,"river":false,"stream":false,"lake":true},"geometry":{"type":"Polygon","coordinates":[[[37.545274,55.59576],[37.542507,55.598458],[37.536973,55.598458],[37.534206,55.59576],[37.536973,55.593062],[37.542507,55.593062],[37.545274,55.59576]]]}},{"type":"Feature","properties":{"id":"M1382","kind":"lake","core":true,"sea":false,"river":false,"stream":false,"lake":true},"geometry":{"type":"Polygon","coordinates":[[[37.545274,55.601156],[37.542507,55.603854],[37.536973,55.603854],[37.534206,55.601156],[37.536973,55.598458],[37.542507,55.598458],[37.545274,55.601156]]]}},{"type":"Feature","properties":{"id":"M1386","kind":"river","core":false,"sea":false,"river":false,"stream":false,"lake":false},"geometry":{"type":"Polygon","coordinates":[[[37.545274,55.62274],[37.542507,55.625438],[37.536973,55.625438],[37.534206,55.62274],[37.536973,55.620042],[37.542507,55.620042],[37.545274,55.62274]]]}},{"type":"Feature","properties":{"id":"M1387","kind":"river","core":true,"sea":false,"river":true,"stream":false,"lake":false},"geometry":{"type":"Polygon","coordinates":[[[37.545274,55.628136],[37.542507,55.630834],[37.536973,55.630834],[37.534206,55.628136],[37.536973,55.625438],[37.542507,55.625438],[37.545274,55.628136]]]}},{"type":"Feature","properties":{"id":"M1388","kind":"river","core":false,"sea":false,"river":false,"stream":false,"lake":false},"geometry":{"type":"Polygon","coordinates":[[[37.545274,55.633532],[37.542507,55.63623],[37.536973,55.63623],[37.534206,55.633532],[37.536973,55.630834],[37.542507,55.630834],[37.545274,55.633532]]]}},{"type":"Feature","properties":{"id":"M1402","kind":"river","core":false,"sea":false,"river":false,"stream":false,"lake":false},"geometry":{"type":"Polygon","coordinates":[[[37.545274,55.709074],[37.542507,55.711772],[37.536973,55.711772],[37.534206,55.709074],[37.536973,55.706377],[37.542507,55.706377],[37.545274,55.709074]]]}},{"type":"Feature","properties":{"id":"M1403","kind":"river","core":true,"sea":false,"river":true,"stream":false,"lake":false},"geometry":{"type":"Polygon","coordinates":[[[37.545274,55.71447],[37.542507,55.717168],[37.536973,55.717168],[37.534206,55.71447],[37.536973,55.711772],[37.542507,55.711772],[37.545274,55.71447]]]}},{"type":"Feature","properties":{"id":"M1404","kind":"river","core":true,"sea":false,"river":true,"stream":false,"lake":false},"geometry":{"type":"Polygon","coordinates":[[[37.545274,55.719866],[37.542507,55.722564],[37.536973,55.722564],[37.534206,55.719866],[37.536973,55.717168],[37.542507,55.717168],[37.545274,55.719866]]]}},{"type":"Feature","properties":{"id":"M1405","kind":"river","core":true,"sea":false,"river":true,"stream":false,"lake":false},"geometry":{"type":"Polygon","coordinates":[[[37.545274,55.725262],[37.542507,55.72796],[37.536973,55.72796],[37.534206,55.725262],[37.536973,55.722564],[37.542507,55.722564],[37.545274,55.725262]]]}},{"type":"Feature","properties":{"id":"M1406","kind":"river","core":true,"sea":false,"river":true,"stream":false,"lake":false},"geometry":{"type":"Polygon","coordinates":[[[37.545274,55.730658],[37.542507,55.733356],[37.536973,55.733356],[37.534206,55.730658],[37.536973,55.72796],[37.542507,55.72796],[37.545274,55.730658]]]}},{"type":"Feature","properties":{"id":"M1407","kind":"river","core":false,"sea":false,"river":false,"stream":false,"lake":false},"geometry":{"type":"Polygon","coordinates":[[[37.545274,55.736054],[37.542507,55.738752],[37.536973,55.738752],[37.534206,55.736054],[37.536973,55.733356],[37.542507,55.733356],[37.545274,55.736054]]]}},{"type":"Feature","properties":{"id":"M1408","kind":"river","core":false,"sea":false,"river":false,"stream":false,"lake":false},"geometry":{"type":"Polygon","coordinates":[[[37.545274,55.74145],[37.542507,55.744148],[37.536973,55.744148],[37.534206,55.74145],[37.536973,55.738752],[37.542507,55.738752],[37.545274,55.74145]]]}},{"type":"Feature","properties":{"id":"M1409","kind":"river","core":true,"sea":false,"river":true,"stream":false,"lake":false},"geometry":{"type":"Polygon","coordinates":[[[37.545274,55.746846],[37.542507,55.749544],[37.536973,55.749544],[37.534206,55.746846],[37.536973,55.744148],[37.542507,55.744148],[37.545274,55.746846]]]}},{"type":"Feature","properties":{"id":"M1410","kind":"river","core":false,"sea":false,"river":false,"stream":false,"lake":false},"geometry":{"type":"Polygon","coordinates":[[[37.545274,55.752242],[37.542507,55.75494],[37.536973,55.75494],[37.534206,55.752242],[37.536973,55.749544],[37.542507,55.749544],[37.545274,55.752242]]]}},{"type":"Feature","properties":{"id":"M1411","kind":"lake","core":true,"sea":false,"river":false,"stream":false,"lake":true},"geometry":{"type":"Polygon","coordinates":[[[37.545274,55.757638],[37.542507,55.760336],[37.536973,55.760336],[37.534206,55.757638],[37.536973,55.75494],[37.542507,55.75494],[37.545274,55.757638]]]}},{"type":"Feature","properties":{"id":"M1421","kind":"lake","core":true,"sea":false,"river":false,"stream":false,"lake":true},"geometry":{"type":"Polygon","coordinates":[[[37.545274,55.811597],[37.542507,55.814295],[37.536973,55.814295],[37.534206,55.811597],[37.536973,55.808899],[37.542507,55.808899],[37.545274,55.811597]]]}},{"type":"Feature","properties":{"id":"M1423","kind":"lake","core":true,"sea":false,"river":false,"stream":false,"lake":true},"geometry":{"type":"Polygon","coordinates":[[[37.545274,55.822389],[37.542507,55.825087],[37.536973,55.825087],[37.534206,55.822389],[37.536973,55.819691],[37.542507,55.819691],[37.545274,55.822389]]]}},{"type":"Feature","properties":{"id":"M1424","kind":"lake","core":true,"sea":false,"river":false,"stream":false,"lake":true},"geometry":{"type":"Polygon","coordinates":[[[37.545274,55.827785],[37.542507,55.830483],[37.536973,55.830483],[37.534206,55.827785],[37.536973,55.825087],[37.542507,55.825087],[37.545274,55.827785]]]}},{"type":"Feature","properties":{"id":"M1425","kind":"lake","core":true,"sea":false,"river":false,"stream":false,"lake":true},"geometry":{"type":"Polygon","coordinates":[[[37.545274,55.833181],[37.542507,55.835879],[37.536973,55.835879],[37.534206,55.833181],[37.536973,55.830483],[37.542507,55.830483],[37.545274,55.833181]]]}},{"type":"Feature","properties":{"id":"M1426","kind":"lake","core":true,"sea":false,"river":false,"stream":false,"lake":true},"geometry":{"type":"Polygon","coordinates":[[[37.545274,55.838577],[37.542507,55.841275],[37.536973,55.841275],[37.534206,55.838577],[37.536973,55.835879],[37.542507,55.835879],[37.545274,55.838577]]]}},{"type":"Feature","properties":{"id":"M1428","kind":"river","core":false,"sea":false,"river":false,"stream":false,"lake":false},"geometry":{"type":"Polygon","coordinates":[[[37.545274,55.849368],[37.542507,55.852066],[37.536973,55.852066],[37.534206,55.849368],[37.536973,55.84667],[37.542507,55.84667],[37.545274,55.849368]]]}},{"type":"Feature","properties":{"id":"M1429","kind":"river","core":true,"sea":false,"river":true,"stream":false,"lake":false},"geometry":{"type":"Polygon","coordinates":[[[37.545274,55.854764],[37.542507,55.857462],[37.536973,55.857462],[37.534206,55.854764],[37.536973,55.852066],[37.542507,55.852066],[37.545274,55.854764]]]}},{"type":"Feature","properties":{"id":"M1430","kind":"river","core":false,"sea":false,"river":false,"stream":false,"lake":false},"geometry":{"type":"Polygon","coordinates":[[[37.545274,55.86016],[37.542507,55.862858],[37.536973,55.862858],[37.534206,55.86016],[37.536973,55.857462],[37.542507,55.857462],[37.545274,55.86016]]]}},{"type":"Feature","properties":{"id":"M1438","kind":"lake","core":true,"sea":false,"river":false,"stream":false,"lake":true},"geometry":{"type":"Polygon","coordinates":[[[37.545274,55.903328],[37.542507,55.906026],[37.536973,55.906026],[37.534206,55.903328],[37.536973,55.90063],[37.542507,55.90063],[37.545274,55.903328]]]}},{"type":"Feature","properties":{"id":"M1445","kind":"lake","core":true,"sea":false,"river":false,"stream":false,"lake":true},"geometry":{"type":"Polygon","coordinates":[[[37.553575,55.587666],[37.550808,55.590364],[37.545274,55.590364],[37.542507,55.587666],[37.545274,55.584968],[37.550808,55.584968],[37.553575,55.587666]]]}},{"type":"Feature","properties":{"id":"M1447","kind":"lake","core":true,"sea":false,"river":false,"stream":false,"lake":true},"geometry":{"type":"Polygon","coordinates":[[[37.553575,55.598458],[37.550808,55.601156],[37.545274,55.601156],[37.542507,55.598458],[37.545274,55.59576],[37.550808,55.59576],[37.553575,55.598458]]]}},{"type":"Feature","properties":{"id":"M1450","kind":"river","core":false,"sea":false,"river":false,"stream":false,"lake":false},"geometry":{"type":"Polygon","coordinates":[[[37.553575,55.614646],[37.550808,55.617344],[37.545274,55.617344],[37.542507,55.614646],[37.545274,55.611948],[37.550808,55.611948],[37.553575,55.614646]]]}},{"type":"Feature","properties":{"id":"M1451","kind":"river","core":true,"sea":false,"river":true,"stream":false,"lake":false},"geometry":{"type":"Polygon","coordinates":[[[37.553575,55.620042],[37.550808,55.62274],[37.545274,55.62274],[37.542507,55.620042],[37.545274,55.617344],[37.550808,55.617344],[37.553575,55.620042]]]}},{"type":"Feature","properties":{"id":"M1452","kind":"river","core":false,"sea":false,"river":false,"stream":false,"lake":false},"geometry":{"type":"Polygon","coordinates":[[[37.553575,55.625438],[37.550808,55.628136],[37.545274,55.628136],[37.542507,55.625438],[37.545274,55.62274],[37.550808,55.62274],[37.553575,55.625438]]]}},{"type":"Feature","properties":{"id":"M1453","kind":"river","core":true,"sea":false,"river":true,"stream":false,"lake":false},"geometry":{"type":"Polygon","coordinates":[[[37.553575,55.630834],[37.550808,55.633532],[37.545274,55.633532],[37.542507,55.630834],[37.545274,55.628136],[37.550808,55.628136],[37.553575,55.630834]]]}},{"type":"Feature","properties":{"id":"M1454","kind":"river","core":false,"sea":false,"river":false,"stream":false,"lake":false},"geometry":{"type":"Polygon","coordinates":[[[37.553575,55.63623],[37.550808,55.638927],[37.545274,55.638927],[37.542507,55.63623],[37.545274,55.633532],[37.550808,55.633532],[37.553575,55.63623]]]}},{"type":"Feature","properties":{"id":"M1455","kind":"river","core":true,"sea":false,"river":true,"stream":false,"lake":false},"geometry":{"type":"Polygon","coordinates":[[[37.553575,55.641625],[37.550808,55.644323],[37.545274,55.644323],[37.542507,55.641625],[37.545274,55.638927],[37.550808,55.638927],[37.553575,55.641625]]]}},{"type":"Feature","properties":{"id":"M1456","kind":"river","core":false,"sea":false,"river":false,"stream":false,"lake":false},"geometry":{"type":"Polygon","coordinates":[[[37.553575,55.647021],[37.550808,55.649719],[37.545274,55.649719],[37.542507,55.647021],[37.545274,55.644323],[37.550808,55.644323],[37.553575,55.647021]]]}},{"type":"Feature","properties":{"id":"M1463","kind":"lake","core":true,"sea":false,"river":false,"stream":false,"lake":true},"geometry":{"type":"Polygon","coordinates":[[[37.553575,55.684793],[37.550808,55.687491],[37.545274,55.687491],[37.542507,55.684793],[37.545274,55.682095],[37.550808,55.682095],[37.553575,55.684793]]]}},{"type":"Feature","properties":{"id":"M1467","kind":"river","core":false,"sea":false,"river":false,"stream":false,"lake":false},"geometry":{"type":"Polygon","coordinates":[[[37.553575,55.706377],[37.550808,55.709074],[37.545274,55.709074],[37.542507,55.706377],[37.545274,55.703679],[37.550808,55.703679],[37.553575,55.706377]]]}},{"type":"Feature","properties":{"id":"M1468","kind":"river","core":true,"sea":false,"river":true,"stream":false,"lake":false},"geometry":{"type":"Polygon","coordinates":[[[37.553575,55.711772],[37.550808,55.71447],[37.545274,55.71447],[37.542507,55.711772],[37.545274,55.709074],[37.550808,55.709074],[37.553575,55.711772]]]}},{"type":"Feature","properties":{"id":"M1469","kind":"river","core":true,"sea":false,"river":true,"stream":false,"lake":false},"geometry":{"type":"Polygon","coordinates":[[[37.553575,55.717168],[37.550808,55.719866],[37.545274,55.719866],[37.542507,55.717168],[37.545274,55.71447],[37.550808,55.71447],[37.553575,55.717168]]]}},{"type":"Feature","properties":{"id":"M1470","kind":"river","core":true,"sea":false,"river":true,"stream":false,"lake":false},"geometry":{"type":"Polygon","coordinates":[[[37.553575,55.722564],[37.550808,55.725262],[37.545274,55.725262],[37.542507,55.722564],[37.545274,55.719866],[37.550808,55.719866],[37.553575,55.722564]]]}},{"type":"Feature","properties":{"id":"M1471","kind":"river","core":true,"sea":false,"river":true,"stream":false,"lake":true},"geometry":{"type":"Polygon","coordinates":[[[37.553575,55.72796],[37.550808,55.730658],[37.545274,55.730658],[37.542507,55.72796],[37.545274,55.725262],[37.550808,55.725262],[37.553575,55.72796]]]}},{"type":"Feature","properties":{"id":"M1472","kind":"river","core":false,"sea":false,"river":false,"stream":false,"lake":false},"geometry":{"type":"Polygon","coordinates":[[[37.553575,55.733356],[37.550808,55.736054],[37.545274,55.736054],[37.542507,55.733356],[37.545274,55.730658],[37.550808,55.730658],[37.553575,55.733356]]]}},{"type":"Feature","properties":{"id":"M1473","kind":"river","core":false,"sea":false,"river":false,"stream":false,"lake":false},"geometry":{"type":"Polygon","coordinates":[[[37.553575,55.738752],[37.550808,55.74145],[37.545274,55.74145],[37.542507,55.738752],[37.545274,55.736054],[37.550808,55.736054],[37.553575,55.738752]]]}},{"type":"Feature","properties":{"id":"M1474","kind":"river","core":true,"sea":false,"river":true,"stream":false,"lake":false},"geometry":{"type":"Polygon","coordinates":[[[37.553575,55.744148],[37.550808,55.746846],[37.545274,55.746846],[37.542507,55.744148],[37.545274,55.74145],[37.550808,55.74145],[37.553575,55.744148]]]}},{"type":"Feature","properties":{"id":"M1475","kind":"river","core":true,"sea":false,"river":true,"stream":false,"lake":false},"geometry":{"type":"Polygon","coordinates":[[[37.553575,55.749544],[37.550808,55.752242],[37.545274,55.752242],[37.542507,55.749544],[37.545274,55.746846],[37.550808,55.746846],[37.553575,55.749544]]]}},{"type":"Feature","properties":{"id":"M1476","kind":"lake","core":true,"sea":false,"river":false,"stream":false,"lake":true},"geometry":{"type":"Polygon","coordinates":[[[37.553575,55.75494],[37.550808,55.757638],[37.545274,55.757638],[37.542507,55.75494],[37.545274,55.752242],[37.550808,55.752242],[37.553575,55.75494]]]}},{"type":"Feature","properties":{"id":"M1477","kind":"lake","core":true,"sea":false,"river":false,"stream":false,"lake":true},"geometry":{"type":"Polygon","coordinates":[[[37.553575,55.760336],[37.550808,55.763034],[37.545274,55.763034],[37.542507,55.760336],[37.545274,55.757638],[37.550808,55.757638],[37.553575,55.760336]]]}},{"type":"Feature","properties":{"id":"M1488","kind":"lake","core":true,"sea":false,"river":false,"stream":false,"lake":true},"geometry":{"type":"Polygon","coordinates":[[[37.553575,55.819691],[37.550808,55.822389],[37.545274,55.822389],[37.542507,55.819691],[37.545274,55.816993],[37.550808,55.816993],[37.553575,55.819691]]]}},{"type":"Feature","properties":{"id":"M1491","kind":"lake","core":true,"sea":false,"river":false,"stream":false,"lake":true},"geometry":{"type":"Polygon","coordinates":[[[37.553575,55.835879],[37.550808,55.838577],[37.545274,55.838577],[37.542507,55.835879],[37.545274,55.833181],[37.550808,55.833181],[37.553575,55.835879]]]}},{"type":"Feature","properties":{"id":"M1493","kind":"river","core":false,"sea":false,"river":false,"stream":false,"lake":false},"geometry":{"type":"Polygon","coordinates":[[[37.553575,55.84667],[37.550808,55.849368],[37.545274,55.849368],[37.542507,55.84667],[37.545274,55.843973],[37.550808,55.843973],[37.553575,55.84667]]]}},{"type":"Feature","properties":{"id":"M1494","kind":"river","core":true,"sea":false,"river":true,"stream":false,"lake":false},"geometry":{"type":"Polygon","coordinates":[[[37.553575,55.852066],[37.550808,55.854764],[37.545274,55.854764],[37.542507,55.852066],[37.545274,55.849368],[37.550808,55.849368],[37.553575,55.852066]]]}},{"type":"Feature","properties":{"id":"M1495","kind":"river","core":false,"sea":false,"river":false,"stream":false,"lake":false},"geometry":{"type":"Polygon","coordinates":[[[37.553575,55.857462],[37.550808,55.86016],[37.545274,55.86016],[37.542507,55.857462],[37.545274,55.854764],[37.550808,55.854764],[37.553575,55.857462]]]}},{"type":"Feature","properties":{"id":"M1516","kind":"river","core":false,"sea":false,"river":false,"stream":false,"lake":false},"geometry":{"type":"Polygon","coordinates":[[[37.561877,55.617344],[37.55911,55.620042],[37.553575,55.620042],[37.550808,55.617344],[37.553575,55.614646],[37.55911,55.614646],[37.561877,55.617344]]]}},{"type":"Feature","properties":{"id":"M1517","kind":"river","core":true,"sea":false,"river":true,"stream":false,"lake":false},"geometry":{"type":"Polygon","coordinates":[[[37.561877,55.62274],[37.55911,55.625438],[37.553575,55.625438],[37.550808,55.62274],[37.553575,55.620042],[37.55911,55.620042],[37.561877,55.62274]]]}},{"type":"Feature","properties":{"id":"M1518","kind":"river","core":true,"sea":false,"river":true,"stream":false,"lake":false},"geometry":{"type":"Polygon","coordinates":[[[37.561877,55.628136],[37.55911,55.630834],[37.553575,55.630834],[37.550808,55.628136],[37.553575,55.625438],[37.55911,55.625438],[37.561877,55.628136]]]}},{"type":"Feature","properties":{"id":"M1519","kind":"river","core":true,"sea":false,"river":true,"stream":false,"lake":false},"geometry":{"type":"Polygon","coordinates":[[[37.561877,55.633532],[37.55911,55.63623],[37.553575,55.63623],[37.550808,55.633532],[37.553575,55.630834],[37.55911,55.630834],[37.561877,55.633532]]]}},{"type":"Feature","properties":{"id":"M1520","kind":"river","core":true,"sea":false,"river":true,"stream":false,"lake":false},"geometry":{"type":"Polygon","coordinates":[[[37.561877,55.638927],[37.55911,55.641625],[37.553575,55.641625],[37.550808,55.638927],[37.553575,55.63623],[37.55911,55.63623],[37.561877,55.638927]]]}},{"type":"Feature","properties":{"id":"M1521","kind":"river","core":false,"sea":false,"river":false,"stream":false,"lake":false},"geometry":{"type":"Polygon","coordinates":[[[37.561877,55.644323],[37.55911,55.647021],[37.553575,55.647021],[37.550808,55.644323],[37.553575,55.641625],[37.55911,55.641625],[37.561877,55.644323]]]}},{"type":"Feature","properties":{"id":"M1532","kind":"lake","core":true,"sea":false,"river":false,"stream":false,"lake":true},"geometry":{"type":"Polygon","coordinates":[[[37.561877,55.703679],[37.55911,55.706377],[37.553575,55.706377],[37.550808,55.703679],[37.553575,55.700981],[37.55911,55.700981],[37.561877,55.703679]]]}},{"type":"Feature","properties":{"id":"M1533","kind":"river","core":true,"sea":false,"river":true,"stream":false,"lake":false},"geometry":{"type":"Polygon","coordinates":[[[37.561877,55.709074],[37.55911,55.711772],[37.553575,55.711772],[37.550808,55.709074],[37.553575,55.706377],[37.55911,55.706377],[37.561877,55.709074]]]}},{"type":"Feature","properties":{"id":"M1534","kind":"river","core":true,"sea":false,"river":true,"stream":false,"lake":false},"geometry":{"type":"Polygon","coordinates":[[[37.561877,55.71447],[37.55911,55.717168],[37.553575,55.717168],[37.550808,55.71447],[37.553575,55.711772],[37.55911,55.711772],[37.561877,55.71447]]]}},{"type":"Feature","properties":{"id":"M1535","kind":"river","core":false,"sea":false,"river":false,"stream":false,"lake":false},"geometry":{"type":"Polygon","coordinates":[[[37.561877,55.719866],[37.55911,55.722564],[37.553575,55.722564],[37.550808,55.719866],[37.553575,55.717168],[37.55911,55.717168],[37.561877,55.719866]]]}},{"type":"Feature","properties":{"id":"M1536","kind":"lake","core":true,"sea":false,"river":false,"stream":false,"lake":true},"geometry":{"type":"Polygon","coordinates":[[[37.561877,55.725262],[37.55911,55.72796],[37.553575,55.72796],[37.550808,55.725262],[37.553575,55.722564],[37.55911,55.722564],[37.561877,55.725262]]]}},{"type":"Feature","properties":{"id":"M1537","kind":"river","core":true,"sea":false,"river":true,"stream":false,"lake":true},"geometry":{"type":"Polygon","coordinates":[[[37.561877,55.730658],[37.55911,55.733356],[37.553575,55.733356],[37.550808,55.730658],[37.553575,55.72796],[37.55911,55.72796],[37.561877,55.730658]]]}},{"type":"Feature","properties":{"id":"M1538","kind":"river","core":true,"sea":false,"river":true,"stream":false,"lake":false},"geometry":{"type":"Polygon","coordinates":[[[37.561877,55.736054],[37.55911,55.738752],[37.553575,55.738752],[37.550808,55.736054],[37.553575,55.733356],[37.55911,55.733356],[37.561877,55.736054]]]}},{"type":"Feature","properties":{"id":"M1539","kind":"river","core":false,"sea":false,"river":false,"stream":false,"lake":false},"geometry":{"type":"Polygon","coordinates":[[[37.561877,55.74145],[37.55911,55.744148],[37.553575,55.744148],[37.550808,55.74145],[37.553575,55.738752],[37.55911,55.738752],[37.561877,55.74145]]]}},{"type":"Feature","properties":{"id":"M1540","kind":"river","core":false,"sea":false,"river":false,"stream":false,"lake":false},"geometry":{"type":"Polygon","coordinates":[[[37.561877,55.746846],[37.55911,55.749544],[37.553575,55.749544],[37.550808,55.746846],[37.553575,55.744148],[37.55911,55.744148],[37.561877,55.746846]]]}},{"type":"Feature","properties":{"id":"M1541","kind":"river","core":true,"sea":false,"river":true,"stream":false,"lake":false},"geometry":{"type":"Polygon","coordinates":[[[37.561877,55.752242],[37.55911,55.75494],[37.553575,55.75494],[37.550808,55.752242],[37.553575,55.749544],[37.55911,55.749544],[37.561877,55.752242]]]}},{"type":"Feature","properties":{"id":"M1542","kind":"river","core":false,"sea":false,"river":false,"stream":false,"lake":false},"geometry":{"type":"Polygon","coordinates":[[[37.561877,55.757638],[37.55911,55.760336],[37.553575,55.760336],[37.550808,55.757638],[37.553575,55.75494],[37.55911,55.75494],[37.561877,55.757638]]]}},{"type":"Feature","properties":{"id":"M1556","kind":"lake","core":true,"sea":false,"river":false,"stream":false,"lake":true},"geometry":{"type":"Polygon","coordinates":[[[37.561877,55.833181],[37.55911,55.835879],[37.553575,55.835879],[37.550808,55.833181],[37.553575,55.830483],[37.55911,55.830483],[37.561877,55.833181]]]}},{"type":"Feature","properties":{"id":"M1557","kind":"lake","core":true,"sea":false,"river":false,"stream":false,"lake":true},"geometry":{"type":"Polygon","coordinates":[[[37.561877,55.838577],[37.55911,55.841275],[37.553575,55.841275],[37.550808,55.838577],[37.553575,55.835879],[37.55911,55.835879],[37.561877,55.838577]]]}},{"type":"Feature","properties":{"id":"M1559","kind":"river","core":false,"sea":false,"river":false,"stream":false,"lake":false},"geometry":{"type":"Polygon","coordinates":[[[37.561877,55.849368],[37.55911,55.852066],[37.553575,55.852066],[37.550808,55.849368],[37.553575,55.84667],[37.55911,55.84667],[37.561877,55.849368]]]}},{"type":"Feature","properties":{"id":"M1560","kind":"river","core":true,"sea":false,"river":true,"stream":false,"lake":false},"geometry":{"type":"Polygon","coordinates":[[[37.561877,55.854764],[37.55911,55.857462],[37.553575,55.857462],[37.550808,55.854764],[37.553575,55.852066],[37.55911,55.852066],[37.561877,55.854764]]]}},{"type":"Feature","properties":{"id":"M1561","kind":"river","core":false,"sea":false,"river":false,"stream":false,"lake":false},"geometry":{"type":"Polygon","coordinates":[[[37.561877,55.86016],[37.55911,55.862858],[37.553575,55.862858],[37.550808,55.86016],[37.553575,55.857462],[37.55911,55.857462],[37.561877,55.86016]]]}},{"type":"Feature","properties":{"id":"M1582","kind":"river","core":false,"sea":false,"river":false,"stream":false,"lake":false},"geometry":{"type":"Polygon","coordinates":[[[37.570178,55.620042],[37.567411,55.62274],[37.561877,55.62274],[37.55911,55.620042],[37.561877,55.617344],[37.567411,55.617344],[37.570178,55.620042]]]}},{"type":"Feature","properties":{"id":"M1583","kind":"river","core":true,"sea":false,"river":true,"stream":false,"lake":false},"geometry":{"type":"Polygon","coordinates":[[[37.570178,55.625438],[37.567411,55.628136],[37.561877,55.628136],[37.55911,55.625438],[37.561877,55.62274],[37.567411,55.62274],[37.570178,55.625438]]]}},{"type":"Feature","properties":{"id":"M1584","kind":"river","core":true,"sea":false,"river":true,"stream":false,"lake":false},"geometry":{"type":"Polygon","coordinates":[[[37.570178,55.630834],[37.567411,55.633532],[37.561877,55.633532],[37.55911,55.630834],[37.561877,55.628136],[37.567411,55.628136],[37.570178,55.630834]]]}},{"type":"Feature","properties":{"id":"M1585","kind":"river","core":true,"sea":false,"river":true,"stream":false,"lake":false},"geometry":{"type":"Polygon","coordinates":[[[37.570178,55.63623],[37.567411,55.638927],[37.561877,55.638927],[37.55911,55.63623],[37.561877,55.633532],[37.567411,55.633532],[37.570178,55.63623]]]}},{"type":"Feature","properties":{"id":"M1586","kind":"lake","core":true,"sea":false,"river":false,"stream":false,"lake":true},"geometry":{"type":"Polygon","coordinates":[[[37.570178,55.641625],[37.567411,55.644323],[37.561877,55.644323],[37.55911,55.641625],[37.561877,55.638927],[37.567411,55.638927],[37.570178,55.641625]]]}},{"type":"Feature","properties":{"id":"M1597","kind":"lake","core":true,"sea":false,"river":false,"stream":false,"lake":true},"geometry":{"type":"Polygon","coordinates":[[[37.570178,55.700981],[37.567411,55.703679],[37.561877,55.703679],[37.55911,55.700981],[37.561877,55.698283],[37.567411,55.698283],[37.570178,55.700981]]]}},{"type":"Feature","properties":{"id":"M1598","kind":"lake","core":true,"sea":false,"river":false,"stream":false,"lake":true},"geometry":{"type":"Polygon","coordinates":[[[37.570178,55.706377],[37.567411,55.709074],[37.561877,55.709074],[37.55911,55.706377],[37.561877,55.703679],[37.567411,55.703679],[37.570178,55.706377]]]}},{"type":"Feature","properties":{"id":"M1599","kind":"river","core":true,"sea":false,"river":true,"stream":false,"lake":false},"geometry":{"type":"Polygon","coordinates":[[[37.570178,55.711772],[37.567411,55.71447],[37.561877,55.71447],[37.55911,55.711772],[37.561877,55.709074],[37.567411,55.709074],[37.570178,55.711772]]]}},{"type":"Feature","properties":{"id":"M1600","kind":"river","core":false,"sea":false,"river":false,"stream":false,"lake":false},"geometry":{"type":"Polygon","coordinates":[[[37.570178,55.717168],[37.567411,55.719866],[37.561877,55.719866],[37.55911,55.717168],[37.561877,55.71447],[37.567411,55.71447],[37.570178,55.717168]]]}},{"type":"Feature","properties":{"id":"M1602","kind":"river","core":false,"sea":false,"river":false,"stream":false,"lake":false},"geometry":{"type":"Polygon","coordinates":[[[37.570178,55.72796],[37.567411,55.730658],[37.561877,55.730658],[37.55911,55.72796],[37.561877,55.725262],[37.567411,55.725262],[37.570178,55.72796]]]}},{"type":"Feature","properties":{"id":"M1603","kind":"river","core":true,"sea":false,"river":true,"stream":false,"lake":false},"geometry":{"type":"Polygon","coordinates":[[[37.570178,55.733356],[37.567411,55.736054],[37.561877,55.736054],[37.55911,55.733356],[37.561877,55.730658],[37.567411,55.730658],[37.570178,55.733356]]]}},{"type":"Feature","properties":{"id":"M1604","kind":"river","core":true,"sea":false,"river":true,"stream":false,"lake":false},"geometry":{"type":"Polygon","coordinates":[[[37.570178,55.738752],[37.567411,55.74145],[37.561877,55.74145],[37.55911,55.738752],[37.561877,55.736054],[37.567411,55.736054],[37.570178,55.738752]]]}},{"type":"Feature","properties":{"id":"M1605","kind":"river","core":false,"sea":false,"river":false,"stream":false,"lake":false},"geometry":{"type":"Polygon","coordinates":[[[37.570178,55.744148],[37.567411,55.746846],[37.561877,55.746846],[37.55911,55.744148],[37.561877,55.74145],[37.567411,55.74145],[37.570178,55.744148]]]}},{"type":"Feature","properties":{"id":"M1606","kind":"river","core":false,"sea":false,"river":false,"stream":false,"lake":false},"geometry":{"type":"Polygon","coordinates":[[[37.570178,55.749544],[37.567411,55.752242],[37.561877,55.752242],[37.55911,55.749544],[37.561877,55.746846],[37.567411,55.746846],[37.570178,55.749544]]]}},{"type":"Feature","properties":{"id":"M1607","kind":"river","core":true,"sea":false,"river":true,"stream":false,"lake":false},"geometry":{"type":"Polygon","coordinates":[[[37.570178,55.75494],[37.567411,55.757638],[37.561877,55.757638],[37.55911,55.75494],[37.561877,55.752242],[37.567411,55.752242],[37.570178,55.75494]]]}},{"type":"Feature","properties":{"id":"M1608","kind":"river","core":false,"sea":false,"river":false,"stream":false,"lake":false},"geometry":{"type":"Polygon","coordinates":[[[37.570178,55.760336],[37.567411,55.763034],[37.561877,55.763034],[37.55911,55.760336],[37.561877,55.757638],[37.567411,55.757638],[37.570178,55.760336]]]}},{"type":"Feature","properties":{"id":"M1619","kind":"lake","core":true,"sea":false,"river":false,"stream":false,"lake":true},"geometry":{"type":"Polygon","coordinates":[[[37.570178,55.819691],[37.567411,55.822389],[37.561877,55.822389],[37.55911,55.819691],[37.561877,55.816993],[37.567411,55.816993],[37.570178,55.819691]]]}},{"type":"Feature","properties":{"id":"M1621","kind":"lake","core":true,"sea":false,"river":false,"stream":false,"lake":true},"geometry":{"type":"Polygon","coordinates":[[[37.570178,55.830483],[37.567411,55.833181],[37.561877,55.833181],[37.55911,55.830483],[37.561877,55.827785],[37.567411,55.827785],[37.570178,55.830483]]]}},{"type":"Feature","properties":{"id":"M1624","kind":"river","core":false,"sea":false,"river":false,"stream":false,"lake":false},"geometry":{"type":"Polygon","coordinates":[[[37.570178,55.84667],[37.567411,55.849368],[37.561877,55.849368],[37.55911,55.84667],[37.561877,55.843973],[37.567411,55.843973],[37.570178,55.84667]]]}},{"type":"Feature","properties":{"id":"M1625","kind":"river","core":true,"sea":false,"river":true,"stream":false,"lake":false},"geometry":{"type":"Polygon","coordinates":[[[37.570178,55.852066],[37.567411,55.854764],[37.561877,55.854764],[37.55911,55.852066],[37.561877,55.849368],[37.567411,55.849368],[37.570178,55.852066]]]}},{"type":"Feature","properties":{"id":"M1626","kind":"river","core":false,"sea":false,"river":false,"stream":false,"lake":false},"geometry":{"type":"Polygon","coordinates":[[[37.570178,55.857462],[37.567411,55.86016],[37.561877,55.86016],[37.55911,55.857462],[37.561877,55.854764],[37.567411,55.854764],[37.570178,55.857462]]]}},{"type":"Feature","properties":{"id":"M1634","kind":"lake","core":true,"sea":false,"river":false,"stream":false,"lake":true},"geometry":{"type":"Polygon","coordinates":[[[37.570178,55.90063],[37.567411,55.903328],[37.561877,55.903328],[37.55911,55.90063],[37.561877,55.897932],[37.567411,55.897932],[37.570178,55.90063]]]}},{"type":"Feature","properties":{"id":"M1648","kind":"river","core":false,"sea":false,"river":false,"stream":false,"lake":false},"geometry":{"type":"Polygon","coordinates":[[[37.578479,55.62274],[37.575712,55.625438],[37.570178,55.625438],[37.567411,55.62274],[37.570178,55.620042],[37.575712,55.620042],[37.578479,55.62274]]]}},{"type":"Feature","properties":{"id":"M1649","kind":"river","core":true,"sea":false,"river":true,"stream":false,"lake":false},"geometry":{"type":"Polygon","coordinates":[[[37.578479,55.628136],[37.575712,55.630834],[37.570178,55.630834],[37.567411,55.628136],[37.570178,55.625438],[37.575712,55.625438],[37.578479,55.628136]]]}},{"type":"Feature","properties":{"id":"M1650","kind":"river","core":true,"sea":false,"river":true,"stream":false,"lake":false},"geometry":{"type":"Polygon","coordinates":[[[37.578479,55.633532],[37.575712,55.63623],[37.570178,55.63623],[37.567411,55.633532],[37.570178,55.630834],[37.575712,55.630834],[37.578479,55.633532]]]}},{"type":"Feature","properties":{"id":"M1651","kind":"river","core":true,"sea":false,"river":true,"stream":false,"lake":false},"geometry":{"type":"Polygon","coordinates":[[[37.578479,55.638927],[37.575712,55.641625],[37.570178,55.641625],[37.567411,55.638927],[37.570178,55.63623],[37.575712,55.63623],[37.578479,55.638927]]]}},{"type":"Feature","properties":{"id":"M1652","kind":"river","core":false,"sea":false,"river":false,"stream":false,"lake":false},"geometry":{"type":"Polygon","coordinates":[[[37.578479,55.644323],[37.575712,55.647021],[37.570178,55.647021],[37.567411,55.644323],[37.570178,55.641625],[37.575712,55.641625],[37.578479,55.644323]]]}},{"type":"Feature","properties":{"id":"M1655","kind":"lake","core":true,"sea":false,"river":false,"stream":false,"lake":true},"geometry":{"type":"Polygon","coordinates":[[[37.578479,55.660511],[37.575712,55.663209],[37.570178,55.663209],[37.567411,55.660511],[37.570178,55.657813],[37.575712,55.657813],[37.578479,55.660511]]]}},{"type":"Feature","properties":{"id":"M1658","kind":"lake","core":true,"sea":false,"river":false,"stream":false,"lake":true},"geometry":{"type":"Polygon","coordinates":[[[37.578479,55.676699],[37.575712,55.679397],[37.570178,55.679397],[37.567411,55.676699],[37.570178,55.674001],[37.575712,55.674001],[37.578479,55.676699]]]}},{"type":"Feature","properties":{"id":"M1663","kind":"river","core":false,"sea":false,"river":false,"stream":false,"lake":false},"geometry":{"type":"Polygon","coordinates":[[[37.578479,55.703679],[37.575712,55.706377],[37.570178,55.706377],[37.567411,55.703679],[37.570178,55.700981],[37.575712,55.700981],[37.578479,55.703679]]]}},{"type":"Feature","properties":{"id":"M1664","kind":"river","core":true,"sea":false,"river":true,"stream":false,"lake":true},"geometry":{"type":"Polygon","coordinates":[[[37.578479,55.709074],[37.575712,55.711772],[37.570178,55.711772],[37.567411,55.709074],[37.570178,55.706377],[37.575712,55.706377],[37.578479,55.709074]]]}},{"type":"Feature","properties":{"id":"M1665","kind":"river","core":true,"sea":false,"river":true,"stream":false,"lake":false},"geometry":{"type":"Polygon","coordinates":[[[37.578479,55.71447],[37.575712,55.717168],[37.570178,55.717168],[37.567411,55.71447],[37.570178,55.711772],[37.575712,55.711772],[37.578479,55.71447]]]}},{"type":"Feature","properties":{"id":"M1666","kind":"river","core":false,"sea":false,"river":false,"stream":false,"lake":false},"geometry":{"type":"Polygon","coordinates":[[[37.578479,55.719866],[37.575712,55.722564],[37.570178,55.722564],[37.567411,55.719866],[37.570178,55.717168],[37.575712,55.717168],[37.578479,55.719866]]]}},{"type":"Feature","properties":{"id":"M1669","kind":"river","core":false,"sea":false,"river":false,"stream":false,"lake":false},"geometry":{"type":"Polygon","coordinates":[[[37.578479,55.736054],[37.575712,55.738752],[37.570178,55.738752],[37.567411,55.736054],[37.570178,55.733356],[37.575712,55.733356],[37.578479,55.736054]]]}},{"type":"Feature","properties":{"id":"M1670","kind":"river","core":true,"sea":false,"river":true,"stream":false,"lake":false},"geometry":{"type":"Polygon","coordinates":[[[37.578479,55.74145],[37.575712,55.744148],[37.570178,55.744148],[37.567411,55.74145],[37.570178,55.738752],[37.575712,55.738752],[37.578479,55.74145]]]}},{"type":"Feature","properties":{"id":"M1671","kind":"river","core":true,"sea":false,"river":true,"stream":false,"lake":false},"geometry":{"type":"Polygon","coordinates":[[[37.578479,55.746846],[37.575712,55.749544],[37.570178,55.749544],[37.567411,55.746846],[37.570178,55.744148],[37.575712,55.744148],[37.578479,55.746846]]]}},{"type":"Feature","properties":{"id":"M1672","kind":"river","core":true,"sea":false,"river":true,"stream":false,"lake":false},"geometry":{"type":"Polygon","coordinates":[[[37.578479,55.752242],[37.575712,55.75494],[37.570178,55.75494],[37.567411,55.752242],[37.570178,55.749544],[37.575712,55.749544],[37.578479,55.752242]]]}},{"type":"Feature","properties":{"id":"M1673","kind":"river","core":false,"sea":false,"river":false,"stream":false,"lake":false},"geometry":{"type":"Polygon","coordinates":[[[37.578479,55.757638],[37.575712,55.760336],[37.570178,55.760336],[37.567411,55.757638],[37.570178,55.75494],[37.575712,55.75494],[37.578479,55.757638]]]}},{"type":"Feature","properties":{"id":"M1674","kind":"lake","core":true,"sea":false,"river":false,"stream":false,"lake":true},"geometry":{"type":"Polygon","coordinates":[[[37.578479,55.763034],[37.575712,55.765732],[37.570178,55.765732],[37.567411,55.763034],[37.570178,55.760336],[37.575712,55.760336],[37.578479,55.763034]]]}},{"type":"Feature","properties":{"id":"M1689","kind":"river","core":false,"sea":false,"river":false,"stream":false,"lake":false},"geometry":{"type":"Polygon","coordinates":[[[37.578479,55.843973],[37.575712,55.84667],[37.570178,55.84667],[37.567411,55.843973],[37.570178,55.841275],[37.575712,55.841275],[37.578479,55.843973]]]}},{"type":"Feature","properties":{"id":"M1690","kind":"river","core":true,"sea":false,"river":true,"stream":false,"lake":false},"geometry":{"type":"Polygon","coordinates":[[[37.578479,55.849368],[37.575712,55.852066],[37.570178,55.852066],[37.567411,55.849368],[37.570178,55.84667],[37.575712,55.84667],[37.578479,55.849368]]]}},{"type":"Feature","properties":{"id":"M1691","kind":"river","core":true,"sea":false,"river":true,"stream":false,"lake":false},"geometry":{"type":"Polygon","coordinates":[[[37.578479,55.854764],[37.575712,55.857462],[37.570178,55.857462],[37.567411,55.854764],[37.570178,55.852066],[37.575712,55.852066],[37.578479,55.854764]]]}},{"type":"Feature","properties":{"id":"M1692","kind":"river","core":false,"sea":false,"river":false,"stream":false,"lake":false},"geometry":{"type":"Polygon","coordinates":[[[37.578479,55.86016],[37.575712,55.862858],[37.570178,55.862858],[37.567411,55.86016],[37.570178,55.857462],[37.575712,55.857462],[37.578479,55.86016]]]}},{"type":"Feature","properties":{"id":"M1700","kind":"lake","core":true,"sea":false,"river":false,"stream":false,"lake":true},"geometry":{"type":"Polygon","coordinates":[[[37.578479,55.903328],[37.575712,55.906026],[37.570178,55.906026],[37.567411,55.903328],[37.570178,55.90063],[37.575712,55.90063],[37.578479,55.903328]]]}},{"type":"Feature","properties":{"id":"M1707","kind":"lake","core":true,"sea":false,"river":false,"stream":false,"lake":true},"geometry":{"type":"Polygon","coordinates":[[[37.58678,55.587666],[37.584013,55.590364],[37.578479,55.590364],[37.575712,55.587666],[37.578479,55.584968],[37.584013,55.584968],[37.58678,55.587666]]]}},{"type":"Feature","properties":{"id":"M1714","kind":"river","core":false,"sea":false,"river":false,"stream":false,"lake":false},"geometry":{"type":"Polygon","coordinates":[[[37.58678,55.625438],[37.584013,55.628136],[37.578479,55.628136],[37.575712,55.625438],[37.578479,55.62274],[37.584013,55.62274],[37.58678,55.625438]]]}},{"type":"Feature","properties":{"id":"M1715","kind":"river","core":true,"sea":false,"river":true,"stream":false,"lake":false},"geometry":{"type":"Polygon","coordinates":[[[37.58678,55.630834],[37.584013,55.633532],[37.578479,55.633532],[37.575712,55.630834],[37.578479,55.628136],[37.584013,55.628136],[37.58678,55.630834]]]}},{"type":"Feature","properties":{"id":"M1716","kind":"river","core":false,"sea":false,"river":false,"stream":false,"lake":false},"geometry":{"type":"Polygon","coordinates":[[[37.58678,55.63623],[37.584013,55.638927],[37.578479,55.638927],[37.575712,55.63623],[37.578479,55.633532],[37.584013,55.633532],[37.58678,55.63623]]]}},{"type":"Feature","properties":{"id":"M1717","kind":"river","core":true,"sea":false,"river":true,"stream":false,"lake":false},"geometry":{"type":"Polygon","coordinates":[[[37.58678,55.641625],[37.584013,55.644323],[37.578479,55.644323],[37.575712,55.641625],[37.578479,55.638927],[37.584013,55.638927],[37.58678,55.641625]]]}},{"type":"Feature","properties":{"id":"M1718","kind":"river","core":false,"sea":false,"river":false,"stream":false,"lake":false},"geometry":{"type":"Polygon","coordinates":[[[37.58678,55.647021],[37.584013,55.649719],[37.578479,55.649719],[37.575712,55.647021],[37.578479,55.644323],[37.584013,55.644323],[37.58678,55.647021]]]}},{"type":"Feature","properties":{"id":"M1719","kind":"lake","core":true,"sea":false,"river":false,"stream":false,"lake":true},"geometry":{"type":"Polygon","coordinates":[[[37.58678,55.652417],[37.584013,55.655115],[37.578479,55.655115],[37.575712,55.652417],[37.578479,55.649719],[37.584013,55.649719],[37.58678,55.652417]]]}},{"type":"Feature","properties":{"id":"M1720","kind":"lake","core":true,"sea":false,"river":false,"stream":false,"lake":true},"geometry":{"type":"Polygon","coordinates":[[[37.58678,55.657813],[37.584013,55.660511],[37.578479,55.660511],[37.575712,55.657813],[37.578479,55.655115],[37.584013,55.655115],[37.58678,55.657813]]]}},{"type":"Feature","properties":{"id":"M1721","kind":"river","core":true,"sea":false,"river":true,"stream":false,"lake":false},"geometry":{"type":"Polygon","coordinates":[[[37.58678,55.663209],[37.584013,55.665907],[37.578479,55.665907],[37.575712,55.663209],[37.578479,55.660511],[37.584013,55.660511],[37.58678,55.663209]]]}},{"type":"Feature","properties":{"id":"M1722","kind":"river","core":false,"sea":false,"river":false,"stream":false,"lake":false},"geometry":{"type":"Polygon","coordinates":[[[37.58678,55.668605],[37.584013,55.671303],[37.578479,55.671303],[37.575712,55.668605],[37.578479,55.665907],[37.584013,55.665907],[37.58678,55.668605]]]}},{"type":"Feature","properties":{"id":"M1729","kind":"river","core":false,"sea":false,"river":false,"stream":false,"lake":false},"geometry":{"type":"Polygon","coordinates":[[[37.58678,55.706377],[37.584013,55.709074],[37.578479,55.709074],[37.575712,55.706377],[37.578479,55.703679],[37.584013,55.703679],[37.58678,55.706377]]]}},{"type":"Feature","properties":{"id":"M1730","kind":"river","core":true,"sea":false,"river":true,"stream":false,"lake":true},"geometry":{"type":"Polygon","coordinates":[[[37.58678,55.711772],[37.584013,55.71447],[37.578479,55.71447],[37.575712,55.711772],[37.578479,55.709074],[37.584013,55.709074],[37.58678,55.711772]]]}},{"type":"Feature","properties":{"id":"M1731","kind":"river","core":true,"sea":false,"river":true,"stream":false,"lake":true},"geometry":{"type":"Polygon","coordinates":[[[37.58678,55.717168],[37.584013,55.719866],[37.578479,55.719866],[37.575712,55.717168],[37.578479,55.71447],[37.584013,55.71447],[37.58678,55.717168]]]}},{"type":"Feature","properties":{"id":"M1732","kind":"river","core":false,"sea":false,"river":false,"stream":false,"lake":false},"geometry":{"type":"Polygon","coordinates":[[[37.58678,55.722564],[37.584013,55.725262],[37.578479,55.725262],[37.575712,55.722564],[37.578479,55.719866],[37.584013,55.719866],[37.58678,55.722564]]]}},{"type":"Feature","properties":{"id":"M1739","kind":"lake","core":true,"sea":false,"river":false,"stream":false,"lake":true},"geometry":{"type":"Polygon","coordinates":[[[37.58678,55.760336],[37.584013,55.763034],[37.578479,55.763034],[37.575712,55.760336],[37.578479,55.757638],[37.584013,55.757638],[37.58678,55.760336]]]}},{"type":"Feature","properties":{"id":"M1740","kind":"lake","core":true,"sea":false,"river":false,"stream":false,"lake":true},"geometry":{"type":"Polygon","coordinates":[[[37.58678,55.765732],[37.584013,55.76843],[37.578479,55.76843],[37.575712,55.765732],[37.578479,55.763034],[37.584013,55.763034],[37.58678,55.765732]]]}},{"type":"Feature","properties":{"id":"M1749","kind":"lake","core":true,"sea":false,"river":false,"stream":false,"lake":true},"geometry":{"type":"Polygon","coordinates":[[[37.58678,55.814295],[37.584013,55.816993],[37.578479,55.816993],[37.575712,55.814295],[37.578479,55.811597],[37.584013,55.811597],[37.58678,55.814295]]]}},{"type":"Feature","properties":{"id":"M1755","kind":"river","core":false,"sea":false,"river":false,"stream":false,"lake":false},"geometry":{"type":"Polygon","coordinates":[[[37.58678,55.84667],[37.584013,55.849368],[37.578479,55.849368],[37.575712,55.84667],[37.578479,55.843973],[37.584013,55.843973],[37.58678,55.84667]]]}},{"type":"Feature","properties":{"id":"M1756","kind":"river","core":true,"sea":false,"river":true,"stream":false,"lake":false},"geometry":{"type":"Polygon","coordinates":[[[37.58678,55.852066],[37.584013,55.854764],[37.578479,55.854764],[37.575712,55.852066],[37.578479,55.849368],[37.584013,55.849368],[37.58678,55.852066]]]}},{"type":"Feature","properties":{"id":"M1757","kind":"river","core":false,"sea":false,"river":false,"stream":false,"lake":false},"geometry":{"type":"Polygon","coordinates":[[[37.58678,55.857462],[37.584013,55.86016],[37.578479,55.86016],[37.575712,55.857462],[37.578479,55.854764],[37.584013,55.854764],[37.58678,55.857462]]]}},{"type":"Feature","properties":{"id":"M1761","kind":"lake","core":true,"sea":false,"river":false,"stream":false,"lake":true},"geometry":{"type":"Polygon","coordinates":[[[37.58678,55.879046],[37.584013,55.881744],[37.578479,55.881744],[37.575712,55.879046],[37.578479,55.876348],[37.584013,55.876348],[37.58678,55.879046]]]}},{"type":"Feature","properties":{"id":"M1765","kind":"river","core":false,"sea":false,"river":false,"stream":false,"lake":false},"geometry":{"type":"Polygon","coordinates":[[[37.58678,55.90063],[37.584013,55.903328],[37.578479,55.903328],[37.575712,55.90063],[37.578479,55.897932],[37.584013,55.897932],[37.58678,55.90063]]]}},{"type":"Feature","properties":{"id":"M1766","kind":"river","core":true,"sea":false,"river":true,"stream":false,"lake":true},"geometry":{"type":"Polygon","coordinates":[[[37.58678,55.906026],[37.584013,55.908724],[37.578479,55.908724],[37.575712,55.906026],[37.578479,55.903328],[37.584013,55.903328],[37.58678,55.906026]]]}},{"type":"Feature","properties":{"id":"M1767","kind":"river","core":false,"sea":false,"river":false,"stream":false,"lake":true},"geometry":{"type":"Polygon","coordinates":[[[37.58678,55.911422],[37.584013,55.91412],[37.578479,55.91412],[37.575712,55.911422],[37.578479,55.908724],[37.584013,55.908724],[37.58678,55.911422]]]}},{"type":"Feature","properties":{"id":"M1772","kind":"lake","core":true,"sea":false,"river":false,"stream":false,"lake":true},"geometry":{"type":"Polygon","coordinates":[[[37.595082,55.584968],[37.592315,55.587666],[37.58678,55.587666],[37.584013,55.584968],[37.58678,55.58227],[37.592315,55.58227],[37.595082,55.584968]]]}},{"type":"Feature","properties":{"id":"M1776","kind":"lake","core":true,"sea":false,"river":false,"stream":false,"lake":true},"geometry":{"type":"Polygon","coordinates":[[[37.595082,55.606552],[37.592315,55.60925],[37.58678,55.60925],[37.584013,55.606552],[37.58678,55.603854],[37.592315,55.603854],[37.595082,55.606552]]]}},{"type":"Feature","properties":{"id":"M1778","kind":"lake","core":true,"sea":false,"river":false,"stream":false,"lake":true},"geometry":{"type":"Polygon","coordinates":[[[37.595082,55.617344],[37.592315,55.620042],[37.58678,55.620042],[37.584013,55.617344],[37.58678,55.614646],[37.592315,55.614646],[37.595082,55.617344]]]}},{"type":"Feature","properties":{"id":"M1779","kind":"river","core":false,"sea":false,"river":false,"stream":false,"lake":false},"geometry":{"type":"Polygon","coordinates":[[[37.595082,55.62274],[37.592315,55.625438],[37.58678,55.625438],[37.584013,55.62274],[37.58678,55.620042],[37.592315,55.620042],[37.595082,55.62274]]]}},{"type":"Feature","properties":{"id":"M1780","kind":"river","core":true,"sea":false,"river":true,"stream":false,"lake":false},"geometry":{"type":"Polygon","coordinates":[[[37.595082,55.628136],[37.592315,55.630834],[37.58678,55.630834],[37.584013,55.628136],[37.58678,55.625438],[37.592315,55.625438],[37.595082,55.628136]]]}},{"type":"Feature","properties":{"id":"M1781","kind":"river","core":true,"sea":false,"river":true,"stream":false,"lake":false},"geometry":{"type":"Polygon","coordinates":[[[37.595082,55.633532],[37.592315,55.63623],[37.58678,55.63623],[37.584013,55.633532],[37.58678,55.630834],[37.592315,55.630834],[37.595082,55.633532]]]}},{"type":"Feature","properties":{"id":"M1782","kind":"river","core":false,"sea":false,"river":false,"stream":false,"lake":false},"geometry":{"type":"Polygon","coordinates":[[[37.595082,55.638927],[37.592315,55.641625],[37.58678,55.641625],[37.584013,55.638927],[37.58678,55.63623],[37.592315,55.63623],[37.595082,55.638927]]]}},{"type":"Feature","properties":{"id":"M1783","kind":"lake","core":true,"sea":false,"river":false,"stream":false,"lake":true},"geometry":{"type":"Polygon","coordinates":[[[37.595082,55.644323],[37.592315,55.647021],[37.58678,55.647021],[37.584013,55.644323],[37.58678,55.641625],[37.592315,55.641625],[37.595082,55.644323]]]}},{"type":"Feature","properties":{"id":"M1784","kind":"lake","core":true,"sea":false,"river":false,"stream":false,"lake":true},"geometry":{"type":"Polygon","coordinates":[[[37.595082,55.649719],[37.592315,55.652417],[37.58678,55.652417],[37.584013,55.649719],[37.58678,55.647021],[37.592315,55.647021],[37.595082,55.649719]]]}},{"type":"Feature","properties":{"id":"M1786","kind":"river","core":false,"sea":false,"river":false,"stream":false,"lake":false},"geometry":{"type":"Polygon","coordinates":[[[37.595082,55.660511],[37.592315,55.663209],[37.58678,55.663209],[37.584013,55.660511],[37.58678,55.657813],[37.592315,55.657813],[37.595082,55.660511]]]}},{"type":"Feature","properties":{"id":"M1787","kind":"river","core":true,"sea":false,"river":true,"stream":false,"lake":false},"geometry":{"type":"Polygon","coordinates":[[[37.595082,55.665907],[37.592315,55.668605],[37.58678,55.668605],[37.584013,55.665907],[37.58678,55.663209],[37.592315,55.663209],[37.595082,55.665907]]]}},{"type":"Feature","properties":{"id":"M1788","kind":"river","core":false,"sea":false,"river":false,"stream":false,"lake":false},"geometry":{"type":"Polygon","coordinates":[[[37.595082,55.671303],[37.592315,55.674001],[37.58678,55.674001],[37.584013,55.671303],[37.58678,55.668605],[37.592315,55.668605],[37.595082,55.671303]]]}},{"type":"Feature","properties":{"id":"M1796","kind":"river","core":false,"sea":false,"river":false,"stream":false,"lake":false},"geometry":{"type":"Polygon","coordinates":[[[37.595082,55.71447],[37.592315,55.717168],[37.58678,55.717168],[37.584013,55.71447],[37.58678,55.711772],[37.592315,55.711772],[37.595082,55.71447]]]}},{"type":"Feature","properties":{"id":"M1797","kind":"river","core":true,"sea":false,"river":true,"stream":false,"lake":true},"geometry":{"type":"Polygon","coordinates":[[[37.595082,55.719866],[37.592315,55.722564],[37.58678,55.722564],[37.584013,55.719866],[37.58678,55.717168],[37.592315,55.717168],[37.595082,55.719866]]]}},{"type":"Feature","properties":{"id":"M1798","kind":"river","core":true,"sea":false,"river":true,"stream":false,"lake":true},"geometry":{"type":"Polygon","coordinates":[[[37.595082,55.725262],[37.592315,55.72796],[37.58678,55.72796],[37.584013,55.725262],[37.58678,55.722564],[37.592315,55.722564],[37.595082,55.725262]]]}},{"type":"Feature","properties":{"id":"M1799","kind":"river","core":true,"sea":false,"river":true,"stream":false,"lake":false},"geometry":{"type":"Polygon","coordinates":[[[37.595082,55.730658],[37.592315,55.733356],[37.58678,55.733356],[37.584013,55.730658],[37.58678,55.72796],[37.592315,55.72796],[37.595082,55.730658]]]}},{"type":"Feature","properties":{"id":"M1800","kind":"river","core":false,"sea":false,"river":false,"stream":false,"lake":false},"geometry":{"type":"Polygon","coordinates":[[[37.595082,55.736054],[37.592315,55.738752],[37.58678,55.738752],[37.584013,55.736054],[37.58678,55.733356],[37.592315,55.733356],[37.595082,55.736054]]]}},{"type":"Feature","properties":{"id":"M1805","kind":"lake","core":true,"sea":false,"river":false,"stream":false,"lake":true},"geometry":{"type":"Polygon","coordinates":[[[37.595082,55.763034],[37.592315,55.765732],[37.58678,55.765732],[37.584013,55.763034],[37.58678,55.760336],[37.592315,55.760336],[37.595082,55.763034]]]}},{"type":"Feature","properties":{"id":"M1814","kind":"lake","core":true,"sea":false,"river":false,"stream":false,"lake":true},"geometry":{"type":"Polygon","coordinates":[[[37.595082,55.811597],[37.592315,55.814295],[37.58678,55.814295],[37.584013,55.811597],[37.58678,55.808899],[37.592315,55.808899],[37.595082,55.811597]]]}},{"type":"Feature","properties":{"id":"M1815","kind":"lake","core":true,"sea":false,"river":false,"stream":false,"lake":true},"geometry":{"type":"Polygon","coordinates":[[[37.595082,55.816993],[37.592315,55.819691],[37.58678,55.819691],[37.584013,55.816993],[37.58678,55.814295],[37.592315,55.814295],[37.595082,55.816993]]]}},{"type":"Feature","properties":{"id":"M1820","kind":"lake","core":true,"sea":false,"river":false,"stream":false,"lake":true},"geometry":{"type":"Polygon","coordinates":[[[37.595082,55.843973],[37.592315,55.84667],[37.58678,55.84667],[37.584013,55.843973],[37.58678,55.841275],[37.592315,55.841275],[37.595082,55.843973]]]}},{"type":"Feature","properties":{"id":"M1821","kind":"river","core":true,"sea":false,"river":true,"stream":false,"lake":false},"geometry":{"type":"Polygon","coordinates":[[[37.595082,55.849368],[37.592315,55.852066],[37.58678,55.852066],[37.584013,55.849368],[37.58678,55.84667],[37.592315,55.84667],[37.595082,55.849368]]]}},{"type":"Feature","properties":{"id":"M1822","kind":"river","core":true,"sea":false,"river":true,"stream":false,"lake":false},"geometry":{"type":"Polygon","coordinates":[[[37.595082,55.854764],[37.592315,55.857462],[37.58678,55.857462],[37.584013,55.854764],[37.58678,55.852066],[37.592315,55.852066],[37.595082,55.854764]]]}},{"type":"Feature","properties":{"id":"M1823","kind":"river","core":false,"sea":false,"river":false,"stream":false,"lake":false},"geometry":{"type":"Polygon","coordinates":[[[37.595082,55.86016],[37.592315,55.862858],[37.58678,55.862858],[37.584013,55.86016],[37.58678,55.857462],[37.592315,55.857462],[37.595082,55.86016]]]}},{"type":"Feature","properties":{"id":"M1831","kind":"river","core":false,"sea":false,"river":false,"stream":false,"lake":false},"geometry":{"type":"Polygon","coordinates":[[[37.595082,55.903328],[37.592315,55.906026],[37.58678,55.906026],[37.584013,55.903328],[37.58678,55.90063],[37.592315,55.90063],[37.595082,55.903328]]]}},{"type":"Feature","properties":{"id":"M1832","kind":"river","core":true,"sea":false,"river":true,"stream":false,"lake":true},"geometry":{"type":"Polygon","coordinates":[[[37.595082,55.908724],[37.592315,55.911422],[37.58678,55.911422],[37.584013,55.908724],[37.58678,55.906026],[37.592315,55.906026],[37.595082,55.908724]]]}},{"type":"Feature","properties":{"id":"M1833","kind":"river","core":false,"sea":false,"river":false,"stream":false,"lake":false},"geometry":{"type":"Polygon","coordinates":[[[37.595082,55.91412],[37.592315,55.916817],[37.58678,55.916817],[37.584013,55.91412],[37.58678,55.911422],[37.592315,55.911422],[37.595082,55.91412]]]}},{"type":"Feature","properties":{"id":"M1841","kind":"lake","core":true,"sea":false,"river":false,"stream":false,"lake":true},"geometry":{"type":"Polygon","coordinates":[[[37.603383,55.603854],[37.600616,55.606552],[37.595082,55.606552],[37.592315,55.603854],[37.595082,55.601156],[37.600616,55.601156],[37.603383,55.603854]]]}},{"type":"Feature","properties":{"id":"M1846","kind":"river","core":false,"sea":false,"river":false,"stream":false,"lake":false},"geometry":{"type":"Polygon","coordinates":[[[37.603383,55.630834],[37.600616,55.633532],[37.595082,55.633532],[37.592315,55.630834],[37.595082,55.628136],[37.600616,55.628136],[37.603383,55.630834]]]}},{"type":"Feature","properties":{"id":"M1847","kind":"river","core":true,"sea":false,"river":true,"stream":false,"lake":true},"geometry":{"type":"Polygon","coordinates":[[[37.603383,55.63623],[37.600616,55.638927],[37.595082,55.638927],[37.592315,55.63623],[37.595082,55.633532],[37.600616,55.633532],[37.603383,55.63623]]]}},{"type":"Feature","properties":{"id":"M1848","kind":"river","core":true,"sea":false,"river":true,"stream":false,"lake":true},"geometry":{"type":"Polygon","coordinates":[[[37.603383,55.641625],[37.600616,55.644323],[37.595082,55.644323],[37.592315,55.641625],[37.595082,55.638927],[37.600616,55.638927],[37.603383,55.641625]]]}},{"type":"Feature","properties":{"id":"M1849","kind":"river","core":false,"sea":false,"river":false,"stream":false,"lake":false},"geometry":{"type":"Polygon","coordinates":[[[37.603383,55.647021],[37.600616,55.649719],[37.595082,55.649719],[37.592315,55.647021],[37.595082,55.644323],[37.600616,55.644323],[37.603383,55.647021]]]}},{"type":"Feature","properties":{"id":"M1851","kind":"river","core":false,"sea":false,"river":false,"stream":false,"lake":false},"geometry":{"type":"Polygon","coordinates":[[[37.603383,55.657813],[37.600616,55.660511],[37.595082,55.660511],[37.592315,55.657813],[37.595082,55.655115],[37.600616,55.655115],[37.603383,55.657813]]]}},{"type":"Feature","properties":{"id":"M1852","kind":"river","core":true,"sea":false,"river":true,"stream":false,"lake":false},"geometry":{"type":"Polygon","coordinates":[[[37.603383,55.663209],[37.600616,55.665907],[37.595082,55.665907],[37.592315,55.663209],[37.595082,55.660511],[37.600616,55.660511],[37.603383,55.663209]]]}},{"type":"Feature","properties":{"id":"M1853","kind":"river","core":true,"sea":false,"river":true,"stream":false,"lake":false},"geometry":{"type":"Polygon","coordinates":[[[37.603383,55.668605],[37.600616,55.671303],[37.595082,55.671303],[37.592315,55.668605],[37.595082,55.665907],[37.600616,55.665907],[37.603383,55.668605]]]}},{"type":"Feature","properties":{"id":"M1854","kind":"river","core":false,"sea":false,"river":false,"stream":false,"lake":false},"geometry":{"type":"Polygon","coordinates":[[[37.603383,55.674001],[37.600616,55.676699],[37.595082,55.676699],[37.592315,55.674001],[37.595082,55.671303],[37.600616,55.671303],[37.603383,55.674001]]]}},{"type":"Feature","properties":{"id":"M1863","kind":"lake","core":true,"sea":false,"river":false,"stream":false,"lake":true},"geometry":{"type":"Polygon","coordinates":[[[37.603383,55.722564],[37.600616,55.725262],[37.595082,55.725262],[37.592315,55.722564],[37.595082,55.719866],[37.600616,55.719866],[37.603383,55.722564]]]}},{"type":"Feature","properties":{"id":"M1864","kind":"river","core":true,"sea":false,"river":true,"stream":false,"lake":true},"geometry":{"type":"Polygon","coordinates":[[[37.603383,55.72796],[37.600616,55.730658],[37.595082,55.730658],[37.592315,55.72796],[37.595082,55.725262],[37.600616,55.725262],[37.603383,55.72796]]]}},{"type":"Feature","properties":{"id":"M1865","kind":"river","core":true,"sea":false,"river":true,"stream":false,"lake":false},"geometry":{"type":"Polygon","coordinates":[[[37.603383,55.733356],[37.600616,55.736054],[37.595082,55.736054],[37.592315,55.733356],[37.595082,55.730658],[37.600616,55.730658],[37.603383,55.733356]]]}},{"type":"Feature","properties":{"id":"M1866","kind":"river","core":true,"sea":false,"river":true,"stream":false,"lake":false},"geometry":{"type":"Polygon","coordinates":[[[37.603383,55.738752],[37.600616,55.74145],[37.595082,55.74145],[37.592315,55.738752],[37.595082,55.736054],[37.600616,55.736054],[37.603383,55.738752]]]}},{"type":"Feature","properties":{"id":"M1867","kind":"river","core":false,"sea":false,"river":false,"stream":false,"lake":false},"geometry":{"type":"Polygon","coordinates":[[[37.603383,55.744148],[37.600616,55.746846],[37.595082,55.746846],[37.592315,55.744148],[37.595082,55.74145],[37.600616,55.74145],[37.603383,55.744148]]]}},{"type":"Feature","properties":{"id":"M1887","kind":"river","core":false,"sea":false,"river":false,"stream":false,"lake":false},"geometry":{"type":"Polygon","coordinates":[[[37.603383,55.852066],[37.600616,55.854764],[37.595082,55.854764],[37.592315,55.852066],[37.595082,55.849368],[37.600616,55.849368],[37.603383,55.852066]]]}},{"type":"Feature","properties":{"id":"M1888","kind":"river","core":true,"sea":false,"river":true,"stream":false,"lake":false},"geometry":{"type":"Polygon","coordinates":[[[37.603383,55.857462],[37.600616,55.86016],[37.595082,55.86016],[37.592315,55.857462],[37.595082,55.854764],[37.600616,55.854764],[37.603383,55.857462]]]}},{"type":"Feature","properties":{"id":"M1889","kind":"river","core":false,"sea":false,"river":false,"stream":false,"lake":false},"geometry":{"type":"Polygon","coordinates":[[[37.603383,55.862858],[37.600616,55.865556],[37.595082,55.865556],[37.592315,55.862858],[37.595082,55.86016],[37.600616,55.86016],[37.603383,55.862858]]]}},{"type":"Feature","properties":{"id":"M1896","kind":"river","core":false,"sea":false,"river":false,"stream":false,"lake":false},"geometry":{"type":"Polygon","coordinates":[[[37.603383,55.90063],[37.600616,55.903328],[37.595082,55.903328],[37.592315,55.90063],[37.595082,55.897932],[37.600616,55.897932],[37.603383,55.90063]]]}},{"type":"Feature","properties":{"id":"M1897","kind":"river","core":true,"sea":false,"river":true,"stream":false,"lake":false},"geometry":{"type":"Polygon","coordinates":[[[37.603383,55.906026],[37.600616,55.908724],[37.595082,55.908724],[37.592315,55.906026],[37.595082,55.903328],[37.600616,55.903328],[37.603383,55.906026]]]}},{"type":"Feature","properties":{"id":"M1898","kind":"river","core":false,"sea":false,"river":false,"stream":false,"lake":false},"geometry":{"type":"Polygon","coordinates":[[[37.603383,55.911422],[37.600616,55.91412],[37.595082,55.91412],[37.592315,55.911422],[37.595082,55.908724],[37.600616,55.908724],[37.603383,55.911422]]]}},{"type":"Feature","properties":{"id":"M1907","kind":"lake","core":true,"sea":false,"river":false,"stream":false,"lake":true},"geometry":{"type":"Polygon","coordinates":[[[37.611684,55.606552],[37.608917,55.60925],[37.603383,55.60925],[37.600616,55.606552],[37.603383,55.603854],[37.608917,55.603854],[37.611684,55.606552]]]}},{"type":"Feature","properties":{"id":"M1912","kind":"river","core":false,"sea":false,"river":false,"stream":false,"lake":false},"geometry":{"type":"Polygon","coordinates":[[[37.611684,55.633532],[37.608917,55.63623],[37.603383,55.63623],[37.600616,55.633532],[37.603383,55.630834],[37.608917,55.630834],[37.611684,55.633532]]]}},{"type":"Feature","properties":{"id":"M1913","kind":"river","core":true,"sea":false,"river":true,"stream":false,"lake":true},"geometry":{"type":"Polygon","coordinates":[[[37.611684,55.638927],[37.608917,55.641625],[37.603383,55.641625],[37.600616,55.638927],[37.603383,55.63623],[37.608917,55.63623],[37.611684,55.638927]]]}},{"type":"Feature","properties":{"id":"M1914","kind":"river","core":false,"sea":false,"river":false,"stream":false,"lake":false},"geometry":{"type":"Polygon","coordinates":[[[37.611684,55.644323],[37.608917,55.647021],[37.603383,55.647021],[37.600616,55.644323],[37.603383,55.641625],[37.608917,55.641625],[37.611684,55.644323]]]}},{"type":"Feature","properties":{"id":"M1918","kind":"lake","core":true,"sea":false,"river":false,"stream":false,"lake":true},"geometry":{"type":"Polygon","coordinates":[[[37.611684,55.665907],[37.608917,55.668605],[37.603383,55.668605],[37.600616,55.665907],[37.603383,55.663209],[37.608917,55.663209],[37.611684,55.665907]]]}},{"type":"Feature","properties":{"id":"M1919","kind":"river","core":true,"sea":false,"river":true,"stream":false,"lake":true},"geometry":{"type":"Polygon","coordinates":[[[37.611684,55.671303],[37.608917,55.674001],[37.603383,55.674001],[37.600616,55.671303],[37.603383,55.668605],[37.608917,55.668605],[37.611684,55.671303]]]}},{"type":"Feature","properties":{"id":"M1920","kind":"river","core":true,"sea":false,"river":true,"stream":false,"lake":false},"geometry":{"type":"Polygon","coordinates":[[[37.611684,55.676699],[37.608917,55.679397],[37.603383,55.679397],[37.600616,55.676699],[37.603383,55.674001],[37.608917,55.674001],[37.611684,55.676699]]]}},{"type":"Feature","properties":{"id":"M1921","kind":"river","core":false,"sea":false,"river":false,"stream":false,"lake":false},"geometry":{"type":"Polygon","coordinates":[[[37.611684,55.682095],[37.608917,55.684793],[37.603383,55.684793],[37.600616,55.682095],[37.603383,55.679397],[37.608917,55.679397],[37.611684,55.682095]]]}},{"type":"Feature","properties":{"id":"M1930","kind":"lake","core":true,"sea":false,"river":false,"stream":false,"lake":true},"geometry":{"type":"Polygon","coordinates":[[[37.611684,55.730658],[37.608917,55.733356],[37.603383,55.733356],[37.600616,55.730658],[37.603383,55.72796],[37.608917,55.72796],[37.611684,55.730658]]]}},{"type":"Feature","properties":{"id":"M1931","kind":"river","core":true,"sea":false,"river":true,"stream":false,"lake":false},"geometry":{"type":"Polygon","coordinates":[[[37.611684,55.736054],[37.608917,55.738752],[37.603383,55.738752],[37.600616,55.736054],[37.603383,55.733356],[37.608917,55.733356],[37.611684,55.736054]]]}},{"type":"Feature","properties":{"id":"M1932","kind":"river","core":true,"sea":false,"river":true,"stream":false,"lake":false},"geometry":{"type":"Polygon","coordinates":[[[37.611684,55.74145],[37.608917,55.744148],[37.603383,55.744148],[37.600616,55.74145],[37.603383,55.738752],[37.608917,55.738752],[37.611684,55.74145]]]}},{"type":"Feature","properties":{"id":"M1933","kind":"river","core":true,"sea":false,"river":true,"stream":false,"lake":false},"geometry":{"type":"Polygon","coordinates":[[[37.611684,55.746846],[37.608917,55.749544],[37.603383,55.749544],[37.600616,55.746846],[37.603383,55.744148],[37.608917,55.744148],[37.611684,55.746846]]]}},{"type":"Feature","properties":{"id":"M1934","kind":"river","core":false,"sea":false,"river":false,"stream":false,"lake":false},"geometry":{"type":"Polygon","coordinates":[[[37.611684,55.752242],[37.608917,55.75494],[37.603383,55.75494],[37.600616,55.752242],[37.603383,55.749544],[37.608917,55.749544],[37.611684,55.752242]]]}},{"type":"Feature","properties":{"id":"M1939","kind":"lake","core":true,"sea":false,"river":false,"stream":false,"lake":true},"geometry":{"type":"Polygon","coordinates":[[[37.611684,55.779221],[37.608917,55.781919],[37.603383,55.781919],[37.600616,55.779221],[37.603383,55.776523],[37.608917,55.776523],[37.611684,55.779221]]]}},{"type":"Feature","properties":{"id":"M1947","kind":"lake","core":true,"sea":false,"river":false,"stream":false,"lake":true},"geometry":{"type":"Polygon","coordinates":[[[37.611684,55.822389],[37.608917,55.825087],[37.603383,55.825087],[37.600616,55.822389],[37.603383,55.819691],[37.608917,55.819691],[37.611684,55.822389]]]}},{"type":"Feature","properties":{"id":"M1949","kind":"lake","core":true,"sea":false,"river":false,"stream":false,"lake":true},"geometry":{"type":"Polygon","coordinates":[[[37.611684,55.833181],[37.608917,55.835879],[37.603383,55.835879],[37.600616,55.833181],[37.603383,55.830483],[37.608917,55.830483],[37.611684,55.833181]]]}},{"type":"Feature","properties":{"id":"M1960","kind":"river","core":false,"sea":false,"river":false,"stream":false,"lake":false},"geometry":{"type":"Polygon","coordinates":[[[37.611684,55.892536],[37.608917,55.895234],[37.603383,55.895234],[37.600616,55.892536],[37.603383,55.889838],[37.608917,55.889838],[37.611684,55.892536]]]}},{"type":"Feature","properties":{"id":"M1961","kind":"river","core":true,"sea":false,"river":true,"stream":false,"lake":true},"geometry":{"type":"Polygon","coordinates":[[[37.611684,55.897932],[37.608917,55.90063],[37.603383,55.90063],[37.600616,55.897932],[37.603383,55.895234],[37.608917,55.895234],[37.611684,55.897932]]]}},{"type":"Feature","properties":{"id":"M1962","kind":"river","core":true,"sea":false,"river":true,"stream":false,"lake":true},"geometry":{"type":"Polygon","coordinates":[[[37.611684,55.903328],[37.608917,55.906026],[37.603383,55.906026],[37.600616,55.903328],[37.603383,55.90063],[37.608917,55.90063],[37.611684,55.903328]]]}},{"type":"Feature","properties":{"id":"M1963","kind":"river","core":false,"sea":false,"river":false,"stream":false,"lake":false},"geometry":{"type":"Polygon","coordinates":[[[37.611684,55.908724],[37.608917,55.911422],[37.603383,55.911422],[37.600616,55.908724],[37.603383,55.906026],[37.608917,55.906026],[37.611684,55.908724]]]}},{"type":"Feature","properties":{"id":"M1972","kind":"lake","core":true,"sea":false,"river":false,"stream":false,"lake":true},"geometry":{"type":"Polygon","coordinates":[[[37.619985,55.603854],[37.617218,55.606552],[37.611684,55.606552],[37.608917,55.603854],[37.611684,55.601156],[37.617218,55.601156],[37.619985,55.603854]]]}},{"type":"Feature","properties":{"id":"M1978","kind":"river","core":false,"sea":false,"river":false,"stream":false,"lake":false},"geometry":{"type":"Polygon","coordinates":[[[37.619985,55.63623],[37.617218,55.638927],[37.611684,55.638927],[37.608917,55.63623],[37.611684,55.633532],[37.617218,55.633532],[37.619985,55.63623]]]}},{"type":"Feature","properties":{"id":"M1979","kind":"river","core":true,"sea":false,"river":true,"stream":false,"lake":true},"geometry":{"type":"Polygon","coordinates":[[[37.619985,55.641625],[37.617218,55.644323],[37.611684,55.644323],[37.608917,55.641625],[37.611684,55.638927],[37.617218,55.638927],[37.619985,55.641625]]]}},{"type":"Feature","properties":{"id":"M1980","kind":"river","core":false,"sea":false,"river":false,"stream":false,"lake":false},"geometry":{"type":"Polygon","coordinates":[[[37.619985,55.647021],[37.617218,55.649719],[37.611684,55.649719],[37.608917,55.647021],[37.611684,55.644323],[37.617218,55.644323],[37.619985,55.647021]]]}},{"type":"Feature","properties":{"id":"M1985","kind":"river","core":false,"sea":false,"river":false,"stream":false,"lake":false},"geometry":{"type":"Polygon","coordinates":[[[37.619985,55.674001],[37.617218,55.676699],[37.611684,55.676699],[37.608917,55.674001],[37.611684,55.671303],[37.617218,55.671303],[37.619985,55.674001]]]}},{"type":"Feature","properties":{"id":"M1986","kind":"river","core":true,"sea":false,"river":true,"stream":false,"lake":false},"geometry":{"type":"Polygon","coordinates":[[[37.619985,55.679397],[37.617218,55.682095],[37.611684,55.682095],[37.608917,55.679397],[37.611684,55.676699],[37.617218,55.676699],[37.619985,55.679397]]]}},{"type":"Feature","properties":{"id":"M1987","kind":"river","core":true,"sea":false,"river":true,"stream":false,"lake":false},"geometry":{"type":"Polygon","coordinates":[[[37.619985,55.684793],[37.617218,55.687491],[37.611684,55.687491],[37.608917,55.684793],[37.611684,55.682095],[37.617218,55.682095],[37.619985,55.684793]]]}},{"type":"Feature","properties":{"id":"M1988","kind":"river","core":false,"sea":false,"river":false,"stream":false,"lake":false},"geometry":{"type":"Polygon","coordinates":[[[37.619985,55.690189],[37.617218,55.692887],[37.611684,55.692887],[37.608917,55.690189],[37.611684,55.687491],[37.617218,55.687491],[37.619985,55.690189]]]}},{"type":"Feature","properties":{"id":"M1990","kind":"lake","core":true,"sea":false,"river":false,"stream":false,"lake":true},"geometry":{"type":"Polygon","coordinates":[[[37.619985,55.700981],[37.617218,55.703679],[37.611684,55.703679],[37.608917,55.700981],[37.611684,55.698283],[37.617218,55.698283],[37.619985,55.700981]]]}},{"type":"Feature","properties":{"id":"M1996","kind":"river","core":false,"sea":false,"river":false,"stream":false,"lake":false},"geometry":{"type":"Polygon","coordinates":[[[37.619985,55.733356],[37.617218,55.736054],[37.611684,55.736054],[37.608917,55.733356],[37.611684,55.730658],[37.617218,55.730658],[37.619985,55.733356]]]}},{"type":"Feature","properties":{"id":"M1997","kind":"river","core":true,"sea":false,"river":true,"stream":false,"lake":false},"geometry":{"type":"Polygon","coordinates":[[[37.619985,55.738752],[37.617218,55.74145],[37.611684,55.74145],[37.608917,55.738752],[37.611684,55.736054],[37.617218,55.736054],[37.619985,55.738752]]]}},{"type":"Feature","properties":{"id":"M1998","kind":"river","core":true,"sea":false,"river":true,"stream":false,"lake":false},"geometry":{"type":"Polygon","coordinates":[[[37.619985,55.744148],[37.617218,55.746846],[37.611684,55.746846],[37.608917,55.744148],[37.611684,55.74145],[37.617218,55.74145],[37.619985,55.744148]]]}},{"type":"Feature","properties":{"id":"M1999","kind":"river","core":true,"sea":false,"river":true,"stream":false,"lake":false},"geometry":{"type":"Polygon","coordinates":[[[37.619985,55.749544],[37.617218,55.752242],[37.611684,55.752242],[37.608917,55.749544],[37.611684,55.746846],[37.617218,55.746846],[37.619985,55.749544]]]}},{"type":"Feature","properties":{"id":"M2000","kind":"river","core":false,"sea":false,"river":false,"stream":false,"lake":false},"geometry":{"type":"Polygon","coordinates":[[[37.619985,55.75494],[37.617218,55.757638],[37.611684,55.757638],[37.608917,55.75494],[37.611684,55.752242],[37.617218,55.752242],[37.619985,55.75494]]]}},{"type":"Feature","properties":{"id":"M2006","kind":"lake","core":true,"sea":false,"river":false,"stream":false,"lake":true},"geometry":{"type":"Polygon","coordinates":[[[37.619985,55.787315],[37.617218,55.790013],[37.611684,55.790013],[37.608917,55.787315],[37.611684,55.784617],[37.617218,55.784617],[37.619985,55.787315]]]}},{"type":"Feature","properties":{"id":"M2012","kind":"lake","core":true,"sea":false,"river":false,"stream":false,"lake":true},"geometry":{"type":"Polygon","coordinates":[[[37.619985,55.819691],[37.617218,55.822389],[37.611684,55.822389],[37.608917,55.819691],[37.611684,55.816993],[37.617218,55.816993],[37.619985,55.819691]]]}},{"type":"Feature","properties":{"id":"M2013","kind":"lake","core":true,"sea":false,"river":false,"stream":false,"lake":true},"geometry":{"type":"Polygon","coordinates":[[[37.619985,55.825087],[37.617218,55.827785],[37.611684,55.827785],[37.608917,55.825087],[37.611684,55.822389],[37.617218,55.822389],[37.619985,55.825087]]]}},{"type":"Feature","properties":{"id":"M2014","kind":"lake","core":true,"sea":false,"river":false,"stream":false,"lake":true},"geometry":{"type":"Polygon","coordinates":[[[37.619985,55.830483],[37.617218,55.833181],[37.611684,55.833181],[37.608917,55.830483],[37.611684,55.827785],[37.617218,55.827785],[37.619985,55.830483]]]}},{"type":"Feature","properties":{"id":"M2015","kind":"lake","core":true,"sea":false,"river":false,"stream":false,"lake":true},"geometry":{"type":"Polygon","coordinates":[[[37.619985,55.835879],[37.617218,55.838577],[37.611684,55.838577],[37.608917,55.835879],[37.611684,55.833181],[37.617218,55.833181],[37.619985,55.835879]]]}},{"type":"Feature","properties":{"id":"M2016","kind":"river","core":true,"sea":false,"river":true,"stream":false,"lake":true},"geometry":{"type":"Polygon","coordinates":[[[37.619985,55.841275],[37.617218,55.843973],[37.611684,55.843973],[37.608917,55.841275],[37.611684,55.838577],[37.617218,55.838577],[37.619985,55.841275]]]}},{"type":"Feature","properties":{"id":"M2017","kind":"river","core":true,"sea":false,"river":true,"stream":false,"lake":false},"geometry":{"type":"Polygon","coordinates":[[[37.619985,55.84667],[37.617218,55.849368],[37.611684,55.849368],[37.608917,55.84667],[37.611684,55.843973],[37.617218,55.843973],[37.619985,55.84667]]]}},{"type":"Feature","properties":{"id":"M2018","kind":"river","core":false,"sea":false,"river":false,"stream":false,"lake":false},"geometry":{"type":"Polygon","coordinates":[[[37.619985,55.852066],[37.617218,55.854764],[37.611684,55.854764],[37.608917,55.852066],[37.611684,55.849368],[37.617218,55.849368],[37.619985,55.852066]]]}},{"type":"Feature","properties":{"id":"M2021","kind":"river","core":false,"sea":false,"river":false,"stream":false,"lake":false},"geometry":{"type":"Polygon","coordinates":[[[37.619985,55.868254],[37.617218,55.870952],[37.611684,55.870952],[37.608917,55.868254],[37.611684,55.865556],[37.617218,55.865556],[37.619985,55.868254]]]}},{"type":"Feature","properties":{"id":"M2022","kind":"river","core":true,"sea":false,"river":true,"stream":false,"lake":false},"geometry":{"type":"Polygon","coordinates":[[[37.619985,55.87365],[37.617218,55.876348],[37.611684,55.876348],[37.608917,55.87365],[37.611684,55.870952],[37.617218,55.870952],[37.619985,55.87365]]]}},{"type":"Feature","properties":{"id":"M2023","kind":"river","core":true,"sea":false,"river":true,"stream":false,"lake":false},"geometry":{"type":"Polygon","coordinates":[[[37.619985,55.879046],[37.617218,55.881744],[37.611684,55.881744],[37.608917,55.879046],[37.611684,55.876348],[37.617218,55.876348],[37.619985,55.879046]]]}},{"type":"Feature","properties":{"id":"M2024","kind":"river","core":true,"sea":false,"river":true,"stream":false,"lake":false},"geometry":{"type":"Polygon","coordinates":[[[37.619985,55.884442],[37.617218,55.88714],[37.611684,55.88714],[37.608917,55.884442],[37.611684,55.881744],[37.617218,55.881744],[37.619985,55.884442]]]}},{"type":"Feature","properties":{"id":"M2025","kind":"river","core":false,"sea":false,"river":false,"stream":false,"lake":false},"geometry":{"type":"Polygon","coordinates":[[[37.619985,55.889838],[37.617218,55.892536],[37.611684,55.892536],[37.608917,55.889838],[37.611684,55.88714],[37.617218,55.88714],[37.619985,55.889838]]]}},{"type":"Feature","properties":{"id":"M2026","kind":"river","core":true,"sea":false,"river":true,"stream":false,"lake":false},"geometry":{"type":"Polygon","coordinates":[[[37.619985,55.895234],[37.617218,55.897932],[37.611684,55.897932],[37.608917,55.895234],[37.611684,55.892536],[37.617218,55.892536],[37.619985,55.895234]]]}},{"type":"Feature","properties":{"id":"M2027","kind":"river","core":false,"sea":false,"river":false,"stream":false,"lake":false},"geometry":{"type":"Polygon","coordinates":[[[37.619985,55.90063],[37.617218,55.903328],[37.611684,55.903328],[37.608917,55.90063],[37.611684,55.897932],[37.617218,55.897932],[37.619985,55.90063]]]}},{"type":"Feature","properties":{"id":"M2037","kind":"lake","core":true,"sea":false,"river":false,"stream":false,"lake":true},"geometry":{"type":"Polygon","coordinates":[[[37.628287,55.601156],[37.62552,55.603854],[37.619985,55.603854],[37.617218,55.601156],[37.619985,55.598458],[37.62552,55.598458],[37.628287,55.601156]]]}},{"type":"Feature","properties":{"id":"M2038","kind":"lake","core":true,"sea":false,"river":false,"stream":false,"lake":true},"geometry":{"type":"Polygon","coordinates":[[[37.628287,55.606552],[37.62552,55.60925],[37.619985,55.60925],[37.617218,55.606552],[37.619985,55.603854],[37.62552,55.603854],[37.628287,55.606552]]]}},{"type":"Feature","properties":{"id":"M2043","kind":"river","core":false,"sea":false,"river":false,"stream":false,"lake":false},"geometry":{"type":"Polygon","coordinates":[[[37.628287,55.633532],[37.62552,55.63623],[37.619985,55.63623],[37.617218,55.633532],[37.619985,55.630834],[37.62552,55.630834],[37.628287,55.633532]]]}},{"type":"Feature","properties":{"id":"M2044","kind":"river","core":true,"sea":false,"river":true,"stream":false,"lake":true},"geometry":{"type":"Polygon","coordinates":[[[37.628287,55.638927],[37.62552,55.641625],[37.619985,55.641625],[37.617218,55.638927],[37.619985,55.63623],[37.62552,55.63623],[37.628287,55.638927]]]}},{"type":"Feature","properties":{"id":"M2045","kind":"river","core":false,"sea":false,"river":false,"stream":false,"lake":false},"geometry":{"type":"Polygon","coordinates":[[[37.628287,55.644323],[37.62552,55.647021],[37.619985,55.647021],[37.617218,55.644323],[37.619985,55.641625],[37.62552,55.641625],[37.628287,55.644323]]]}},{"type":"Feature","properties":{"id":"M2052","kind":"river","core":false,"sea":false,"river":false,"stream":false,"lake":false},"geometry":{"type":"Polygon","coordinates":[[[37.628287,55.682095],[37.62552,55.684793],[37.619985,55.684793],[37.617218,55.682095],[37.619985,55.679397],[37.62552,55.679397],[37.628287,55.682095]]]}},{"type":"Feature","properties":{"id":"M2053","kind":"river","core":true,"sea":false,"river":true,"stream":false,"lake":false},"geometry":{"type":"Polygon","coordinates":[[[37.628287,55.687491],[37.62552,55.690189],[37.619985,55.690189],[37.617218,55.687491],[37.619985,55.684793],[37.62552,55.684793],[37.628287,55.687491]]]}},{"type":"Feature","properties":{"id":"M2054","kind":"river","core":true,"sea":false,"river":true,"stream":false,"lake":false},"geometry":{"type":"Polygon","coordinates":[[[37.628287,55.692887],[37.62552,55.695585],[37.619985,55.695585],[37.617218,55.692887],[37.619985,55.690189],[37.62552,55.690189],[37.628287,55.692887]]]}},{"type":"Feature","properties":{"id":"M2055","kind":"river","core":true,"sea":false,"river":true,"stream":false,"lake":false},"geometry":{"type":"Polygon","coordinates":[[[37.628287,55.698283],[37.62552,55.700981],[37.619985,55.700981],[37.617218,55.698283],[37.619985,55.695585],[37.62552,55.695585],[37.628287,55.698283]]]}},{"type":"Feature","properties":{"id":"M2056","kind":"river","core":true,"sea":false,"river":true,"stream":false,"lake":false},"geometry":{"type":"Polygon","coordinates":[[[37.628287,55.703679],[37.62552,55.706377],[37.619985,55.706377],[37.617218,55.703679],[37.619985,55.700981],[37.62552,55.700981],[37.628287,55.703679]]]}},{"type":"Feature","properties":{"id":"M2057","kind":"river","core":false,"sea":false,"river":false,"stream":false,"lake":false},"geometry":{"type":"Polygon","coordinates":[[[37.628287,55.709074],[37.62552,55.711772],[37.619985,55.711772],[37.617218,55.709074],[37.619985,55.706377],[37.62552,55.706377],[37.628287,55.709074]]]}},{"type":"Feature","properties":{"id":"M2063","kind":"river","core":false,"sea":false,"river":false,"stream":false,"lake":false},"geometry":{"type":"Polygon","coordinates":[[[37.628287,55.74145],[37.62552,55.744148],[37.619985,55.744148],[37.617218,55.74145],[37.619985,55.738752],[37.62552,55.738752],[37.628287,55.74145]]]}},{"type":"Feature","properties":{"id":"M2064","kind":"river","core":true,"sea":false,"river":true,"stream":false,"lake":false},"geometry":{"type":"Polygon","coordinates":[[[37.628287,55.746846],[37.62552,55.749544],[37.619985,55.749544],[37.617218,55.746846],[37.619985,55.744148],[37.62552,55.744148],[37.628287,55.746846]]]}},{"type":"Feature","properties":{"id":"M2065","kind":"river","core":true,"sea":false,"river":true,"stream":false,"lake":false},"geometry":{"type":"Polygon","coordinates":[[[37.628287,55.752242],[37.62552,55.75494],[37.619985,55.75494],[37.617218,55.752242],[37.619985,55.749544],[37.62552,55.749544],[37.628287,55.752242]]]}},{"type":"Feature","properties":{"id":"M2066","kind":"river","core":false,"sea":false,"river":false,"stream":false,"lake":false},"geometry":{"type":"Polygon","coordinates":[[[37.628287,55.757638],[37.62552,55.760336],[37.619985,55.760336],[37.617218,55.757638],[37.619985,55.75494],[37.62552,55.75494],[37.628287,55.757638]]]}},{"type":"Feature","properties":{"id":"M2070","kind":"lake","core":true,"sea":false,"river":false,"stream":false,"lake":true},"geometry":{"type":"Polygon","coordinates":[[[37.628287,55.779221],[37.62552,55.781919],[37.619985,55.781919],[37.617218,55.779221],[37.619985,55.776523],[37.62552,55.776523],[37.628287,55.779221]]]}},{"type":"Feature","properties":{"id":"M2071","kind":"lake","core":true,"sea":false,"river":false,"stream":false,"lake":true},"geometry":{"type":"Polygon","coordinates":[[[37.628287,55.784617],[37.62552,55.787315],[37.619985,55.787315],[37.617218,55.784617],[37.619985,55.781919],[37.62552,55.781919],[37.628287,55.784617]]]}},{"type":"Feature","properties":{"id":"M2081","kind":"lake","core":true,"sea":false,"river":false,"stream":false,"lake":true},"geometry":{"type":"Polygon","coordinates":[[[37.628287,55.838577],[37.62552,55.841275],[37.619985,55.841275],[37.617218,55.838577],[37.619985,55.835879],[37.62552,55.835879],[37.628287,55.838577]]]}},{"type":"Feature","properties":{"id":"M2082","kind":"river","core":true,"sea":false,"river":true,"stream":false,"lake":false},"geometry":{"type":"Polygon","coordinates":[[[37.628287,55.843973],[37.62552,55.84667],[37.619985,55.84667],[37.617218,55.843973],[37.619985,55.841275],[37.62552,55.841275],[37.628287,55.843973]]]}},{"type":"Feature","properties":{"id":"M2083","kind":"river","core":false,"sea":false,"river":false,"stream":false,"lake":false},"geometry":{"type":"Polygon","coordinates":[[[37.628287,55.849368],[37.62552,55.852066],[37.619985,55.852066],[37.617218,55.849368],[37.619985,55.84667],[37.62552,55.84667],[37.628287,55.849368]]]}},{"type":"Feature","properties":{"id":"M2086","kind":"river","core":false,"sea":false,"river":false,"stream":false,"lake":false},"geometry":{"type":"Polygon","coordinates":[[[37.628287,55.865556],[37.62552,55.868254],[37.619985,55.868254],[37.617218,55.865556],[37.619985,55.862858],[37.62552,55.862858],[37.628287,55.865556]]]}},{"type":"Feature","properties":{"id":"M2087","kind":"river","core":true,"sea":false,"river":true,"stream":false,"lake":false},"geometry":{"type":"Polygon","coordinates":[[[37.628287,55.870952],[37.62552,55.87365],[37.619985,55.87365],[37.617218,55.870952],[37.619985,55.868254],[37.62552,55.868254],[37.628287,55.870952]]]}},{"type":"Feature","properties":{"id":"M2088","kind":"river","core":false,"sea":false,"river":false,"stream":false,"lake":false},"geometry":{"type":"Polygon","coordinates":[[[37.628287,55.876348],[37.62552,55.879046],[37.619985,55.879046],[37.617218,55.876348],[37.619985,55.87365],[37.62552,55.87365],[37.628287,55.876348]]]}},{"type":"Feature","properties":{"id":"M2089","kind":"river","core":false,"sea":false,"river":false,"stream":false,"lake":false},"geometry":{"type":"Polygon","coordinates":[[[37.628287,55.881744],[37.62552,55.884442],[37.619985,55.884442],[37.617218,55.881744],[37.619985,55.879046],[37.62552,55.879046],[37.628287,55.881744]]]}},{"type":"Feature","properties":{"id":"M2090","kind":"river","core":true,"sea":false,"river":true,"stream":false,"lake":false},"geometry":{"type":"Polygon","coordinates":[[[37.628287,55.88714],[37.62552,55.889838],[37.619985,55.889838],[37.617218,55.88714],[37.619985,55.884442],[37.62552,55.884442],[37.628287,55.88714]]]}},{"type":"Feature","properties":{"id":"M2091","kind":"river","core":true,"sea":false,"river":true,"stream":false,"lake":false},"geometry":{"type":"Polygon","coordinates":[[[37.628287,55.892536],[37.62552,55.895234],[37.619985,55.895234],[37.617218,55.892536],[37.619985,55.889838],[37.62552,55.889838],[37.628287,55.892536]]]}},{"type":"Feature","properties":{"id":"M2092","kind":"river","core":true,"sea":false,"river":true,"stream":false,"lake":false},"geometry":{"type":"Polygon","coordinates":[[[37.628287,55.897932],[37.62552,55.90063],[37.619985,55.90063],[37.617218,55.897932],[37.619985,55.895234],[37.62552,55.895234],[37.628287,55.897932]]]}},{"type":"Feature","properties":{"id":"M2093","kind":"river","core":false,"sea":false,"river":true,"stream":false,"lake":true},"geometry":{"type":"Polygon","coordinates":[[[37.628287,55.903328],[37.62552,55.906026],[37.619985,55.906026],[37.617218,55.903328],[37.619985,55.90063],[37.62552,55.90063],[37.628287,55.903328]]]}},{"type":"Feature","properties":{"id":"M2102","kind":"river","core":false,"sea":false,"river":false,"stream":false,"lake":false},"geometry":{"type":"Polygon","coordinates":[[[37.636588,55.598458],[37.633821,55.601156],[37.628287,55.601156],[37.62552,55.598458],[37.628287,55.59576],[37.633821,55.59576],[37.636588,55.598458]]]}},{"type":"Feature","properties":{"id":"M2103","kind":"river","core":true,"sea":false,"river":true,"stream":false,"lake":true},"geometry":{"type":"Polygon","coordinates":[[[37.636588,55.603854],[37.633821,55.606552],[37.628287,55.606552],[37.62552,55.603854],[37.628287,55.601156],[37.633821,55.601156],[37.636588,55.603854]]]}},{"type":"Feature","properties":{"id":"M2104","kind":"river","core":true,"sea":false,"river":true,"stream":false,"lake":false},"geometry":{"type":"Polygon","coordinates":[[[37.636588,55.60925],[37.633821,55.611948],[37.628287,55.611948],[37.62552,55.60925],[37.628287,55.606552],[37.633821,55.606552],[37.636588,55.60925]]]}},{"type":"Feature","properties":{"id":"M2105","kind":"river","core":false,"sea":false,"river":false,"stream":false,"lake":false},"geometry":{"type":"Polygon","coordinates":[[[37.636588,55.614646],[37.633821,55.617344],[37.628287,55.617344],[37.62552,55.614646],[37.628287,55.611948],[37.633821,55.611948],[37.636588,55.614646]]]}},{"type":"Feature","properties":{"id":"M2109","kind":"river","core":false,"sea":false,"river":false,"stream":false,"lake":false},"geometry":{"type":"Polygon","coordinates":[[[37.636588,55.63623],[37.633821,55.638927],[37.628287,55.638927],[37.62552,55.63623],[37.628287,55.633532],[37.633821,55.633532],[37.636588,55.63623]]]}},{"type":"Feature","properties":{"id":"M2110","kind":"river","core":true,"sea":false,"river":true,"stream":false,"lake":false},"geometry":{"type":"Polygon","coordinates":[[[37.636588,55.641625],[37.633821,55.644323],[37.628287,55.644323],[37.62552,55.641625],[37.628287,55.638927],[37.633821,55.638927],[37.636588,55.641625]]]}},{"type":"Feature","properties":{"id":"M2111","kind":"river","core":false,"sea":false,"river":false,"stream":false,"lake":false},"geometry":{"type":"Polygon","coordinates":[[[37.636588,55.647021],[37.633821,55.649719],[37.628287,55.649719],[37.62552,55.647021],[37.628287,55.644323],[37.633821,55.644323],[37.636588,55.647021]]]}},{"type":"Feature","properties":{"id":"M2117","kind":"river","core":false,"sea":false,"river":false,"stream":false,"lake":false},"geometry":{"type":"Polygon","coordinates":[[[37.636588,55.679397],[37.633821,55.682095],[37.628287,55.682095],[37.62552,55.679397],[37.628287,55.676699],[37.633821,55.676699],[37.636588,55.679397]]]}},{"type":"Feature","properties":{"id":"M2118","kind":"river","core":true,"sea":false,"river":true,"stream":false,"lake":false},"geometry":{"type":"Polygon","coordinates":[[[37.636588,55.684793],[37.633821,55.687491],[37.628287,55.687491],[37.62552,55.684793],[37.628287,55.682095],[37.633821,55.682095],[37.636588,55.684793]]]}},{"type":"Feature","properties":{"id":"M2119","kind":"river","core":true,"sea":false,"river":true,"stream":false,"lake":false},"geometry":{"type":"Polygon","coordinates":[[[37.636588,55.690189],[37.633821,55.692887],[37.628287,55.692887],[37.62552,55.690189],[37.628287,55.687491],[37.633821,55.687491],[37.636588,55.690189]]]}},{"type":"Feature","properties":{"id":"M2120","kind":"river","core":true,"sea":false,"river":true,"stream":false,"lake":false},"geometry":{"type":"Polygon","coordinates":[[[37.636588,55.695585],[37.633821,55.698283],[37.628287,55.698283],[37.62552,55.695585],[37.628287,55.692887],[37.633821,55.692887],[37.636588,55.695585]]]}},{"type":"Feature","properties":{"id":"M2121","kind":"river","core":true,"sea":false,"river":true,"stream":false,"lake":false},"geometry":{"type":"Polygon","coordinates":[[[37.636588,55.700981],[37.633821,55.703679],[37.628287,55.703679],[37.62552,55.700981],[37.628287,55.698283],[37.633821,55.698283],[37.636588,55.700981]]]}},{"type":"Feature","properties":{"id":"M2122","kind":"river","core":true,"sea":false,"river":true,"stream":false,"lake":false},"geometry":{"type":"Polygon","coordinates":[[[37.636588,55.706377],[37.633821,55.709074],[37.628287,55.709074],[37.62552,55.706377],[37.628287,55.703679],[37.633821,55.703679],[37.636588,55.706377]]]}},{"type":"Feature","properties":{"id":"M2123","kind":"river","core":false,"sea":false,"river":false,"stream":false,"lake":false},"geometry":{"type":"Polygon","coordinates":[[[37.636588,55.711772],[37.633821,55.71447],[37.628287,55.71447],[37.62552,55.711772],[37.628287,55.709074],[37.633821,55.709074],[37.636588,55.711772]]]}},{"type":"Feature","properties":{"id":"M2128","kind":"river","core":false,"sea":false,"river":false,"stream":false,"lake":false},"geometry":{"type":"Polygon","coordinates":[[[37.636588,55.738752],[37.633821,55.74145],[37.628287,55.74145],[37.62552,55.738752],[37.628287,55.736054],[37.633821,55.736054],[37.636588,55.738752]]]}},{"type":"Feature","properties":{"id":"M2129","kind":"river","core":true,"sea":false,"river":true,"stream":false,"lake":false},"geometry":{"type":"Polygon","coordinates":[[[37.636588,55.744148],[37.633821,55.746846],[37.628287,55.746846],[37.62552,55.744148],[37.628287,55.74145],[37.633821,55.74145],[37.636588,55.744148]]]}},{"type":"Feature","properties":{"id":"M2130","kind":"river","core":true,"sea":false,"river":true,"stream":false,"lake":false},"geometry":{"type":"Polygon","coordinates":[[[37.636588,55.749544],[37.633821,55.752242],[37.628287,55.752242],[37.62552,55.749544],[37.628287,55.746846],[37.633821,55.746846],[37.636588,55.749544]]]}},{"type":"Feature","properties":{"id":"M2131","kind":"river","core":false,"sea":false,"river":false,"stream":false,"lake":false},"geometry":{"type":"Polygon","coordinates":[[[37.636588,55.75494],[37.633821,55.757638],[37.628287,55.757638],[37.62552,55.75494],[37.628287,55.752242],[37.633821,55.752242],[37.636588,55.75494]]]}},{"type":"Feature","properties":{"id":"M2146","kind":"river","core":false,"sea":false,"river":false,"stream":false,"lake":false},"geometry":{"type":"Polygon","coordinates":[[[37.636588,55.835879],[37.633821,55.838577],[37.628287,55.838577],[37.62552,55.835879],[37.628287,55.833181],[37.633821,55.833181],[37.636588,55.835879]]]}},{"type":"Feature","properties":{"id":"M2147","kind":"river","core":true,"sea":false,"river":true,"stream":false,"lake":true},"geometry":{"type":"Polygon","coordinates":[[[37.636588,55.841275],[37.633821,55.843973],[37.628287,55.843973],[37.62552,55.841275],[37.628287,55.838577],[37.633821,55.838577],[37.636588,55.841275]]]}},{"type":"Feature","properties":{"id":"M2148","kind":"river","core":true,"sea":false,"river":true,"stream":false,"lake":false},"geometry":{"type":"Polygon","coordinates":[[[37.636588,55.84667],[37.633821,55.849368],[37.628287,55.849368],[37.62552,55.84667],[37.628287,55.843973],[37.633821,55.843973],[37.636588,55.84667]]]}},{"type":"Feature","properties":{"id":"M2149","kind":"river","core":true,"sea":false,"river":true,"stream":false,"lake":true},"geometry":{"type":"Polygon","coordinates":[[[37.636588,55.852066],[37.633821,55.854764],[37.628287,55.854764],[37.62552,55.852066],[37.628287,55.849368],[37.633821,55.849368],[37.636588,55.852066]]]}},{"type":"Feature","properties":{"id":"M2150","kind":"river","core":true,"sea":false,"river":true,"stream":false,"lake":false},"geometry":{"type":"Polygon","coordinates":[[[37.636588,55.857462],[37.633821,55.86016],[37.628287,55.86016],[37.62552,55.857462],[37.628287,55.854764],[37.633821,55.854764],[37.636588,55.857462]]]}},{"type":"Feature","properties":{"id":"M2151","kind":"river","core":true,"sea":false,"river":true,"stream":false,"lake":false},"geometry":{"type":"Polygon","coordinates":[[[37.636588,55.862858],[37.633821,55.865556],[37.628287,55.865556],[37.62552,55.862858],[37.628287,55.86016],[37.633821,55.86016],[37.636588,55.862858]]]}},{"type":"Feature","properties":{"id":"M2152","kind":"river","core":true,"sea":false,"river":true,"stream":false,"lake":false},"geometry":{"type":"Polygon","coordinates":[[[37.636588,55.868254],[37.633821,55.870952],[37.628287,55.870952],[37.62552,55.868254],[37.628287,55.865556],[37.633821,55.865556],[37.636588,55.868254]]]}},{"type":"Feature","properties":{"id":"M2153","kind":"lake","core":true,"sea":false,"river":false,"stream":false,"lake":true},"geometry":{"type":"Polygon","coordinates":[[[37.636588,55.87365],[37.633821,55.876348],[37.628287,55.876348],[37.62552,55.87365],[37.628287,55.870952],[37.633821,55.870952],[37.636588,55.87365]]]}},{"type":"Feature","properties":{"id":"M2169","kind":"river","core":false,"sea":false,"river":false,"stream":false,"lake":false},"geometry":{"type":"Polygon","coordinates":[[[37.644889,55.606552],[37.642122,55.60925],[37.636588,55.60925],[37.633821,55.606552],[37.636588,55.603854],[37.642122,55.603854],[37.644889,55.606552]]]}},{"type":"Feature","properties":{"id":"M2170","kind":"river","core":true,"sea":false,"river":true,"stream":false,"lake":false},"geometry":{"type":"Polygon","coordinates":[[[37.644889,55.611948],[37.642122,55.614646],[37.636588,55.614646],[37.633821,55.611948],[37.636588,55.60925],[37.642122,55.60925],[37.644889,55.611948]]]}},{"type":"Feature","properties":{"id":"M2171","kind":"river","core":false,"sea":false,"river":false,"stream":false,"lake":false},"geometry":{"type":"Polygon","coordinates":[[[37.644889,55.617344],[37.642122,55.620042],[37.636588,55.620042],[37.633821,55.617344],[37.636588,55.614646],[37.642122,55.614646],[37.644889,55.617344]]]}},{"type":"Feature","properties":{"id":"M2174","kind":"river","core":false,"sea":false,"river":false,"stream":false,"lake":false},"geometry":{"type":"Polygon","coordinates":[[[37.644889,55.633532],[37.642122,55.63623],[37.636588,55.63623],[37.633821,55.633532],[37.636588,55.630834],[37.642122,55.630834],[37.644889,55.633532]]]}},{"type":"Feature","properties":{"id":"M2175","kind":"river","core":true,"sea":false,"river":true,"stream":false,"lake":false},"geometry":{"type":"Polygon","coordinates":[[[37.644889,55.638927],[37.642122,55.641625],[37.636588,55.641625],[37.633821,55.638927],[37.636588,55.63623],[37.642122,55.63623],[37.644889,55.638927]]]}},{"type":"Feature","properties":{"id":"M2176","kind":"river","core":false,"sea":false,"river":false,"stream":false,"lake":false},"geometry":{"type":"Polygon","coordinates":[[[37.644889,55.644323],[37.642122,55.647021],[37.636588,55.647021],[37.633821,55.644323],[37.636588,55.641625],[37.642122,55.641625],[37.644889,55.644323]]]}},{"type":"Feature","properties":{"id":"M2182","kind":"river","core":false,"sea":false,"river":false,"stream":false,"lake":false},"geometry":{"type":"Polygon","coordinates":[[[37.644889,55.676699],[37.642122,55.679397],[37.636588,55.679397],[37.633821,55.676699],[37.636588,55.674001],[37.642122,55.674001],[37.644889,55.676699]]]}},{"type":"Feature","properties":{"id":"M2183","kind":"river","core":true,"sea":false,"river":true,"stream":false,"lake":false},"geometry":{"type":"Polygon","coordinates":[[[37.644889,55.682095],[37.642122,55.684793],[37.636588,55.684793],[37.633821,55.682095],[37.636588,55.679397],[37.642122,55.679397],[37.644889,55.682095]]]}},{"type":"Feature","properties":{"id":"M2184","kind":"river","core":true,"sea":false,"river":true,"stream":false,"lake":false},"geometry":{"type":"Polygon","coordinates":[[[37.644889,55.687491],[37.642122,55.690189],[37.636588,55.690189],[37.633821,55.687491],[37.636588,55.684793],[37.642122,55.684793],[37.644889,55.687491]]]}},{"type":"Feature","properties":{"id":"M2185","kind":"lake","core":true,"sea":false,"river":false,"stream":false,"lake":true},"geometry":{"type":"Polygon","coordinates":[[[37.644889,55.692887],[37.642122,55.695585],[37.636588,55.695585],[37.633821,55.692887],[37.636588,55.690189],[37.642122,55.690189],[37.644889,55.692887]]]}},{"type":"Feature","properties":{"id":"M2186","kind":"river","core":false,"sea":false,"river":false,"stream":false,"lake":false},"geometry":{"type":"Polygon","coordinates":[[[37.644889,55.698283],[37.642122,55.700981],[37.636588,55.700981],[37.633821,55.698283],[37.636588,55.695585],[37.642122,55.695585],[37.644889,55.698283]]]}},{"type":"Feature","properties":{"id":"M2187","kind":"river","core":true,"sea":false,"river":true,"stream":false,"lake":false},"geometry":{"type":"Polygon","coordinates":[[[37.644889,55.703679],[37.642122,55.706377],[37.636588,55.706377],[37.633821,55.703679],[37.636588,55.700981],[37.642122,55.700981],[37.644889,55.703679]]]}},{"type":"Feature","properties":{"id":"M2188","kind":"river","core":true,"sea":false,"river":true,"stream":false,"lake":false},"geometry":{"type":"Polygon","coordinates":[[[37.644889,55.709074],[37.642122,55.711772],[37.636588,55.711772],[37.633821,55.709074],[37.636588,55.706377],[37.642122,55.706377],[37.644889,55.709074]]]}},{"type":"Feature","properties":{"id":"M2189","kind":"river","core":false,"sea":false,"river":false,"stream":false,"lake":false},"geometry":{"type":"Polygon","coordinates":[[[37.644889,55.71447],[37.642122,55.717168],[37.636588,55.717168],[37.633821,55.71447],[37.636588,55.711772],[37.642122,55.711772],[37.644889,55.71447]]]}},{"type":"Feature","properties":{"id":"M2191","kind":"river","core":false,"sea":false,"river":false,"stream":false,"lake":false},"geometry":{"type":"Polygon","coordinates":[[[37.644889,55.725262],[37.642122,55.72796],[37.636588,55.72796],[37.633821,55.725262],[37.636588,55.722564],[37.642122,55.722564],[37.644889,55.725262]]]}},{"type":"Feature","properties":{"id":"M2192","kind":"river","core":true,"sea":false,"river":true,"stream":false,"lake":false},"geometry":{"type":"Polygon","coordinates":[[[37.644889,55.730658],[37.642122,55.733356],[37.636588,55.733356],[37.633821,55.730658],[37.636588,55.72796],[37.642122,55.72796],[37.644889,55.730658]]]}},{"type":"Feature","properties":{"id":"M2193","kind":"river","core":true,"sea":false,"river":true,"stream":false,"lake":false},"geometry":{"type":"Polygon","coordinates":[[[37.644889,55.736054],[37.642122,55.738752],[37.636588,55.738752],[37.633821,55.736054],[37.636588,55.733356],[37.642122,55.733356],[37.644889,55.736054]]]}},{"type":"Feature","properties":{"id":"M2194","kind":"river","core":true,"sea":false,"river":true,"stream":false,"lake":false},"geometry":{"type":"Polygon","coordinates":[[[37.644889,55.74145],[37.642122,55.744148],[37.636588,55.744148],[37.633821,55.74145],[37.636588,55.738752],[37.642122,55.738752],[37.644889,55.74145]]]}},{"type":"Feature","properties":{"id":"M2195","kind":"river","core":true,"sea":false,"river":true,"stream":false,"lake":false},"geometry":{"type":"Polygon","coordinates":[[[37.644889,55.746846],[37.642122,55.749544],[37.636588,55.749544],[37.633821,55.746846],[37.636588,55.744148],[37.642122,55.744148],[37.644889,55.746846]]]}},{"type":"Feature","properties":{"id":"M2196","kind":"river","core":false,"sea":false,"river":false,"stream":false,"lake":false},"geometry":{"type":"Polygon","coordinates":[[[37.644889,55.752242],[37.642122,55.75494],[37.636588,55.75494],[37.633821,55.752242],[37.636588,55.749544],[37.642122,55.749544],[37.644889,55.752242]]]}},{"type":"Feature","properties":{"id":"M2211","kind":"river","core":false,"sea":false,"river":false,"stream":false,"lake":false},"geometry":{"type":"Polygon","coordinates":[[[37.644889,55.833181],[37.642122,55.835879],[37.636588,55.835879],[37.633821,55.833181],[37.636588,55.830483],[37.642122,55.830483],[37.644889,55.833181]]]}},{"type":"Feature","properties":{"id":"M2212","kind":"river","core":true,"sea":false,"river":true,"stream":false,"lake":true},"geometry":{"type":"Polygon","coordinates":[[[37.644889,55.838577],[37.642122,55.841275],[37.636588,55.841275],[37.633821,55.838577],[37.636588,55.835879],[37.642122,55.835879],[37.644889,55.838577]]]}},{"type":"Feature","properties":{"id":"M2213","kind":"lake","core":true,"sea":false,"river":false,"stream":false,"lake":true},"geometry":{"type":"Polygon","coordinates":[[[37.644889,55.843973],[37.642122,55.84667],[37.636588,55.84667],[37.633821,55.843973],[37.636588,55.841275],[37.642122,55.841275],[37.644889,55.843973]]]}},{"type":"Feature","properties":{"id":"M2214","kind":"river","core":false,"sea":false,"river":false,"stream":false,"lake":false},"geometry":{"type":"Polygon","coordinates":[[[37.644889,55.849368],[37.642122,55.852066],[37.636588,55.852066],[37.633821,55.849368],[37.636588,55.84667],[37.642122,55.84667],[37.644889,55.849368]]]}},{"type":"Feature","properties":{"id":"M2215","kind":"river","core":true,"sea":false,"river":true,"stream":false,"lake":false},"geometry":{"type":"Polygon","coordinates":[[[37.644889,55.854764],[37.642122,55.857462],[37.636588,55.857462],[37.633821,55.854764],[37.636588,55.852066],[37.642122,55.852066],[37.644889,55.854764]]]}},{"type":"Feature","properties":{"id":"M2216","kind":"river","core":true,"sea":false,"river":true,"stream":false,"lake":false},"geometry":{"type":"Polygon","coordinates":[[[37.644889,55.86016],[37.642122,55.862858],[37.636588,55.862858],[37.633821,55.86016],[37.636588,55.857462],[37.642122,55.857462],[37.644889,55.86016]]]}},{"type":"Feature","properties":{"id":"M2217","kind":"river","core":true,"sea":false,"river":true,"stream":false,"lake":true},"geometry":{"type":"Polygon","coordinates":[[[37.644889,55.865556],[37.642122,55.868254],[37.636588,55.868254],[37.633821,55.865556],[37.636588,55.862858],[37.642122,55.862858],[37.644889,55.865556]]]}},{"type":"Feature","properties":{"id":"M2218","kind":"river","core":false,"sea":false,"river":false,"stream":false,"lake":false},"geometry":{"type":"Polygon","coordinates":[[[37.644889,55.870952],[37.642122,55.87365],[37.636588,55.87365],[37.633821,55.870952],[37.636588,55.868254],[37.642122,55.868254],[37.644889,55.870952]]]}},{"type":"Feature","properties":{"id":"M2235","kind":"river","core":false,"sea":false,"river":false,"stream":false,"lake":false},"geometry":{"type":"Polygon","coordinates":[[[37.65319,55.60925],[37.650423,55.611948],[37.644889,55.611948],[37.642122,55.60925],[37.644889,55.606552],[37.650423,55.606552],[37.65319,55.60925]]]}},{"type":"Feature","properties":{"id":"M2236","kind":"river","core":true,"sea":false,"river":true,"stream":false,"lake":false},"geometry":{"type":"Polygon","coordinates":[[[37.65319,55.614646],[37.650423,55.617344],[37.644889,55.617344],[37.642122,55.614646],[37.644889,55.611948],[37.650423,55.611948],[37.65319,55.614646]]]}},{"type":"Feature","properties":{"id":"M2237","kind":"lake","core":true,"sea":false,"river":false,"stream":false,"lake":true},"geometry":{"type":"Polygon","coordinates":[[[37.65319,55.620042],[37.650423,55.62274],[37.644889,55.62274],[37.642122,55.620042],[37.644889,55.617344],[37.650423,55.617344],[37.65319,55.620042]]]}},{"type":"Feature","properties":{"id":"M2240","kind":"river","core":false,"sea":false,"river":false,"stream":false,"lake":false},"geometry":{"type":"Polygon","coordinates":[[[37.65319,55.63623],[37.650423,55.638927],[37.644889,55.638927],[37.642122,55.63623],[37.644889,55.633532],[37.650423,55.633532],[37.65319,55.63623]]]}},{"type":"Feature","properties":{"id":"M2241","kind":"river","core":true,"sea":false,"river":true,"stream":false,"lake":false},"geometry":{"type":"Polygon","coordinates":[[[37.65319,55.641625],[37.650423,55.644323],[37.644889,55.644323],[37.642122,55.641625],[37.644889,55.638927],[37.650423,55.638927],[37.65319,55.641625]]]}},{"type":"Feature","properties":{"id":"M2242","kind":"river","core":false,"sea":false,"river":false,"stream":false,"lake":false},"geometry":{"type":"Polygon","coordinates":[[[37.65319,55.647021],[37.650423,55.649719],[37.644889,55.649719],[37.642122,55.647021],[37.644889,55.644323],[37.650423,55.644323],[37.65319,55.647021]]]}},{"type":"Feature","properties":{"id":"M2248","kind":"river","core":false,"sea":false,"river":false,"stream":false,"lake":false},"geometry":{"type":"Polygon","coordinates":[[[37.65319,55.679397],[37.650423,55.682095],[37.644889,55.682095],[37.642122,55.679397],[37.644889,55.676699],[37.650423,55.676699],[37.65319,55.679397]]]}},{"type":"Feature","properties":{"id":"M2249","kind":"river","core":true,"sea":false,"river":true,"stream":false,"lake":false},"geometry":{"type":"Polygon","coordinates":[[[37.65319,55.684793],[37.650423,55.687491],[37.644889,55.687491],[37.642122,55.684793],[37.644889,55.682095],[37.650423,55.682095],[37.65319,55.684793]]]}},{"type":"Feature","properties":{"id":"M2250","kind":"river","core":true,"sea":false,"river":true,"stream":false,"lake":false},"geometry":{"type":"Polygon","coordinates":[[[37.65319,55.690189],[37.650423,55.692887],[37.644889,55.692887],[37.642122,55.690189],[37.644889,55.687491],[37.650423,55.687491],[37.65319,55.690189]]]}},{"type":"Feature","properties":{"id":"M2251","kind":"river","core":false,"sea":false,"river":false,"stream":false,"lake":false},"geometry":{"type":"Polygon","coordinates":[[[37.65319,55.695585],[37.650423,55.698283],[37.644889,55.698283],[37.642122,55.695585],[37.644889,55.692887],[37.650423,55.692887],[37.65319,55.695585]]]}},{"type":"Feature","properties":{"id":"M2252","kind":"river","core":false,"sea":false,"river":false,"stream":false,"lake":false},"geometry":{"type":"Polygon","coordinates":[[[37.65319,55.700981],[37.650423,55.703679],[37.644889,55.703679],[37.642122,55.700981],[37.644889,55.698283],[37.650423,55.698283],[37.65319,55.700981]]]}},{"type":"Feature","properties":{"id":"M2253","kind":"river","core":true,"sea":false,"river":true,"stream":false,"lake":false},"geometry":{"type":"Polygon","coordinates":[[[37.65319,55.706377],[37.650423,55.709074],[37.644889,55.709074],[37.642122,55.706377],[37.644889,55.703679],[37.650423,55.703679],[37.65319,55.706377]]]}},{"type":"Feature","properties":{"id":"M2254","kind":"river","core":true,"sea":false,"river":true,"stream":false,"lake":false},"geometry":{"type":"Polygon","coordinates":[[[37.65319,55.711772],[37.650423,55.71447],[37.644889,55.71447],[37.642122,55.711772],[37.644889,55.709074],[37.650423,55.709074],[37.65319,55.711772]]]}},{"type":"Feature","properties":{"id":"M2255","kind":"river","core":true,"sea":false,"river":true,"stream":false,"lake":false},"geometry":{"type":"Polygon","coordinates":[[[37.65319,55.717168],[37.650423,55.719866],[37.644889,55.719866],[37.642122,55.717168],[37.644889,55.71447],[37.650423,55.71447],[37.65319,55.717168]]]}},{"type":"Feature","properties":{"id":"M2256","kind":"river","core":false,"sea":false,"river":false,"stream":false,"lake":false},"geometry":{"type":"Polygon","coordinates":[[[37.65319,55.722564],[37.650423,55.725262],[37.644889,55.725262],[37.642122,55.722564],[37.644889,55.719866],[37.650423,55.719866],[37.65319,55.722564]]]}},{"type":"Feature","properties":{"id":"M2257","kind":"river","core":true,"sea":false,"river":true,"stream":false,"lake":false},"geometry":{"type":"Polygon","coordinates":[[[37.65319,55.72796],[37.650423,55.730658],[37.644889,55.730658],[37.642122,55.72796],[37.644889,55.725262],[37.650423,55.725262],[37.65319,55.72796]]]}},{"type":"Feature","properties":{"id":"M2258","kind":"river","core":true,"sea":false,"river":true,"stream":false,"lake":false},"geometry":{"type":"Polygon","coordinates":[[[37.65319,55.733356],[37.650423,55.736054],[37.644889,55.736054],[37.642122,55.733356],[37.644889,55.730658],[37.650423,55.730658],[37.65319,55.733356]]]}},{"type":"Feature","properties":{"id":"M2259","kind":"river","core":true,"sea":false,"river":true,"stream":false,"lake":false},"geometry":{"type":"Polygon","coordinates":[[[37.65319,55.738752],[37.650423,55.74145],[37.644889,55.74145],[37.642122,55.738752],[37.644889,55.736054],[37.650423,55.736054],[37.65319,55.738752]]]}},{"type":"Feature","properties":{"id":"M2260","kind":"river","core":true,"sea":false,"river":true,"stream":false,"lake":false},"geometry":{"type":"Polygon","coordinates":[[[37.65319,55.744148],[37.650423,55.746846],[37.644889,55.746846],[37.642122,55.744148],[37.644889,55.74145],[37.650423,55.74145],[37.65319,55.744148]]]}},{"type":"Feature","properties":{"id":"M2261","kind":"river","core":true,"sea":false,"river":true,"stream":false,"lake":false},"geometry":{"type":"Polygon","coordinates":[[[37.65319,55.749544],[37.650423,55.752242],[37.644889,55.752242],[37.642122,55.749544],[37.644889,55.746846],[37.650423,55.746846],[37.65319,55.749544]]]}},{"type":"Feature","properties":{"id":"M2262","kind":"river","core":false,"sea":false,"river":false,"stream":false,"lake":false},"geometry":{"type":"Polygon","coordinates":[[[37.65319,55.75494],[37.650423,55.757638],[37.644889,55.757638],[37.642122,55.75494],[37.644889,55.752242],[37.650423,55.752242],[37.65319,55.75494]]]}},{"type":"Feature","properties":{"id":"M2263","kind":"lake","core":true,"sea":false,"river":false,"stream":false,"lake":true},"geometry":{"type":"Polygon","coordinates":[[[37.65319,55.760336],[37.650423,55.763034],[37.644889,55.763034],[37.642122,55.760336],[37.644889,55.757638],[37.650423,55.757638],[37.65319,55.760336]]]}},{"type":"Feature","properties":{"id":"M2276","kind":"river","core":false,"sea":false,"river":false,"stream":false,"lake":false},"geometry":{"type":"Polygon","coordinates":[[[37.65319,55.830483],[37.650423,55.833181],[37.644889,55.833181],[37.642122,55.830483],[37.644889,55.827785],[37.650423,55.827785],[37.65319,55.830483]]]}},{"type":"Feature","properties":{"id":"M2277","kind":"river","core":true,"sea":false,"river":true,"stream":false,"lake":false},"geometry":{"type":"Polygon","coordinates":[[[37.65319,55.835879],[37.650423,55.838577],[37.644889,55.838577],[37.642122,55.835879],[37.644889,55.833181],[37.650423,55.833181],[37.65319,55.835879]]]}},{"type":"Feature","properties":{"id":"M2278","kind":"river","core":true,"sea":false,"river":true,"stream":false,"lake":true},"geometry":{"type":"Polygon","coordinates":[[[37.65319,55.841275],[37.650423,55.843973],[37.644889,55.843973],[37.642122,55.841275],[37.644889,55.838577],[37.650423,55.838577],[37.65319,55.841275]]]}},{"type":"Feature","properties":{"id":"M2279","kind":"river","core":false,"sea":false,"river":false,"stream":false,"lake":false},"geometry":{"type":"Polygon","coordinates":[[[37.65319,55.84667],[37.650423,55.849368],[37.644889,55.849368],[37.642122,55.84667],[37.644889,55.843973],[37.650423,55.843973],[37.65319,55.84667]]]}},{"type":"Feature","properties":{"id":"M2280","kind":"lake","core":true,"sea":false,"river":false,"stream":false,"lake":true},"geometry":{"type":"Polygon","coordinates":[[[37.65319,55.852066],[37.650423,55.854764],[37.644889,55.854764],[37.642122,55.852066],[37.644889,55.849368],[37.650423,55.849368],[37.65319,55.852066]]]}},{"type":"Feature","properties":{"id":"M2281","kind":"river","core":false,"sea":false,"river":false,"stream":false,"lake":false},"geometry":{"type":"Polygon","coordinates":[[[37.65319,55.857462],[37.650423,55.86016],[37.644889,55.86016],[37.642122,55.857462],[37.644889,55.854764],[37.650423,55.854764],[37.65319,55.857462]]]}},{"type":"Feature","properties":{"id":"M2282","kind":"river","core":true,"sea":false,"river":true,"stream":false,"lake":false},"geometry":{"type":"Polygon","coordinates":[[[37.65319,55.862858],[37.650423,55.865556],[37.644889,55.865556],[37.642122,55.862858],[37.644889,55.86016],[37.650423,55.86016],[37.65319,55.862858]]]}},{"type":"Feature","properties":{"id":"M2283","kind":"river","core":true,"sea":false,"river":true,"stream":false,"lake":false},"geometry":{"type":"Polygon","coordinates":[[[37.65319,55.868254],[37.650423,55.870952],[37.644889,55.870952],[37.642122,55.868254],[37.644889,55.865556],[37.650423,55.865556],[37.65319,55.868254]]]}},{"type":"Feature","properties":{"id":"M2284","kind":"river","core":false,"sea":false,"river":false,"stream":false,"lake":false},"geometry":{"type":"Polygon","coordinates":[[[37.65319,55.87365],[37.650423,55.876348],[37.644889,55.876348],[37.642122,55.87365],[37.644889,55.870952],[37.650423,55.870952],[37.65319,55.87365]]]}},{"type":"Feature","properties":{"id":"M2295","kind":"lake","core":true,"sea":false,"river":false,"stream":false,"lake":true},"geometry":{"type":"Polygon","coordinates":[[[37.661492,55.579572],[37.658725,55.58227],[37.65319,55.58227],[37.650423,55.579572],[37.65319,55.576874],[37.658725,55.576874],[37.661492,55.579572]]]}},{"type":"Feature","properties":{"id":"M2300","kind":"river","core":false,"sea":false,"river":false,"stream":false,"lake":false},"geometry":{"type":"Polygon","coordinates":[[[37.661492,55.606552],[37.658725,55.60925],[37.65319,55.60925],[37.650423,55.606552],[37.65319,55.603854],[37.658725,55.603854],[37.661492,55.606552]]]}},{"type":"Feature","properties":{"id":"M2301","kind":"river","core":true,"sea":false,"river":true,"stream":false,"lake":false},"geometry":{"type":"Polygon","coordinates":[[[37.661492,55.611948],[37.658725,55.614646],[37.65319,55.614646],[37.650423,55.611948],[37.65319,55.60925],[37.658725,55.60925],[37.661492,55.611948]]]}},{"type":"Feature","properties":{"id":"M2302","kind":"river","core":true,"sea":false,"river":true,"stream":false,"lake":false},"geometry":{"type":"Polygon","coordinates":[[[37.661492,55.617344],[37.658725,55.620042],[37.65319,55.620042],[37.650423,55.617344],[37.65319,55.614646],[37.658725,55.614646],[37.661492,55.617344]]]}},{"type":"Feature","properties":{"id":"M2303","kind":"river","core":false,"sea":false,"river":false,"stream":false,"lake":false},"geometry":{"type":"Polygon","coordinates":[[[37.661492,55.62274],[37.658725,55.625438],[37.65319,55.625438],[37.650423,55.62274],[37.65319,55.620042],[37.658725,55.620042],[37.661492,55.62274]]]}},{"type":"Feature","properties":{"id":"M2305","kind":"river","core":false,"sea":false,"river":false,"stream":false,"lake":false},"geometry":{"type":"Polygon","coordinates":[[[37.661492,55.633532],[37.658725,55.63623],[37.65319,55.63623],[37.650423,55.633532],[37.65319,55.630834],[37.658725,55.630834],[37.661492,55.633532]]]}},{"type":"Feature","properties":{"id":"M2306","kind":"river","core":true,"sea":false,"river":true,"stream":false,"lake":false},"geometry":{"type":"Polygon","coordinates":[[[37.661492,55.638927],[37.658725,55.641625],[37.65319,55.641625],[37.650423,55.638927],[37.65319,55.63623],[37.658725,55.63623],[37.661492,55.638927]]]}},{"type":"Feature","properties":{"id":"M2307","kind":"river","core":true,"sea":false,"river":true,"stream":false,"lake":false},"geometry":{"type":"Polygon","coordinates":[[[37.661492,55.644323],[37.658725,55.647021],[37.65319,55.647021],[37.650423,55.644323],[37.65319,55.641625],[37.658725,55.641625],[37.661492,55.644323]]]}},{"type":"Feature","properties":{"id":"M2308","kind":"river","core":false,"sea":false,"river":false,"stream":false,"lake":false},"geometry":{"type":"Polygon","coordinates":[[[37.661492,55.649719],[37.658725,55.652417],[37.65319,55.652417],[37.650423,55.649719],[37.65319,55.647021],[37.658725,55.647021],[37.661492,55.649719]]]}},{"type":"Feature","properties":{"id":"M2313","kind":"river","core":false,"sea":false,"river":false,"stream":false,"lake":false},"geometry":{"type":"Polygon","coordinates":[[[37.661492,55.676699],[37.658725,55.679397],[37.65319,55.679397],[37.650423,55.676699],[37.65319,55.674001],[37.658725,55.674001],[37.661492,55.676699]]]}},{"type":"Feature","properties":{"id":"M2314","kind":"river","core":true,"sea":false,"river":true,"stream":false,"lake":false},"geometry":{"type":"Polygon","coordinates":[[[37.661492,55.682095],[37.658725,55.684793],[37.65319,55.684793],[37.650423,55.682095],[37.65319,55.679397],[37.658725,55.679397],[37.661492,55.682095]]]}},{"type":"Feature","properties":{"id":"M2315","kind":"river","core":true,"sea":false,"river":true,"stream":false,"lake":false},"geometry":{"type":"Polygon","coordinates":[[[37.661492,55.687491],[37.658725,55.690189],[37.65319,55.690189],[37.650423,55.687491],[37.65319,55.684793],[37.658725,55.684793],[37.661492,55.687491]]]}},{"type":"Feature","properties":{"id":"M2316","kind":"river","core":true,"sea":false,"river":true,"stream":false,"lake":false},"geometry":{"type":"Polygon","coordinates":[[[37.661492,55.692887],[37.658725,55.695585],[37.65319,55.695585],[37.650423,55.692887],[37.65319,55.690189],[37.658725,55.690189],[37.661492,55.692887]]]}},{"type":"Feature","properties":{"id":"M2317","kind":"river","core":false,"sea":false,"river":false,"stream":false,"lake":false},"geometry":{"type":"Polygon","coordinates":[[[37.661492,55.698283],[37.658725,55.700981],[37.65319,55.700981],[37.650423,55.698283],[37.65319,55.695585],[37.658725,55.695585],[37.661492,55.698283]]]}},{"type":"Feature","properties":{"id":"M2318","kind":"river","core":false,"sea":false,"river":false,"stream":false,"lake":false},"geometry":{"type":"Polygon","coordinates":[[[37.661492,55.703679],[37.658725,55.706377],[37.65319,55.706377],[37.650423,55.703679],[37.65319,55.700981],[37.658725,55.700981],[37.661492,55.703679]]]}},{"type":"Feature","properties":{"id":"M2319","kind":"river","core":true,"sea":false,"river":true,"stream":false,"lake":false},"geometry":{"type":"Polygon","coordinates":[[[37.661492,55.709074],[37.658725,55.711772],[37.65319,55.711772],[37.650423,55.709074],[37.65319,55.706377],[37.658725,55.706377],[37.661492,55.709074]]]}},{"type":"Feature","properties":{"id":"M2320","kind":"river","core":false,"sea":false,"river":false,"stream":false,"lake":false},"geometry":{"type":"Polygon","coordinates":[[[37.661492,55.71447],[37.658725,55.717168],[37.65319,55.717168],[37.650423,55.71447],[37.65319,55.711772],[37.658725,55.711772],[37.661492,55.71447]]]}},{"type":"Feature","properties":{"id":"M2321","kind":"river","core":true,"sea":false,"river":true,"stream":false,"lake":false},"geometry":{"type":"Polygon","coordinates":[[[37.661492,55.719866],[37.658725,55.722564],[37.65319,55.722564],[37.650423,55.719866],[37.65319,55.717168],[37.658725,55.717168],[37.661492,55.719866]]]}},{"type":"Feature","properties":{"id":"M2322","kind":"river","core":true,"sea":false,"river":true,"stream":false,"lake":false},"geometry":{"type":"Polygon","coordinates":[[[37.661492,55.725262],[37.658725,55.72796],[37.65319,55.72796],[37.650423,55.725262],[37.65319,55.722564],[37.658725,55.722564],[37.661492,55.725262]]]}},{"type":"Feature","properties":{"id":"M2323","kind":"river","core":true,"sea":false,"river":true,"stream":false,"lake":true},"geometry":{"type":"Polygon","coordinates":[[[37.661492,55.730658],[37.658725,55.733356],[37.65319,55.733356],[37.650423,55.730658],[37.65319,55.72796],[37.658725,55.72796],[37.661492,55.730658]]]}},{"type":"Feature","properties":{"id":"M2324","kind":"river","core":false,"sea":false,"river":false,"stream":false,"lake":false},"geometry":{"type":"Polygon","coordinates":[[[37.661492,55.736054],[37.658725,55.738752],[37.65319,55.738752],[37.650423,55.736054],[37.65319,55.733356],[37.658725,55.733356],[37.661492,55.736054]]]}},{"type":"Feature","properties":{"id":"M2326","kind":"river","core":false,"sea":false,"river":false,"stream":false,"lake":false},"geometry":{"type":"Polygon","coordinates":[[[37.661492,55.746846],[37.658725,55.749544],[37.65319,55.749544],[37.650423,55.746846],[37.65319,55.744148],[37.658725,55.744148],[37.661492,55.746846]]]}},{"type":"Feature","properties":{"id":"M2327","kind":"river","core":true,"sea":false,"river":true,"stream":false,"lake":false},"geometry":{"type":"Polygon","coordinates":[[[37.661492,55.752242],[37.658725,55.75494],[37.65319,55.75494],[37.650423,55.752242],[37.65319,55.749544],[37.658725,55.749544],[37.661492,55.752242]]]}},{"type":"Feature","properties":{"id":"M2328","kind":"river","core":false,"sea":false,"river":false,"stream":false,"lake":false},"geometry":{"type":"Polygon","coordinates":[[[37.661492,55.757638],[37.658725,55.760336],[37.65319,55.760336],[37.650423,55.757638],[37.65319,55.75494],[37.658725,55.75494],[37.661492,55.757638]]]}},{"type":"Feature","properties":{"id":"M2340","kind":"river","core":false,"sea":false,"river":false,"stream":false,"lake":false},"geometry":{"type":"Polygon","coordinates":[[[37.661492,55.822389],[37.658725,55.825087],[37.65319,55.825087],[37.650423,55.822389],[37.65319,55.819691],[37.658725,55.819691],[37.661492,55.822389]]]}},{"type":"Feature","properties":{"id":"M2341","kind":"river","core":true,"sea":false,"river":true,"stream":false,"lake":false},"geometry":{"type":"Polygon","coordinates":[[[37.661492,55.827785],[37.658725,55.830483],[37.65319,55.830483],[37.650423,55.827785],[37.65319,55.825087],[37.658725,55.825087],[37.661492,55.827785]]]}},{"type":"Feature","properties":{"id":"M2342","kind":"river","core":true,"sea":false,"river":true,"stream":false,"lake":false},"geometry":{"type":"Polygon","coordinates":[[[37.661492,55.833181],[37.658725,55.835879],[37.65319,55.835879],[37.650423,55.833181],[37.65319,55.830483],[37.658725,55.830483],[37.661492,55.833181]]]}},{"type":"Feature","properties":{"id":"M2343","kind":"river","core":false,"sea":false,"river":false,"stream":false,"lake":false},"geometry":{"type":"Polygon","coordinates":[[[37.661492,55.838577],[37.658725,55.841275],[37.65319,55.841275],[37.650423,55.838577],[37.65319,55.835879],[37.658725,55.835879],[37.661492,55.838577]]]}},{"type":"Feature","properties":{"id":"M2348","kind":"river","core":false,"sea":false,"river":false,"stream":false,"lake":false},"geometry":{"type":"Polygon","coordinates":[[[37.661492,55.865556],[37.658725,55.868254],[37.65319,55.868254],[37.650423,55.865556],[37.65319,55.862858],[37.658725,55.862858],[37.661492,55.865556]]]}},{"type":"Feature","properties":{"id":"M2349","kind":"river","core":true,"sea":false,"river":true,"stream":false,"lake":false},"geometry":{"type":"Polygon","coordinates":[[[37.661492,55.870952],[37.658725,55.87365],[37.65319,55.87365],[37.650423,55.870952],[37.65319,55.868254],[37.658725,55.868254],[37.661492,55.870952]]]}},{"type":"Feature","properties":{"id":"M2350","kind":"river","core":true,"sea":false,"river":true,"stream":false,"lake":false},"geometry":{"type":"Polygon","coordinates":[[[37.661492,55.876348],[37.658725,55.879046],[37.65319,55.879046],[37.650423,55.876348],[37.65319,55.87365],[37.658725,55.87365],[37.661492,55.876348]]]}},{"type":"Feature","properties":{"id":"M2351","kind":"river","core":true,"sea":false,"river":true,"stream":false,"lake":false},"geometry":{"type":"Polygon","coordinates":[[[37.661492,55.881744],[37.658725,55.884442],[37.65319,55.884442],[37.650423,55.881744],[37.65319,55.879046],[37.658725,55.879046],[37.661492,55.881744]]]}},{"type":"Feature","properties":{"id":"M2352","kind":"river","core":false,"sea":false,"river":false,"stream":false,"lake":false},"geometry":{"type":"Polygon","coordinates":[[[37.661492,55.88714],[37.658725,55.889838],[37.65319,55.889838],[37.650423,55.88714],[37.65319,55.884442],[37.658725,55.884442],[37.661492,55.88714]]]}},{"type":"Feature","properties":{"id":"M2377","kind":"lake","core":true,"sea":false,"river":false,"stream":false,"lake":true},"geometry":{"type":"Polygon","coordinates":[[[37.669793,55.668605],[37.667026,55.671303],[37.661492,55.671303],[37.658725,55.668605],[37.661492,55.665907],[37.667026,55.665907],[37.669793,55.668605]]]}},{"type":"Feature","properties":{"id":"M2379","kind":"river","core":false,"sea":false,"river":false,"stream":false,"lake":false},"geometry":{"type":"Polygon","coordinates":[[[37.669793,55.679397],[37.667026,55.682095],[37.661492,55.682095],[37.658725,55.679397],[37.661492,55.676699],[37.667026,55.676699],[37.669793,55.679397]]]}},{"type":"Feature","properties":{"id":"M2380","kind":"river","core":true,"sea":false,"river":true,"stream":false,"lake":false},"geometry":{"type":"Polygon","coordinates":[[[37.669793,55.684793],[37.667026,55.687491],[37.661492,55.687491],[37.658725,55.684793],[37.661492,55.682095],[37.667026,55.682095],[37.669793,55.684793]]]}},{"type":"Feature","properties":{"id":"M2381","kind":"river","core":false,"sea":false,"river":false,"stream":false,"lake":false},"geometry":{"type":"Polygon","coordinates":[[[37.669793,55.690189],[37.667026,55.692887],[37.661492,55.692887],[37.658725,55.690189],[37.661492,55.687491],[37.667026,55.687491],[37.669793,55.690189]]]}},{"type":"Feature","properties":{"id":"M2382","kind":"river","core":true,"sea":false,"river":true,"stream":false,"lake":true},"geometry":{"type":"Polygon","coordinates":[[[37.669793,55.695585],[37.667026,55.698283],[37.661492,55.698283],[37.658725,55.695585],[37.661492,55.692887],[37.667026,55.692887],[37.669793,55.695585]]]}},{"type":"Feature","properties":{"id":"M2383","kind":"river","core":true,"sea":false,"river":true,"stream":false,"lake":true},"geometry":{"type":"Polygon","coordinates":[[[37.669793,55.700981],[37.667026,55.703679],[37.661492,55.703679],[37.658725,55.700981],[37.661492,55.698283],[37.667026,55.698283],[37.669793,55.700981]]]}},{"type":"Feature","properties":{"id":"M2384","kind":"river","core":false,"sea":false,"river":false,"stream":false,"lake":false},"geometry":{"type":"Polygon","coordinates":[[[37.669793,55.706377],[37.667026,55.709074],[37.661492,55.709074],[37.658725,55.706377],[37.661492,55.703679],[37.667026,55.703679],[37.669793,55.706377]]]}},{"type":"Feature","properties":{"id":"M2386","kind":"river","core":false,"sea":false,"river":false,"stream":false,"lake":false},"geometry":{"type":"Polygon","coordinates":[[[37.669793,55.717168],[37.667026,55.719866],[37.661492,55.719866],[37.658725,55.717168],[37.661492,55.71447],[37.667026,55.71447],[37.669793,55.717168]]]}},{"type":"Feature","properties":{"id":"M2387","kind":"river","core":true,"sea":false,"river":true,"stream":false,"lake":false},"geometry":{"type":"Polygon","coordinates":[[[37.669793,55.722564],[37.667026,55.725262],[37.661492,55.725262],[37.658725,55.722564],[37.661492,55.719866],[37.667026,55.719866],[37.669793,55.722564]]]}},{"type":"Feature","properties":{"id":"M2388","kind":"river","core":false,"sea":false,"river":false,"stream":false,"lake":false},"geometry":{"type":"Polygon","coordinates":[[[37.669793,55.72796],[37.667026,55.730658],[37.661492,55.730658],[37.658725,55.72796],[37.661492,55.725262],[37.667026,55.725262],[37.669793,55.72796]]]}},{"type":"Feature","properties":{"id":"M2391","kind":"river","core":false,"sea":false,"river":false,"stream":false,"lake":false},"geometry":{"type":"Polygon","coordinates":[[[37.669793,55.744148],[37.667026,55.746846],[37.661492,55.746846],[37.658725,55.744148],[37.661492,55.74145],[37.667026,55.74145],[37.669793,55.744148]]]}},{"type":"Feature","properties":{"id":"M2392","kind":"river","core":true,"sea":false,"river":true,"stream":false,"lake":false},"geometry":{"type":"Polygon","coordinates":[[[37.669793,55.749544],[37.667026,55.752242],[37.661492,55.752242],[37.658725,55.749544],[37.661492,55.746846],[37.667026,55.746846],[37.669793,55.749544]]]}},{"type":"Feature","properties":{"id":"M2393","kind":"river","core":false,"sea":false,"river":false,"stream":false,"lake":false},"geometry":{"type":"Polygon","coordinates":[[[37.669793,55.75494],[37.667026,55.757638],[37.661492,55.757638],[37.658725,55.75494],[37.661492,55.752242],[37.667026,55.752242],[37.669793,55.75494]]]}},{"type":"Feature","properties":{"id":"M2401","kind":"lake","core":true,"sea":false,"river":false,"stream":false,"lake":true},"geometry":{"type":"Polygon","coordinates":[[[37.669793,55.798107],[37.667026,55.800805],[37.661492,55.800805],[37.658725,55.798107],[37.661492,55.795409],[37.667026,55.795409],[37.669793,55.798107]]]}},{"type":"Feature","properties":{"id":"M2403","kind":"lake","core":true,"sea":false,"river":false,"stream":false,"lake":true},"geometry":{"type":"Polygon","coordinates":[[[37.669793,55.808899],[37.667026,55.811597],[37.661492,55.811597],[37.658725,55.808899],[37.661492,55.806201],[37.667026,55.806201],[37.669793,55.808899]]]}},{"type":"Feature","properties":{"id":"M2404","kind":"lake","core":true,"sea":false,"river":false,"stream":false,"lake":true},"geometry":{"type":"Polygon","coordinates":[[[37.669793,55.814295],[37.667026,55.816993],[37.661492,55.816993],[37.658725,55.814295],[37.661492,55.811597],[37.667026,55.811597],[37.669793,55.814295]]]}},{"type":"Feature","properties":{"id":"M2405","kind":"river","core":false,"sea":false,"river":false,"stream":false,"lake":false},"geometry":{"type":"Polygon","coordinates":[[[37.669793,55.819691],[37.667026,55.822389],[37.661492,55.822389],[37.658725,55.819691],[37.661492,55.816993],[37.667026,55.816993],[37.669793,55.819691]]]}},{"type":"Feature","properties":{"id":"M2406","kind":"river","core":true,"sea":false,"river":true,"stream":false,"lake":false},"geometry":{"type":"Polygon","coordinates":[[[37.669793,55.825087],[37.667026,55.827785],[37.661492,55.827785],[37.658725,55.825087],[37.661492,55.822389],[37.667026,55.822389],[37.669793,55.825087]]]}},{"type":"Feature","properties":{"id":"M2407","kind":"river","core":false,"sea":false,"river":false,"stream":false,"lake":false},"geometry":{"type":"Polygon","coordinates":[[[37.669793,55.830483],[37.667026,55.833181],[37.661492,55.833181],[37.658725,55.830483],[37.661492,55.827785],[37.667026,55.827785],[37.669793,55.830483]]]}},{"type":"Feature","properties":{"id":"M2414","kind":"river","core":false,"sea":false,"river":false,"stream":false,"lake":false},"geometry":{"type":"Polygon","coordinates":[[[37.669793,55.868254],[37.667026,55.870952],[37.661492,55.870952],[37.658725,55.868254],[37.661492,55.865556],[37.667026,55.865556],[37.669793,55.868254]]]}},{"type":"Feature","properties":{"id":"M2415","kind":"river","core":true,"sea":false,"river":true,"stream":false,"lake":false},"geometry":{"type":"Polygon","coordinates":[[[37.669793,55.87365],[37.667026,55.876348],[37.661492,55.876348],[37.658725,55.87365],[37.661492,55.870952],[37.667026,55.870952],[37.669793,55.87365]]]}},{"type":"Feature","properties":{"id":"M2416","kind":"river","core":true,"sea":false,"river":true,"stream":false,"lake":false},"geometry":{"type":"Polygon","coordinates":[[[37.669793,55.879046],[37.667026,55.881744],[37.661492,55.881744],[37.658725,55.879046],[37.661492,55.876348],[37.667026,55.876348],[37.669793,55.879046]]]}},{"type":"Feature","properties":{"id":"M2417","kind":"river","core":true,"sea":false,"river":true,"stream":false,"lake":false},"geometry":{"type":"Polygon","coordinates":[[[37.669793,55.884442],[37.667026,55.88714],[37.661492,55.88714],[37.658725,55.884442],[37.661492,55.881744],[37.667026,55.881744],[37.669793,55.884442]]]}},{"type":"Feature","properties":{"id":"M2418","kind":"river","core":false,"sea":false,"river":false,"stream":false,"lake":false},"geometry":{"type":"Polygon","coordinates":[[[37.669793,55.889838],[37.667026,55.892536],[37.661492,55.892536],[37.658725,55.889838],[37.661492,55.88714],[37.667026,55.88714],[37.669793,55.889838]]]}},{"type":"Feature","properties":{"id":"M2425","kind":"lake","core":true,"sea":false,"river":false,"stream":false,"lake":true},"geometry":{"type":"Polygon","coordinates":[[[37.678094,55.574176],[37.675327,55.576874],[37.669793,55.576874],[37.667026,55.574176],[37.669793,55.571478],[37.675327,55.571478],[37.678094,55.574176]]]}},{"type":"Feature","properties":{"id":"M2426","kind":"lake","core":true,"sea":false,"river":false,"stream":false,"lake":true},"geometry":{"type":"Polygon","coordinates":[[[37.678094,55.579572],[37.675327,55.58227],[37.669793,55.58227],[37.667026,55.579572],[37.669793,55.576874],[37.675327,55.576874],[37.678094,55.579572]]]}},{"type":"Feature","properties":{"id":"M2428","kind":"lake","core":true,"sea":false,"river":false,"stream":false,"lake":true},"geometry":{"type":"Polygon","coordinates":[[[37.678094,55.590364],[37.675327,55.593062],[37.669793,55.593062],[37.667026,55.590364],[37.669793,55.587666],[37.675327,55.587666],[37.678094,55.590364]]]}},{"type":"Feature","properties":{"id":"M2429","kind":"lake","core":true,"sea":false,"river":false,"stream":false,"lake":true},"geometry":{"type":"Polygon","coordinates":[[[37.678094,55.59576],[37.675327,55.598458],[37.669793,55.598458],[37.667026,55.59576],[37.669793,55.593062],[37.675327,55.593062],[37.678094,55.59576]]]}},{"type":"Feature","properties":{"id":"M2432","kind":"lake","core":true,"sea":false,"river":false,"stream":false,"lake":true},"geometry":{"type":"Polygon","coordinates":[[[37.678094,55.611948],[37.675327,55.614646],[37.669793,55.614646],[37.667026,55.611948],[37.669793,55.60925],[37.675327,55.60925],[37.678094,55.611948]]]}},{"type":"Feature","properties":{"id":"M2433","kind":"river","core":true,"sea":false,"river":true,"stream":false,"lake":true},"geometry":{"type":"Polygon","coordinates":[[[37.678094,55.617344],[37.675327,55.620042],[37.669793,55.620042],[37.667026,55.617344],[37.669793,55.614646],[37.675327,55.614646],[37.678094,55.617344]]]}},{"type":"Feature","properties":{"id":"M2434","kind":"lake","core":true,"sea":false,"river":false,"stream":false,"lake":true},"geometry":{"type":"Polygon","coordinates":[[[37.678094,55.62274],[37.675327,55.625438],[37.669793,55.625438],[37.667026,55.62274],[37.669793,55.620042],[37.675327,55.620042],[37.678094,55.62274]]]}},{"type":"Feature","properties":{"id":"M2438","kind":"river","core":false,"sea":false,"river":false,"stream":false,"lake":false},"geometry":{"type":"Polygon","coordinates":[[[37.678094,55.644323],[37.675327,55.647021],[37.669793,55.647021],[37.667026,55.644323],[37.669793,55.641625],[37.675327,55.641625],[37.678094,55.644323]]]}},{"type":"Feature","properties":{"id":"M2439","kind":"river","core":true,"sea":false,"river":true,"stream":false,"lake":false},"geometry":{"type":"Polygon","coordinates":[[[37.678094,55.649719],[37.675327,55.652417],[37.669793,55.652417],[37.667026,55.649719],[37.669793,55.647021],[37.675327,55.647021],[37.678094,55.649719]]]}},{"type":"Feature","properties":{"id":"M2440","kind":"river","core":true,"sea":false,"river":true,"stream":false,"lake":true},"geometry":{"type":"Polygon","coordinates":[[[37.678094,55.655115],[37.675327,55.657813],[37.669793,55.657813],[37.667026,55.655115],[37.669793,55.652417],[37.675327,55.652417],[37.678094,55.655115]]]}},{"type":"Feature","properties":{"id":"M2441","kind":"river","core":true,"sea":false,"river":true,"stream":false,"lake":true},"geometry":{"type":"Polygon","coordinates":[[[37.678094,55.660511],[37.675327,55.663209],[37.669793,55.663209],[37.667026,55.660511],[37.669793,55.657813],[37.675327,55.657813],[37.678094,55.660511]]]}},{"type":"Feature","properties":{"id":"M2442","kind":"river","core":true,"sea":false,"river":true,"stream":false,"lake":true},"geometry":{"type":"Polygon","coordinates":[[[37.678094,55.665907],[37.675327,55.668605],[37.669793,55.668605],[37.667026,55.665907],[37.669793,55.663209],[37.675327,55.663209],[37.678094,55.665907]]]}},{"type":"Feature","properties":{"id":"M2443","kind":"river","core":true,"sea":false,"river":true,"stream":false,"lake":false},"geometry":{"type":"Polygon","coordinates":[[[37.678094,55.671303],[37.675327,55.674001],[37.669793,55.674001],[37.667026,55.671303],[37.669793,55.668605],[37.675327,55.668605],[37.678094,55.671303]]]}},{"type":"Feature","properties":{"id":"M2444","kind":"river","core":false,"sea":false,"river":false,"stream":false,"lake":false},"geometry":{"type":"Polygon","coordinates":[[[37.678094,55.676699],[37.675327,55.679397],[37.669793,55.679397],[37.667026,55.676699],[37.669793,55.674001],[37.675327,55.674001],[37.678094,55.676699]]]}},{"type":"Feature","properties":{"id":"M2445","kind":"river","core":false,"sea":false,"river":false,"stream":false,"lake":false},"geometry":{"type":"Polygon","coordinates":[[[37.678094,55.682095],[37.675327,55.684793],[37.669793,55.684793],[37.667026,55.682095],[37.669793,55.679397],[37.675327,55.679397],[37.678094,55.682095]]]}},{"type":"Feature","properties":{"id":"M2446","kind":"river","core":true,"sea":false,"river":true,"stream":false,"lake":false},"geometry":{"type":"Polygon","coordinates":[[[37.678094,55.687491],[37.675327,55.690189],[37.669793,55.690189],[37.667026,55.687491],[37.669793,55.684793],[37.675327,55.684793],[37.678094,55.687491]]]}},{"type":"Feature","properties":{"id":"M2447","kind":"river","core":false,"sea":false,"river":false,"stream":false,"lake":false},"geometry":{"type":"Polygon","coordinates":[[[37.678094,55.692887],[37.675327,55.695585],[37.669793,55.695585],[37.667026,55.692887],[37.669793,55.690189],[37.675327,55.690189],[37.678094,55.692887]]]}},{"type":"Feature","properties":{"id":"M2448","kind":"river","core":true,"sea":false,"river":true,"stream":false,"lake":false},"geometry":{"type":"Polygon","coordinates":[[[37.678094,55.698283],[37.675327,55.700981],[37.669793,55.700981],[37.667026,55.698283],[37.669793,55.695585],[37.675327,55.695585],[37.678094,55.698283]]]}},{"type":"Feature","properties":{"id":"M2449","kind":"river","core":true,"sea":false,"river":true,"stream":false,"lake":false},"geometry":{"type":"Polygon","coordinates":[[[37.678094,55.703679],[37.675327,55.706377],[37.669793,55.706377],[37.667026,55.703679],[37.669793,55.700981],[37.675327,55.700981],[37.678094,55.703679]]]}},{"type":"Feature","properties":{"id":"M2450","kind":"river","core":false,"sea":false,"river":false,"stream":false,"lake":false},"geometry":{"type":"Polygon","coordinates":[[[37.678094,55.709074],[37.675327,55.711772],[37.669793,55.711772],[37.667026,55.709074],[37.669793,55.706377],[37.675327,55.706377],[37.678094,55.709074]]]}},{"type":"Feature","properties":{"id":"M2457","kind":"river","core":false,"sea":false,"river":false,"stream":false,"lake":false},"geometry":{"type":"Polygon","coordinates":[[[37.678094,55.746846],[37.675327,55.749544],[37.669793,55.749544],[37.667026,55.746846],[37.669793,55.744148],[37.675327,55.744148],[37.678094,55.746846]]]}},{"type":"Feature","properties":{"id":"M2458","kind":"river","core":true,"sea":false,"river":true,"stream":false,"lake":false},"geometry":{"type":"Polygon","coordinates":[[[37.678094,55.752242],[37.675327,55.75494],[37.669793,55.75494],[37.667026,55.752242],[37.669793,55.749544],[37.675327,55.749544],[37.678094,55.752242]]]}},{"type":"Feature","properties":{"id":"M2459","kind":"river","core":true,"sea":false,"river":true,"stream":false,"lake":false},"geometry":{"type":"Polygon","coordinates":[[[37.678094,55.757638],[37.675327,55.760336],[37.669793,55.760336],[37.667026,55.757638],[37.669793,55.75494],[37.675327,55.75494],[37.678094,55.757638]]]}},{"type":"Feature","properties":{"id":"M2460","kind":"river","core":false,"sea":false,"river":false,"stream":false,"lake":false},"geometry":{"type":"Polygon","coordinates":[[[37.678094,55.763034],[37.675327,55.765732],[37.669793,55.765732],[37.667026,55.763034],[37.669793,55.760336],[37.675327,55.760336],[37.678094,55.763034]]]}},{"type":"Feature","properties":{"id":"M2469","kind":"lake","core":true,"sea":false,"river":false,"stream":false,"lake":true},"geometry":{"type":"Polygon","coordinates":[[[37.678094,55.811597],[37.675327,55.814295],[37.669793,55.814295],[37.667026,55.811597],[37.669793,55.808899],[37.675327,55.808899],[37.678094,55.811597]]]}},{"type":"Feature","properties":{"id":"M2470","kind":"lake","core":true,"sea":false,"river":false,"stream":false,"lake":true},"geometry":{"type":"Polygon","coordinates":[[[37.678094,55.816993],[37.675327,55.819691],[37.669793,55.819691],[37.667026,55.816993],[37.669793,55.814295],[37.675327,55.814295],[37.678094,55.816993]]]}},{"type":"Feature","properties":{"id":"M2471","kind":"river","core":true,"sea":false,"river":true,"stream":false,"lake":false},"geometry":{"type":"Polygon","coordinates":[[[37.678094,55.822389],[37.675327,55.825087],[37.669793,55.825087],[37.667026,55.822389],[37.669793,55.819691],[37.675327,55.819691],[37.678094,55.822389]]]}},{"type":"Feature","properties":{"id":"M2472","kind":"river","core":false,"sea":false,"river":false,"stream":false,"lake":false},"geometry":{"type":"Polygon","coordinates":[[[37.678094,55.827785],[37.675327,55.830483],[37.669793,55.830483],[37.667026,55.827785],[37.669793,55.825087],[37.675327,55.825087],[37.678094,55.827785]]]}},{"type":"Feature","properties":{"id":"M2473","kind":"river","core":true,"sea":false,"river":true,"stream":false,"lake":false},"geometry":{"type":"Polygon","coordinates":[[[37.678094,55.833181],[37.675327,55.835879],[37.669793,55.835879],[37.667026,55.833181],[37.669793,55.830483],[37.675327,55.830483],[37.678094,55.833181]]]}},{"type":"Feature","properties":{"id":"M2474","kind":"river","core":true,"sea":false,"river":true,"stream":false,"lake":false},"geometry":{"type":"Polygon","coordinates":[[[37.678094,55.838577],[37.675327,55.841275],[37.669793,55.841275],[37.667026,55.838577],[37.669793,55.835879],[37.675327,55.835879],[37.678094,55.838577]]]}},{"type":"Feature","properties":{"id":"M2475","kind":"river","core":false,"sea":false,"river":false,"stream":false,"lake":false},"geometry":{"type":"Polygon","coordinates":[[[37.678094,55.843973],[37.675327,55.84667],[37.669793,55.84667],[37.667026,55.843973],[37.669793,55.841275],[37.675327,55.841275],[37.678094,55.843973]]]}},{"type":"Feature","properties":{"id":"M2481","kind":"river","core":false,"sea":false,"river":false,"stream":false,"lake":false},"geometry":{"type":"Polygon","coordinates":[[[37.678094,55.876348],[37.675327,55.879046],[37.669793,55.879046],[37.667026,55.876348],[37.669793,55.87365],[37.675327,55.87365],[37.678094,55.876348]]]}},{"type":"Feature","properties":{"id":"M2482","kind":"river","core":true,"sea":false,"river":true,"stream":false,"lake":false},"geometry":{"type":"Polygon","coordinates":[[[37.678094,55.881744],[37.675327,55.884442],[37.669793,55.884442],[37.667026,55.881744],[37.669793,55.879046],[37.675327,55.879046],[37.678094,55.881744]]]}},{"type":"Feature","properties":{"id":"M2483","kind":"river","core":false,"sea":false,"river":false,"stream":false,"lake":false},"geometry":{"type":"Polygon","coordinates":[[[37.678094,55.88714],[37.675327,55.889838],[37.669793,55.889838],[37.667026,55.88714],[37.669793,55.884442],[37.675327,55.884442],[37.678094,55.88714]]]}},{"type":"Feature","properties":{"id":"M2491","kind":"lake","core":true,"sea":false,"river":false,"stream":false,"lake":true},"geometry":{"type":"Polygon","coordinates":[[[37.686396,55.576874],[37.683628,55.579572],[37.678094,55.579572],[37.675327,55.576874],[37.678094,55.574176],[37.683628,55.574176],[37.686396,55.576874]]]}},{"type":"Feature","properties":{"id":"M2492","kind":"lake","core":true,"sea":false,"river":false,"stream":false,"lake":true},"geometry":{"type":"Polygon","coordinates":[[[37.686396,55.58227],[37.683628,55.584968],[37.678094,55.584968],[37.675327,55.58227],[37.678094,55.579572],[37.683628,55.579572],[37.686396,55.58227]]]}},{"type":"Feature","properties":{"id":"M2494","kind":"lake","core":true,"sea":false,"river":false,"stream":false,"lake":true},"geometry":{"type":"Polygon","coordinates":[[[37.686396,55.593062],[37.683628,55.59576],[37.678094,55.59576],[37.675327,55.593062],[37.678094,55.590364],[37.683628,55.590364],[37.686396,55.593062]]]}},{"type":"Feature","properties":{"id":"M2495","kind":"lake","core":true,"sea":false,"river":false,"stream":false,"lake":true},"geometry":{"type":"Polygon","coordinates":[[[37.686396,55.598458],[37.683628,55.601156],[37.678094,55.601156],[37.675327,55.598458],[37.678094,55.59576],[37.683628,55.59576],[37.686396,55.598458]]]}},{"type":"Feature","properties":{"id":"M2496","kind":"river","core":false,"sea":false,"river":false,"stream":false,"lake":false},"geometry":{"type":"Polygon","coordinates":[[[37.686396,55.603854],[37.683628,55.606552],[37.678094,55.606552],[37.675327,55.603854],[37.678094,55.601156],[37.683628,55.601156],[37.686396,55.603854]]]}},{"type":"Feature","properties":{"id":"M2497","kind":"river","core":true,"sea":false,"river":true,"stream":false,"lake":true},"geometry":{"type":"Polygon","coordinates":[[[37.686396,55.60925],[37.683628,55.611948],[37.678094,55.611948],[37.675327,55.60925],[37.678094,55.606552],[37.683628,55.606552],[37.686396,55.60925]]]}},{"type":"Feature","properties":{"id":"M2498","kind":"river","core":true,"sea":false,"river":true,"stream":false,"lake":true},"geometry":{"type":"Polygon","coordinates":[[[37.686396,55.614646],[37.683628,55.617344],[37.678094,55.617344],[37.675327,55.614646],[37.678094,55.611948],[37.683628,55.611948],[37.686396,55.614646]]]}},{"type":"Feature","properties":{"id":"M2499","kind":"river","core":true,"sea":false,"river":true,"stream":false,"lake":true},"geometry":{"type":"Polygon","coordinates":[[[37.686396,55.620042],[37.683628,55.62274],[37.678094,55.62274],[37.675327,55.620042],[37.678094,55.617344],[37.683628,55.617344],[37.686396,55.620042]]]}},{"type":"Feature","properties":{"id":"M2500","kind":"river","core":true,"sea":false,"river":true,"stream":false,"lake":true},"geometry":{"type":"Polygon","coordinates":[[[37.686396,55.625438],[37.683628,55.628136],[37.678094,55.628136],[37.675327,55.625438],[37.678094,55.62274],[37.683628,55.62274],[37.686396,55.625438]]]}},{"type":"Feature","properties":{"id":"M2501","kind":"lake","core":true,"sea":false,"river":false,"stream":false,"lake":true},"geometry":{"type":"Polygon","coordinates":[[[37.686396,55.630834],[37.683628,55.633532],[37.678094,55.633532],[37.675327,55.630834],[37.678094,55.628136],[37.683628,55.628136],[37.686396,55.630834]]]}},{"type":"Feature","properties":{"id":"M2502","kind":"river","core":true,"sea":false,"river":true,"stream":false,"lake":true},"geometry":{"type":"Polygon","coordinates":[[[37.686396,55.63623],[37.683628,55.638927],[37.678094,55.638927],[37.675327,55.63623],[37.678094,55.633532],[37.683628,55.633532],[37.686396,55.63623]]]}},{"type":"Feature","properties":{"id":"M2503","kind":"river","core":true,"sea":false,"river":true,"stream":false,"lake":true},"geometry":{"type":"Polygon","coordinates":[[[37.686396,55.641625],[37.683628,55.644323],[37.678094,55.644323],[37.675327,55.641625],[37.678094,55.638927],[37.683628,55.638927],[37.686396,55.641625]]]}},{"type":"Feature","properties":{"id":"M2504","kind":"river","core":true,"sea":false,"river":true,"stream":false,"lake":false},"geometry":{"type":"Polygon","coordinates":[[[37.686396,55.647021],[37.683628,55.649719],[37.678094,55.649719],[37.675327,55.647021],[37.678094,55.644323],[37.683628,55.644323],[37.686396,55.647021]]]}},{"type":"Feature","properties":{"id":"M2505","kind":"river","core":true,"sea":false,"river":true,"stream":false,"lake":false},"geometry":{"type":"Polygon","coordinates":[[[37.686396,55.652417],[37.683628,55.655115],[37.678094,55.655115],[37.675327,55.652417],[37.678094,55.649719],[37.683628,55.649719],[37.686396,55.652417]]]}},{"type":"Feature","properties":{"id":"M2506","kind":"lake","core":true,"sea":false,"river":false,"stream":false,"lake":true},"geometry":{"type":"Polygon","coordinates":[[[37.686396,55.657813],[37.683628,55.660511],[37.678094,55.660511],[37.675327,55.657813],[37.678094,55.655115],[37.683628,55.655115],[37.686396,55.657813]]]}},{"type":"Feature","properties":{"id":"M2507","kind":"river","core":false,"sea":false,"river":false,"stream":false,"lake":false},"geometry":{"type":"Polygon","coordinates":[[[37.686396,55.663209],[37.683628,55.665907],[37.678094,55.665907],[37.675327,55.663209],[37.678094,55.660511],[37.683628,55.660511],[37.686396,55.663209]]]}},{"type":"Feature","properties":{"id":"M2508","kind":"river","core":true,"sea":false,"river":true,"stream":false,"lake":false},"geometry":{"type":"Polygon","coordinates":[[[37.686396,55.668605],[37.683628,55.671303],[37.678094,55.671303],[37.675327,55.668605],[37.678094,55.665907],[37.683628,55.665907],[37.686396,55.668605]]]}},{"type":"Feature","properties":{"id":"M2509","kind":"river","core":true,"sea":false,"river":true,"stream":false,"lake":false},"geometry":{"type":"Polygon","coordinates":[[[37.686396,55.674001],[37.683628,55.676699],[37.678094,55.676699],[37.675327,55.674001],[37.678094,55.671303],[37.683628,55.671303],[37.686396,55.674001]]]}},{"type":"Feature","properties":{"id":"M2510","kind":"river","core":false,"sea":false,"river":false,"stream":false,"lake":false},"geometry":{"type":"Polygon","coordinates":[[[37.686396,55.679397],[37.683628,55.682095],[37.678094,55.682095],[37.675327,55.679397],[37.678094,55.676699],[37.683628,55.676699],[37.686396,55.679397]]]}},{"type":"Feature","properties":{"id":"M2511","kind":"river","core":false,"sea":false,"river":false,"stream":false,"lake":false},"geometry":{"type":"Polygon","coordinates":[[[37.686396,55.684793],[37.683628,55.687491],[37.678094,55.687491],[37.675327,55.684793],[37.678094,55.682095],[37.683628,55.682095],[37.686396,55.684793]]]}},{"type":"Feature","properties":{"id":"M2512","kind":"river","core":true,"sea":false,"river":true,"stream":false,"lake":false},"geometry":{"type":"Polygon","coordinates":[[[37.686396,55.690189],[37.683628,55.692887],[37.678094,55.692887],[37.675327,55.690189],[37.678094,55.687491],[37.683628,55.687491],[37.686396,55.690189]]]}},{"type":"Feature","properties":{"id":"M2513","kind":"river","core":true,"sea":false,"river":true,"stream":false,"lake":false},"geometry":{"type":"Polygon","coordinates":[[[37.686396,55.695585],[37.683628,55.698283],[37.678094,55.698283],[37.675327,55.695585],[37.678094,55.692887],[37.683628,55.692887],[37.686396,55.695585]]]}},{"type":"Feature","properties":{"id":"M2514","kind":"river","core":true,"sea":false,"river":true,"stream":false,"lake":false},"geometry":{"type":"Polygon","coordinates":[[[37.686396,55.700981],[37.683628,55.703679],[37.678094,55.703679],[37.675327,55.700981],[37.678094,55.698283],[37.683628,55.698283],[37.686396,55.700981]]]}},{"type":"Feature","properties":{"id":"M2515","kind":"river","core":false,"sea":false,"river":false,"stream":false,"lake":false},"geometry":{"type":"Polygon","coordinates":[[[37.686396,55.706377],[37.683628,55.709074],[37.678094,55.709074],[37.675327,55.706377],[37.678094,55.703679],[37.683628,55.703679],[37.686396,55.706377]]]}},{"type":"Feature","properties":{"id":"M2524","kind":"river","core":false,"sea":false,"river":false,"stream":false,"lake":false},"geometry":{"type":"Polygon","coordinates":[[[37.686396,55.75494],[37.683628,55.757638],[37.678094,55.757638],[37.675327,55.75494],[37.678094,55.752242],[37.683628,55.752242],[37.686396,55.75494]]]}},{"type":"Feature","properties":{"id":"M2525","kind":"river","core":true,"sea":false,"river":true,"stream":false,"lake":false},"geometry":{"type":"Polygon","coordinates":[[[37.686396,55.760336],[37.683628,55.763034],[37.678094,55.763034],[37.675327,55.760336],[37.678094,55.757638],[37.683628,55.757638],[37.686396,55.760336]]]}},{"type":"Feature","properties":{"id":"M2526","kind":"river","core":false,"sea":false,"river":false,"stream":false,"lake":false},"geometry":{"type":"Polygon","coordinates":[[[37.686396,55.765732],[37.683628,55.76843],[37.678094,55.76843],[37.675327,55.765732],[37.678094,55.763034],[37.683628,55.763034],[37.686396,55.765732]]]}},{"type":"Feature","properties":{"id":"M2532","kind":"lake","core":true,"sea":false,"river":false,"stream":false,"lake":true},"geometry":{"type":"Polygon","coordinates":[[[37.686396,55.798107],[37.683628,55.800805],[37.678094,55.800805],[37.675327,55.798107],[37.678094,55.795409],[37.683628,55.795409],[37.686396,55.798107]]]}},{"type":"Feature","properties":{"id":"M2533","kind":"lake","core":true,"sea":false,"river":false,"stream":false,"lake":true},"geometry":{"type":"Polygon","coordinates":[[[37.686396,55.803503],[37.683628,55.806201],[37.678094,55.806201],[37.675327,55.803503],[37.678094,55.800805],[37.683628,55.800805],[37.686396,55.803503]]]}},{"type":"Feature","properties":{"id":"M2535","kind":"river","core":false,"sea":false,"river":false,"stream":false,"lake":false},"geometry":{"type":"Polygon","coordinates":[[[37.686396,55.814295],[37.683628,55.816993],[37.678094,55.816993],[37.675327,55.814295],[37.678094,55.811597],[37.683628,55.811597],[37.686396,55.814295]]]}},{"type":"Feature","properties":{"id":"M2536","kind":"river","core":true,"sea":false,"river":true,"stream":false,"lake":true},"geometry":{"type":"Polygon","coordinates":[[[37.686396,55.819691],[37.683628,55.822389],[37.678094,55.822389],[37.675327,55.819691],[37.678094,55.816993],[37.683628,55.816993],[37.686396,55.819691]]]}},{"type":"Feature","properties":{"id":"M2537","kind":"river","core":false,"sea":false,"river":false,"stream":false,"lake":false},"geometry":{"type":"Polygon","coordinates":[[[37.686396,55.825087],[37.683628,55.827785],[37.678094,55.827785],[37.675327,55.825087],[37.678094,55.822389],[37.683628,55.822389],[37.686396,55.825087]]]}},{"type":"Feature","properties":{"id":"M2538","kind":"river","core":false,"sea":false,"river":false,"stream":false,"lake":false},"geometry":{"type":"Polygon","coordinates":[[[37.686396,55.830483],[37.683628,55.833181],[37.678094,55.833181],[37.675327,55.830483],[37.678094,55.827785],[37.683628,55.827785],[37.686396,55.830483]]]}},{"type":"Feature","properties":{"id":"M2539","kind":"river","core":true,"sea":false,"river":true,"stream":false,"lake":false},"geometry":{"type":"Polygon","coordinates":[[[37.686396,55.835879],[37.683628,55.838577],[37.678094,55.838577],[37.675327,55.835879],[37.678094,55.833181],[37.683628,55.833181],[37.686396,55.835879]]]}},{"type":"Feature","properties":{"id":"M2540","kind":"river","core":true,"sea":false,"river":true,"stream":false,"lake":false},"geometry":{"type":"Polygon","coordinates":[[[37.686396,55.841275],[37.683628,55.843973],[37.678094,55.843973],[37.675327,55.841275],[37.678094,55.838577],[37.683628,55.838577],[37.686396,55.841275]]]}},{"type":"Feature","properties":{"id":"M2541","kind":"river","core":false,"sea":false,"river":false,"stream":false,"lake":false},"geometry":{"type":"Polygon","coordinates":[[[37.686396,55.84667],[37.683628,55.849368],[37.678094,55.849368],[37.675327,55.84667],[37.678094,55.843973],[37.683628,55.843973],[37.686396,55.84667]]]}},{"type":"Feature","properties":{"id":"M2546","kind":"lake","core":true,"sea":false,"river":false,"stream":false,"lake":true},"geometry":{"type":"Polygon","coordinates":[[[37.686396,55.87365],[37.683628,55.876348],[37.678094,55.876348],[37.675327,55.87365],[37.678094,55.870952],[37.683628,55.870952],[37.686396,55.87365]]]}},{"type":"Feature","properties":{"id":"M2547","kind":"river","core":false,"sea":false,"river":false,"stream":false,"lake":false},"geometry":{"type":"Polygon","coordinates":[[[37.686396,55.879046],[37.683628,55.881744],[37.678094,55.881744],[37.675327,55.879046],[37.678094,55.876348],[37.683628,55.876348],[37.686396,55.879046]]]}},{"type":"Feature","properties":{"id":"M2548","kind":"river","core":true,"sea":false,"river":true,"stream":false,"lake":false},"geometry":{"type":"Polygon","coordinates":[[[37.686396,55.884442],[37.683628,55.88714],[37.678094,55.88714],[37.675327,55.884442],[37.678094,55.881744],[37.683628,55.881744],[37.686396,55.884442]]]}},{"type":"Feature","properties":{"id":"M2549","kind":"river","core":true,"sea":false,"river":true,"stream":false,"lake":false},"geometry":{"type":"Polygon","coordinates":[[[37.686396,55.889838],[37.683628,55.892536],[37.678094,55.892536],[37.675327,55.889838],[37.678094,55.88714],[37.683628,55.88714],[37.686396,55.889838]]]}},{"type":"Feature","properties":{"id":"M2550","kind":"river","core":false,"sea":false,"river":true,"stream":false,"lake":false},"geometry":{"type":"Polygon","coordinates":[[[37.686396,55.895234],[37.683628,55.897932],[37.678094,55.897932],[37.675327,55.895234],[37.678094,55.892536],[37.683628,55.892536],[37.686396,55.895234]]]}},{"type":"Feature","properties":{"id":"M2561","kind":"river","core":false,"sea":false,"river":false,"stream":false,"lake":false},"geometry":{"type":"Polygon","coordinates":[[[37.694697,55.601156],[37.69193,55.603854],[37.686396,55.603854],[37.683628,55.601156],[37.686396,55.598458],[37.69193,55.598458],[37.694697,55.601156]]]}},{"type":"Feature","properties":{"id":"M2562","kind":"river","core":true,"sea":false,"river":true,"stream":false,"lake":true},"geometry":{"type":"Polygon","coordinates":[[[37.694697,55.606552],[37.69193,55.60925],[37.686396,55.60925],[37.683628,55.606552],[37.686396,55.603854],[37.69193,55.603854],[37.694697,55.606552]]]}},{"type":"Feature","properties":{"id":"M2563","kind":"river","core":false,"sea":false,"river":false,"stream":false,"lake":false},"geometry":{"type":"Polygon","coordinates":[[[37.694697,55.611948],[37.69193,55.614646],[37.686396,55.614646],[37.683628,55.611948],[37.686396,55.60925],[37.69193,55.60925],[37.694697,55.611948]]]}},{"type":"Feature","properties":{"id":"M2564","kind":"lake","core":true,"sea":false,"river":false,"stream":false,"lake":true},"geometry":{"type":"Polygon","coordinates":[[[37.694697,55.617344],[37.69193,55.620042],[37.686396,55.620042],[37.683628,55.617344],[37.686396,55.614646],[37.69193,55.614646],[37.694697,55.617344]]]}},{"type":"Feature","properties":{"id":"M2565","kind":"river","core":false,"sea":false,"river":false,"stream":false,"lake":false},"geometry":{"type":"Polygon","coordinates":[[[37.694697,55.62274],[37.69193,55.625438],[37.686396,55.625438],[37.683628,55.62274],[37.686396,55.620042],[37.69193,55.620042],[37.694697,55.62274]]]}},{"type":"Feature","properties":{"id":"M2566","kind":"river","core":true,"sea":false,"river":true,"stream":false,"lake":true},"geometry":{"type":"Polygon","coordinates":[[[37.694697,55.628136],[37.69193,55.630834],[37.686396,55.630834],[37.683628,55.628136],[37.686396,55.625438],[37.69193,55.625438],[37.694697,55.628136]]]}},{"type":"Feature","properties":{"id":"M2567","kind":"river","core":true,"sea":false,"river":true,"stream":false,"lake":true},"geometry":{"type":"Polygon","coordinates":[[[37.694697,55.633532],[37.69193,55.63623],[37.686396,55.63623],[37.683628,55.633532],[37.686396,55.630834],[37.69193,55.630834],[37.694697,55.633532]]]}},{"type":"Feature","properties":{"id":"M2568","kind":"river","core":true,"sea":false,"river":true,"stream":false,"lake":true},"geometry":{"type":"Polygon","coordinates":[[[37.694697,55.638927],[37.69193,55.641625],[37.686396,55.641625],[37.683628,55.638927],[37.686396,55.63623],[37.69193,55.63623],[37.694697,55.638927]]]}},{"type":"Feature","properties":{"id":"M2569","kind":"river","core":true,"sea":false,"river":true,"stream":false,"lake":false},"geometry":{"type":"Polygon","coordinates":[[[37.694697,55.644323],[37.69193,55.647021],[37.686396,55.647021],[37.683628,55.644323],[37.686396,55.641625],[37.69193,55.641625],[37.694697,55.644323]]]}},{"type":"Feature","properties":{"id":"M2570","kind":"river","core":false,"sea":false,"river":false,"stream":false,"lake":false},"geometry":{"type":"Polygon","coordinates":[[[37.694697,55.649719],[37.69193,55.652417],[37.686396,55.652417],[37.683628,55.649719],[37.686396,55.647021],[37.69193,55.647021],[37.694697,55.649719]]]}},{"type":"Feature","properties":{"id":"M2571","kind":"lake","core":true,"sea":false,"river":false,"stream":false,"lake":true},"geometry":{"type":"Polygon","coordinates":[[[37.694697,55.655115],[37.69193,55.657813],[37.686396,55.657813],[37.683628,55.655115],[37.686396,55.652417],[37.69193,55.652417],[37.694697,55.655115]]]}},{"type":"Feature","properties":{"id":"M2572","kind":"lake","core":true,"sea":false,"river":false,"stream":false,"lake":true},"geometry":{"type":"Polygon","coordinates":[[[37.694697,55.660511],[37.69193,55.663209],[37.686396,55.663209],[37.683628,55.660511],[37.686396,55.657813],[37.69193,55.657813],[37.694697,55.660511]]]}},{"type":"Feature","properties":{"id":"M2573","kind":"river","core":false,"sea":false,"river":false,"stream":false,"lake":false},"geometry":{"type":"Polygon","coordinates":[[[37.694697,55.665907],[37.69193,55.668605],[37.686396,55.668605],[37.683628,55.665907],[37.686396,55.663209],[37.69193,55.663209],[37.694697,55.665907]]]}},{"type":"Feature","properties":{"id":"M2574","kind":"river","core":true,"sea":false,"river":true,"stream":false,"lake":false},"geometry":{"type":"Polygon","coordinates":[[[37.694697,55.671303],[37.69193,55.674001],[37.686396,55.674001],[37.683628,55.671303],[37.686396,55.668605],[37.69193,55.668605],[37.694697,55.671303]]]}},{"type":"Feature","properties":{"id":"M2575","kind":"river","core":false,"sea":false,"river":false,"stream":false,"lake":false},"geometry":{"type":"Polygon","coordinates":[[[37.694697,55.676699],[37.69193,55.679397],[37.686396,55.679397],[37.683628,55.676699],[37.686396,55.674001],[37.69193,55.674001],[37.694697,55.676699]]]}},{"type":"Feature","properties":{"id":"M2577","kind":"river","core":false,"sea":false,"river":false,"stream":false,"lake":false},"geometry":{"type":"Polygon","coordinates":[[[37.694697,55.687491],[37.69193,55.690189],[37.686396,55.690189],[37.683628,55.687491],[37.686396,55.684793],[37.69193,55.684793],[37.694697,55.687491]]]}},{"type":"Feature","properties":{"id":"M2578","kind":"river","core":true,"sea":false,"river":true,"stream":false,"lake":false},"geometry":{"type":"Polygon","coordinates":[[[37.694697,55.692887],[37.69193,55.695585],[37.686396,55.695585],[37.683628,55.692887],[37.686396,55.690189],[37.69193,55.690189],[37.694697,55.692887]]]}},{"type":"Feature","properties":{"id":"M2579","kind":"river","core":true,"sea":false,"river":true,"stream":false,"lake":false},"geometry":{"type":"Polygon","coordinates":[[[37.694697,55.698283],[37.69193,55.700981],[37.686396,55.700981],[37.683628,55.698283],[37.686396,55.695585],[37.69193,55.695585],[37.694697,55.698283]]]}},{"type":"Feature","properties":{"id":"M2580","kind":"river","core":false,"sea":false,"river":false,"stream":false,"lake":false},"geometry":{"type":"Polygon","coordinates":[[[37.694697,55.703679],[37.69193,55.706377],[37.686396,55.706377],[37.683628,55.703679],[37.686396,55.700981],[37.69193,55.700981],[37.694697,55.703679]]]}},{"type":"Feature","properties":{"id":"M2586","kind":"lake","core":true,"sea":false,"river":false,"stream":false,"lake":true},"geometry":{"type":"Polygon","coordinates":[[[37.694697,55.736054],[37.69193,55.738752],[37.686396,55.738752],[37.683628,55.736054],[37.686396,55.733356],[37.69193,55.733356],[37.694697,55.736054]]]}},{"type":"Feature","properties":{"id":"M2590","kind":"river","core":false,"sea":false,"river":false,"stream":false,"lake":false},"geometry":{"type":"Polygon","coordinates":[[[37.694697,55.757638],[37.69193,55.760336],[37.686396,55.760336],[37.683628,55.757638],[37.686396,55.75494],[37.69193,55.75494],[37.694697,55.757638]]]}},{"type":"Feature","properties":{"id":"M2591","kind":"river","core":true,"sea":false,"river":true,"stream":false,"lake":true},"geometry":{"type":"Polygon","coordinates":[[[37.694697,55.763034],[37.69193,55.765732],[37.686396,55.765732],[37.683628,55.763034],[37.686396,55.760336],[37.69193,55.760336],[37.694697,55.763034]]]}},{"type":"Feature","properties":{"id":"M2592","kind":"river","core":true,"sea":false,"river":true,"stream":false,"lake":true},"geometry":{"type":"Polygon","coordinates":[[[37.694697,55.76843],[37.69193,55.771128],[37.686396,55.771128],[37.683628,55.76843],[37.686396,55.765732],[37.69193,55.765732],[37.694697,55.76843]]]}},{"type":"Feature","properties":{"id":"M2593","kind":"river","core":false,"sea":false,"river":false,"stream":false,"lake":false},"geometry":{"type":"Polygon","coordinates":[[[37.694697,55.773826],[37.69193,55.776523],[37.686396,55.776523],[37.683628,55.773826],[37.686396,55.771128],[37.69193,55.771128],[37.694697,55.773826]]]}},{"type":"Feature","properties":{"id":"M2597","kind":"lake","core":true,"sea":false,"river":false,"stream":false,"lake":true},"geometry":{"type":"Polygon","coordinates":[[[37.694697,55.795409],[37.69193,55.798107],[37.686396,55.798107],[37.683628,55.795409],[37.686396,55.792711],[37.69193,55.792711],[37.694697,55.795409]]]}},{"type":"Feature","properties":{"id":"M2598","kind":"lake","core":true,"sea":false,"river":false,"stream":false,"lake":true},"geometry":{"type":"Polygon","coordinates":[[[37.694697,55.800805],[37.69193,55.803503],[37.686396,55.803503],[37.683628,55.800805],[37.686396,55.798107],[37.69193,55.798107],[37.694697,55.800805]]]}},{"type":"Feature","properties":{"id":"M2599","kind":"river","core":false,"sea":false,"river":false,"stream":false,"lake":false},"geometry":{"type":"Polygon","coordinates":[[[37.694697,55.806201],[37.69193,55.808899],[37.686396,55.808899],[37.683628,55.806201],[37.686396,55.803503],[37.69193,55.803503],[37.694697,55.806201]]]}},{"type":"Feature","properties":{"id":"M2600","kind":"river","core":true,"sea":false,"river":true,"stream":false,"lake":false},"geometry":{"type":"Polygon","coordinates":[[[37.694697,55.811597],[37.69193,55.814295],[37.686396,55.814295],[37.683628,55.811597],[37.686396,55.808899],[37.69193,55.808899],[37.694697,55.811597]]]}},{"type":"Feature","properties":{"id":"M2601","kind":"river","core":true,"sea":false,"river":true,"stream":false,"lake":true},"geometry":{"type":"Polygon","coordinates":[[[37.694697,55.816993],[37.69193,55.819691],[37.686396,55.819691],[37.683628,55.816993],[37.686396,55.814295],[37.69193,55.814295],[37.694697,55.816993]]]}},{"type":"Feature","properties":{"id":"M2602","kind":"river","core":false,"sea":false,"river":false,"stream":false,"lake":false},"geometry":{"type":"Polygon","coordinates":[[[37.694697,55.822389],[37.69193,55.825087],[37.686396,55.825087],[37.683628,55.822389],[37.686396,55.819691],[37.69193,55.819691],[37.694697,55.822389]]]}},{"type":"Feature","properties":{"id":"M2605","kind":"river","core":false,"sea":false,"river":false,"stream":false,"lake":false},"geometry":{"type":"Polygon","coordinates":[[[37.694697,55.838577],[37.69193,55.841275],[37.686396,55.841275],[37.683628,55.838577],[37.686396,55.835879],[37.69193,55.835879],[37.694697,55.838577]]]}},{"type":"Feature","properties":{"id":"M2606","kind":"river","core":true,"sea":false,"river":true,"stream":false,"lake":false},"geometry":{"type":"Polygon","coordinates":[[[37.694697,55.843973],[37.69193,55.84667],[37.686396,55.84667],[37.683628,55.843973],[37.686396,55.841275],[37.69193,55.841275],[37.694697,55.843973]]]}},{"type":"Feature","properties":{"id":"M2607","kind":"river","core":true,"sea":false,"river":true,"stream":false,"lake":false},"geometry":{"type":"Polygon","coordinates":[[[37.694697,55.849368],[37.69193,55.852066],[37.686396,55.852066],[37.683628,55.849368],[37.686396,55.84667],[37.69193,55.84667],[37.694697,55.849368]]]}},{"type":"Feature","properties":{"id":"M2608","kind":"river","core":false,"sea":false,"river":false,"stream":false,"lake":false},"geometry":{"type":"Polygon","coordinates":[[[37.694697,55.854764],[37.69193,55.857462],[37.686396,55.857462],[37.683628,55.854764],[37.686396,55.852066],[37.69193,55.852066],[37.694697,55.854764]]]}},{"type":"Feature","properties":{"id":"M2612","kind":"lake","core":true,"sea":false,"river":false,"stream":false,"lake":true},"geometry":{"type":"Polygon","coordinates":[[[37.694697,55.876348],[37.69193,55.879046],[37.686396,55.879046],[37.683628,55.876348],[37.686396,55.87365],[37.69193,55.87365],[37.694697,55.876348]]]}},{"type":"Feature","properties":{"id":"M2613","kind":"river","core":false,"sea":false,"river":false,"stream":false,"lake":false},"geometry":{"type":"Polygon","coordinates":[[[37.694697,55.881744],[37.69193,55.884442],[37.686396,55.884442],[37.683628,55.881744],[37.686396,55.879046],[37.69193,55.879046],[37.694697,55.881744]]]}},{"type":"Feature","properties":{"id":"M2614","kind":"river","core":true,"sea":false,"river":true,"stream":false,"lake":true},"geometry":{"type":"Polygon","coordinates":[[[37.694697,55.88714],[37.69193,55.889838],[37.686396,55.889838],[37.683628,55.88714],[37.686396,55.884442],[37.69193,55.884442],[37.694697,55.88714]]]}},{"type":"Feature","properties":{"id":"M2615","kind":"river","core":true,"sea":false,"river":true,"stream":false,"lake":true},"geometry":{"type":"Polygon","coordinates":[[[37.694697,55.892536],[37.69193,55.895234],[37.686396,55.895234],[37.683628,55.892536],[37.686396,55.889838],[37.69193,55.889838],[37.694697,55.892536]]]}},{"type":"Feature","properties":{"id":"M2616","kind":"river","core":false,"sea":false,"river":true,"stream":false,"lake":false},"geometry":{"type":"Polygon","coordinates":[[[37.694697,55.897932],[37.69193,55.90063],[37.686396,55.90063],[37.683628,55.897932],[37.686396,55.895234],[37.69193,55.895234],[37.694697,55.897932]]]}},{"type":"Feature","properties":{"id":"M2631","kind":"lake","core":true,"sea":false,"river":false,"stream":false,"lake":true},"geometry":{"type":"Polygon","coordinates":[[[37.702998,55.625438],[37.700231,55.628136],[37.694697,55.628136],[37.69193,55.625438],[37.694697,55.62274],[37.700231,55.62274],[37.702998,55.625438]]]}},{"type":"Feature","properties":{"id":"M2632","kind":"river","core":true,"sea":false,"river":true,"stream":false,"lake":true},"geometry":{"type":"Polygon","coordinates":[[[37.702998,55.630834],[37.700231,55.633532],[37.694697,55.633532],[37.69193,55.630834],[37.694697,55.628136],[37.700231,55.628136],[37.702998,55.630834]]]}},{"type":"Feature","properties":{"id":"M2633","kind":"river","core":false,"sea":false,"river":false,"stream":false,"lake":false},"geometry":{"type":"Polygon","coordinates":[[[37.702998,55.63623],[37.700231,55.638927],[37.694697,55.638927],[37.69193,55.63623],[37.694697,55.633532],[37.700231,55.633532],[37.702998,55.63623]]]}},{"type":"Feature","properties":{"id":"M2634","kind":"river","core":true,"sea":false,"river":true,"stream":false,"lake":false},"geometry":{"type":"Polygon","coordinates":[[[37.702998,55.641625],[37.700231,55.644323],[37.694697,55.644323],[37.69193,55.641625],[37.694697,55.638927],[37.700231,55.638927],[37.702998,55.641625]]]}},{"type":"Feature","properties":{"id":"M2635","kind":"river","core":false,"sea":false,"river":false,"stream":false,"lake":false},"geometry":{"type":"Polygon","coordinates":[[[37.702998,55.647021],[37.700231,55.649719],[37.694697,55.649719],[37.69193,55.647021],[37.694697,55.644323],[37.700231,55.644323],[37.702998,55.647021]]]}},{"type":"Feature","properties":{"id":"M2638","kind":"river","core":false,"sea":false,"river":false,"stream":false,"lake":false},"geometry":{"type":"Polygon","coordinates":[[[37.702998,55.663209],[37.700231,55.665907],[37.694697,55.665907],[37.69193,55.663209],[37.694697,55.660511],[37.700231,55.660511],[37.702998,55.663209]]]}},{"type":"Feature","properties":{"id":"M2639","kind":"river","core":true,"sea":false,"river":true,"stream":false,"lake":false},"geometry":{"type":"Polygon","coordinates":[[[37.702998,55.668605],[37.700231,55.671303],[37.694697,55.671303],[37.69193,55.668605],[37.694697,55.665907],[37.700231,55.665907],[37.702998,55.668605]]]}},{"type":"Feature","properties":{"id":"M2640","kind":"river","core":true,"sea":false,"river":true,"stream":false,"lake":false},"geometry":{"type":"Polygon","coordinates":[[[37.702998,55.674001],[37.700231,55.676699],[37.694697,55.676699],[37.69193,55.674001],[37.694697,55.671303],[37.700231,55.671303],[37.702998,55.674001]]]}},{"type":"Feature","properties":{"id":"M2641","kind":"river","core":true,"sea":false,"river":true,"stream":false,"lake":false},"geometry":{"type":"Polygon","coordinates":[[[37.702998,55.679397],[37.700231,55.682095],[37.694697,55.682095],[37.69193,55.679397],[37.694697,55.676699],[37.700231,55.676699],[37.702998,55.679397]]]}},{"type":"Feature","properties":{"id":"M2642","kind":"river","core":true,"sea":false,"river":true,"stream":false,"lake":false},"geometry":{"type":"Polygon","coordinates":[[[37.702998,55.684793],[37.700231,55.687491],[37.694697,55.687491],[37.69193,55.684793],[37.694697,55.682095],[37.700231,55.682095],[37.702998,55.684793]]]}},{"type":"Feature","properties":{"id":"M2643","kind":"river","core":true,"sea":false,"river":true,"stream":false,"lake":false},"geometry":{"type":"Polygon","coordinates":[[[37.702998,55.690189],[37.700231,55.692887],[37.694697,55.692887],[37.69193,55.690189],[37.694697,55.687491],[37.700231,55.687491],[37.702998,55.690189]]]}},{"type":"Feature","properties":{"id":"M2644","kind":"river","core":true,"sea":false,"river":true,"stream":false,"lake":false},"geometry":{"type":"Polygon","coordinates":[[[37.702998,55.695585],[37.700231,55.698283],[37.694697,55.698283],[37.69193,55.695585],[37.694697,55.692887],[37.700231,55.692887],[37.702998,55.695585]]]}},{"type":"Feature","properties":{"id":"M2645","kind":"river","core":true,"sea":false,"river":true,"stream":false,"lake":false},"geometry":{"type":"Polygon","coordinates":[[[37.702998,55.700981],[37.700231,55.703679],[37.694697,55.703679],[37.69193,55.700981],[37.694697,55.698283],[37.700231,55.698283],[37.702998,55.700981]]]}},{"type":"Feature","properties":{"id":"M2646","kind":"river","core":false,"sea":false,"river":false,"stream":false,"lake":false},"geometry":{"type":"Polygon","coordinates":[[[37.702998,55.706377],[37.700231,55.709074],[37.694697,55.709074],[37.69193,55.706377],[37.694697,55.703679],[37.700231,55.703679],[37.702998,55.706377]]]}},{"type":"Feature","properties":{"id":"M2651","kind":"lake","core":true,"sea":false,"river":false,"stream":false,"lake":true},"geometry":{"type":"Polygon","coordinates":[[[37.702998,55.733356],[37.700231,55.736054],[37.694697,55.736054],[37.69193,55.733356],[37.694697,55.730658],[37.700231,55.730658],[37.702998,55.733356]]]}},{"type":"Feature","properties":{"id":"M2657","kind":"lake","core":true,"sea":false,"river":false,"stream":false,"lake":true},"geometry":{"type":"Polygon","coordinates":[[[37.702998,55.765732],[37.700231,55.76843],[37.694697,55.76843],[37.69193,55.765732],[37.694697,55.763034],[37.700231,55.763034],[37.702998,55.765732]]]}},{"type":"Feature","properties":{"id":"M2658","kind":"river","core":true,"sea":false,"river":true,"stream":false,"lake":false},"geometry":{"type":"Polygon","coordinates":[[[37.702998,55.771128],[37.700231,55.773826],[37.694697,55.773826],[37.69193,55.771128],[37.694697,55.76843],[37.700231,55.76843],[37.702998,55.771128]]]}},{"type":"Feature","properties":{"id":"M2659","kind":"river","core":true,"sea":false,"river":true,"stream":false,"lake":false},"geometry":{"type":"Polygon","coordinates":[[[37.702998,55.776523],[37.700231,55.779221],[37.694697,55.779221],[37.69193,55.776523],[37.694697,55.773826],[37.700231,55.773826],[37.702998,55.776523]]]}},{"type":"Feature","properties":{"id":"M2660","kind":"river","core":true,"sea":false,"river":true,"stream":false,"lake":false},"geometry":{"type":"Polygon","coordinates":[[[37.702998,55.781919],[37.700231,55.784617],[37.694697,55.784617],[37.69193,55.781919],[37.694697,55.779221],[37.700231,55.779221],[37.702998,55.781919]]]}},{"type":"Feature","properties":{"id":"M2661","kind":"river","core":true,"sea":false,"river":true,"stream":false,"lake":false},"geometry":{"type":"Polygon","coordinates":[[[37.702998,55.787315],[37.700231,55.790013],[37.694697,55.790013],[37.69193,55.787315],[37.694697,55.784617],[37.700231,55.784617],[37.702998,55.787315]]]}},{"type":"Feature","properties":{"id":"M2662","kind":"river","core":false,"sea":false,"river":false,"stream":false,"lake":false},"geometry":{"type":"Polygon","coordinates":[[[37.702998,55.792711],[37.700231,55.795409],[37.694697,55.795409],[37.69193,55.792711],[37.694697,55.790013],[37.700231,55.790013],[37.702998,55.792711]]]}},{"type":"Feature","properties":{"id":"M2663","kind":"river","core":true,"sea":false,"river":true,"stream":false,"lake":false},"geometry":{"type":"Polygon","coordinates":[[[37.702998,55.798107],[37.700231,55.800805],[37.694697,55.800805],[37.69193,55.798107],[37.694697,55.795409],[37.700231,55.795409],[37.702998,55.798107]]]}},{"type":"Feature","properties":{"id":"M2664","kind":"river","core":true,"sea":false,"river":true,"stream":false,"lake":true},"geometry":{"type":"Polygon","coordinates":[[[37.702998,55.803503],[37.700231,55.806201],[37.694697,55.806201],[37.69193,55.803503],[37.694697,55.800805],[37.700231,55.800805],[37.702998,55.803503]]]}},{"type":"Feature","properties":{"id":"M2665","kind":"river","core":true,"sea":false,"river":true,"stream":false,"lake":false},"geometry":{"type":"Polygon","coordinates":[[[37.702998,55.808899],[37.700231,55.811597],[37.694697,55.811597],[37.69193,55.808899],[37.694697,55.806201],[37.700231,55.806201],[37.702998,55.808899]]]}},{"type":"Feature","properties":{"id":"M2666","kind":"river","core":true,"sea":false,"river":true,"stream":false,"lake":false},"geometry":{"type":"Polygon","coordinates":[[[37.702998,55.814295],[37.700231,55.816993],[37.694697,55.816993],[37.69193,55.814295],[37.694697,55.811597],[37.700231,55.811597],[37.702998,55.814295]]]}},{"type":"Feature","properties":{"id":"M2667","kind":"lake","core":true,"sea":false,"river":false,"stream":false,"lake":true},"geometry":{"type":"Polygon","coordinates":[[[37.702998,55.819691],[37.700231,55.822389],[37.694697,55.822389],[37.69193,55.819691],[37.694697,55.816993],[37.700231,55.816993],[37.702998,55.819691]]]}},{"type":"Feature","properties":{"id":"M2671","kind":"river","core":false,"sea":false,"river":false,"stream":false,"lake":false},"geometry":{"type":"Polygon","coordinates":[[[37.702998,55.841275],[37.700231,55.843973],[37.694697,55.843973],[37.69193,55.841275],[37.694697,55.838577],[37.700231,55.838577],[37.702998,55.841275]]]}},{"type":"Feature","properties":{"id":"M2672","kind":"river","core":true,"sea":false,"river":true,"stream":false,"lake":true},"geometry":{"type":"Polygon","coordinates":[[[37.702998,55.84667],[37.700231,55.849368],[37.694697,55.849368],[37.69193,55.84667],[37.694697,55.843973],[37.700231,55.843973],[37.702998,55.84667]]]}},{"type":"Feature","properties":{"id":"M2673","kind":"lake","core":true,"sea":false,"river":false,"stream":false,"lake":true},"geometry":{"type":"Polygon","coordinates":[[[37.702998,55.852066],[37.700231,55.854764],[37.694697,55.854764],[37.69193,55.852066],[37.694697,55.849368],[37.700231,55.849368],[37.702998,55.852066]]]}},{"type":"Feature","properties":{"id":"M2674","kind":"lake","core":true,"sea":false,"river":false,"stream":false,"lake":true},"geometry":{"type":"Polygon","coordinates":[[[37.702998,55.857462],[37.700231,55.86016],[37.694697,55.86016],[37.69193,55.857462],[37.694697,55.854764],[37.700231,55.854764],[37.702998,55.857462]]]}},{"type":"Feature","properties":{"id":"M2679","kind":"river","core":false,"sea":false,"river":false,"stream":false,"lake":false},"geometry":{"type":"Polygon","coordinates":[[[37.702998,55.884442],[37.700231,55.88714],[37.694697,55.88714],[37.69193,55.884442],[37.694697,55.881744],[37.700231,55.881744],[37.702998,55.884442]]]}},{"type":"Feature","properties":{"id":"M2680","kind":"river","core":true,"sea":false,"river":true,"stream":false,"lake":true},"geometry":{"type":"Polygon","coordinates":[[[37.702998,55.889838],[37.700231,55.892536],[37.694697,55.892536],[37.69193,55.889838],[37.694697,55.88714],[37.700231,55.88714],[37.702998,55.889838]]]}},{"type":"Feature","properties":{"id":"M2681","kind":"river","core":false,"sea":false,"river":false,"stream":false,"lake":false},"geometry":{"type":"Polygon","coordinates":[[[37.702998,55.895234],[37.700231,55.897932],[37.694697,55.897932],[37.69193,55.895234],[37.694697,55.892536],[37.700231,55.892536],[37.702998,55.895234]]]}},{"type":"Feature","properties":{"id":"M2696","kind":"river","core":false,"sea":false,"river":false,"stream":false,"lake":false},"geometry":{"type":"Polygon","coordinates":[[[37.711299,55.62274],[37.708532,55.625438],[37.702998,55.625438],[37.700231,55.62274],[37.702998,55.620042],[37.708532,55.620042],[37.711299,55.62274]]]}},{"type":"Feature","properties":{"id":"M2697","kind":"river","core":true,"sea":false,"river":true,"stream":false,"lake":true},"geometry":{"type":"Polygon","coordinates":[[[37.711299,55.628136],[37.708532,55.630834],[37.702998,55.630834],[37.700231,55.628136],[37.702998,55.625438],[37.708532,55.625438],[37.711299,55.628136]]]}},{"type":"Feature","properties":{"id":"M2698","kind":"lake","core":true,"sea":false,"river":false,"stream":false,"lake":true},"geometry":{"type":"Polygon","coordinates":[[[37.711299,55.633532],[37.708532,55.63623],[37.702998,55.63623],[37.700231,55.633532],[37.702998,55.630834],[37.708532,55.630834],[37.711299,55.633532]]]}},{"type":"Feature","properties":{"id":"M2699","kind":"river","core":true,"sea":false,"river":true,"stream":false,"lake":false},"geometry":{"type":"Polygon","coordinates":[[[37.711299,55.638927],[37.708532,55.641625],[37.702998,55.641625],[37.700231,55.638927],[37.702998,55.63623],[37.708532,55.63623],[37.711299,55.638927]]]}},{"type":"Feature","properties":{"id":"M2700","kind":"river","core":true,"sea":false,"river":true,"stream":false,"lake":false},"geometry":{"type":"Polygon","coordinates":[[[37.711299,55.644323],[37.708532,55.647021],[37.702998,55.647021],[37.700231,55.644323],[37.702998,55.641625],[37.708532,55.641625],[37.711299,55.644323]]]}},{"type":"Feature","properties":{"id":"M2701","kind":"river","core":false,"sea":false,"river":false,"stream":false,"lake":false},"geometry":{"type":"Polygon","coordinates":[[[37.711299,55.649719],[37.708532,55.652417],[37.702998,55.652417],[37.700231,55.649719],[37.702998,55.647021],[37.708532,55.647021],[37.711299,55.649719]]]}},{"type":"Feature","properties":{"id":"M2703","kind":"lake","core":true,"sea":false,"river":false,"stream":false,"lake":true},"geometry":{"type":"Polygon","coordinates":[[[37.711299,55.660511],[37.708532,55.663209],[37.702998,55.663209],[37.700231,55.660511],[37.702998,55.657813],[37.708532,55.657813],[37.711299,55.660511]]]}},{"type":"Feature","properties":{"id":"M2704","kind":"river","core":true,"sea":false,"river":true,"stream":false,"lake":false},"geometry":{"type":"Polygon","coordinates":[[[37.711299,55.665907],[37.708532,55.668605],[37.702998,55.668605],[37.700231,55.665907],[37.702998,55.663209],[37.708532,55.663209],[37.711299,55.665907]]]}},{"type":"Feature","properties":{"id":"M2705","kind":"river","core":true,"sea":false,"river":true,"stream":false,"lake":false},"geometry":{"type":"Polygon","coordinates":[[[37.711299,55.671303],[37.708532,55.674001],[37.702998,55.674001],[37.700231,55.671303],[37.702998,55.668605],[37.708532,55.668605],[37.711299,55.671303]]]}},{"type":"Feature","properties":{"id":"M2706","kind":"river","core":true,"sea":false,"river":true,"stream":false,"lake":false},"geometry":{"type":"Polygon","coordinates":[[[37.711299,55.676699],[37.708532,55.679397],[37.702998,55.679397],[37.700231,55.676699],[37.702998,55.674001],[37.708532,55.674001],[37.711299,55.676699]]]}},{"type":"Feature","properties":{"id":"M2707","kind":"river","core":true,"sea":false,"river":true,"stream":false,"lake":false},"geometry":{"type":"Polygon","coordinates":[[[37.711299,55.682095],[37.708532,55.684793],[37.702998,55.684793],[37.700231,55.682095],[37.702998,55.679397],[37.708532,55.679397],[37.711299,55.682095]]]}},{"type":"Feature","properties":{"id":"M2708","kind":"river","core":true,"sea":false,"river":true,"stream":false,"lake":false},"geometry":{"type":"Polygon","coordinates":[[[37.711299,55.687491],[37.708532,55.690189],[37.702998,55.690189],[37.700231,55.687491],[37.702998,55.684793],[37.708532,55.684793],[37.711299,55.687491]]]}},{"type":"Feature","properties":{"id":"M2709","kind":"river","core":true,"sea":false,"river":true,"stream":false,"lake":false},"geometry":{"type":"Polygon","coordinates":[[[37.711299,55.692887],[37.708532,55.695585],[37.702998,55.695585],[37.700231,55.692887],[37.702998,55.690189],[37.708532,55.690189],[37.711299,55.692887]]]}},{"type":"Feature","properties":{"id":"M2710","kind":"river","core":true,"sea":false,"river":true,"stream":false,"lake":false},"geometry":{"type":"Polygon","coordinates":[[[37.711299,55.698283],[37.708532,55.700981],[37.702998,55.700981],[37.700231,55.698283],[37.702998,55.695585],[37.708532,55.695585],[37.711299,55.698283]]]}},{"type":"Feature","properties":{"id":"M2711","kind":"river","core":false,"sea":false,"river":false,"stream":false,"lake":false},"geometry":{"type":"Polygon","coordinates":[[[37.711299,55.703679],[37.708532,55.706377],[37.702998,55.706377],[37.700231,55.703679],[37.702998,55.700981],[37.708532,55.700981],[37.711299,55.703679]]]}},{"type":"Feature","properties":{"id":"M2724","kind":"river","core":false,"sea":false,"river":false,"stream":false,"lake":false},"geometry":{"type":"Polygon","coordinates":[[[37.711299,55.773826],[37.708532,55.776523],[37.702998,55.776523],[37.700231,55.773826],[37.702998,55.771128],[37.708532,55.771128],[37.711299,55.773826]]]}},{"type":"Feature","properties":{"id":"M2725","kind":"river","core":true,"sea":false,"river":true,"stream":false,"lake":false},"geometry":{"type":"Polygon","coordinates":[[[37.711299,55.779221],[37.708532,55.781919],[37.702998,55.781919],[37.700231,55.779221],[37.702998,55.776523],[37.708532,55.776523],[37.711299,55.779221]]]}},{"type":"Feature","properties":{"id":"M2726","kind":"river","core":false,"sea":false,"river":false,"stream":false,"lake":false},"geometry":{"type":"Polygon","coordinates":[[[37.711299,55.784617],[37.708532,55.787315],[37.702998,55.787315],[37.700231,55.784617],[37.702998,55.781919],[37.708532,55.781919],[37.711299,55.784617]]]}},{"type":"Feature","properties":{"id":"M2727","kind":"river","core":true,"sea":false,"river":true,"stream":false,"lake":false},"geometry":{"type":"Polygon","coordinates":[[[37.711299,55.790013],[37.708532,55.792711],[37.702998,55.792711],[37.700231,55.790013],[37.702998,55.787315],[37.708532,55.787315],[37.711299,55.790013]]]}},{"type":"Feature","properties":{"id":"M2728","kind":"river","core":true,"sea":false,"river":true,"stream":false,"lake":false},"geometry":{"type":"Polygon","coordinates":[[[37.711299,55.795409],[37.708532,55.798107],[37.702998,55.798107],[37.700231,55.795409],[37.702998,55.792711],[37.708532,55.792711],[37.711299,55.795409]]]}},{"type":"Feature","properties":{"id":"M2729","kind":"river","core":false,"sea":false,"river":false,"stream":false,"lake":false},"geometry":{"type":"Polygon","coordinates":[[[37.711299,55.800805],[37.708532,55.803503],[37.702998,55.803503],[37.700231,55.800805],[37.702998,55.798107],[37.708532,55.798107],[37.711299,55.800805]]]}},{"type":"Feature","properties":{"id":"M2730","kind":"river","core":true,"sea":false,"river":true,"stream":false,"lake":false},"geometry":{"type":"Polygon","coordinates":[[[37.711299,55.806201],[37.708532,55.808899],[37.702998,55.808899],[37.700231,55.806201],[37.702998,55.803503],[37.708532,55.803503],[37.711299,55.806201]]]}},{"type":"Feature","properties":{"id":"M2731","kind":"river","core":false,"sea":false,"river":false,"stream":false,"lake":false},"geometry":{"type":"Polygon","coordinates":[[[37.711299,55.811597],[37.708532,55.814295],[37.702998,55.814295],[37.700231,55.811597],[37.702998,55.808899],[37.708532,55.808899],[37.711299,55.811597]]]}},{"type":"Feature","properties":{"id":"M2738","kind":"lake","core":true,"sea":false,"river":false,"stream":false,"lake":true},"geometry":{"type":"Polygon","coordinates":[[[37.711299,55.849368],[37.708532,55.852066],[37.702998,55.852066],[37.700231,55.849368],[37.702998,55.84667],[37.708532,55.84667],[37.711299,55.849368]]]}},{"type":"Feature","properties":{"id":"M2744","kind":"river","core":false,"sea":false,"river":false,"stream":false,"lake":false},"geometry":{"type":"Polygon","coordinates":[[[37.711299,55.881744],[37.708532,55.884442],[37.702998,55.884442],[37.700231,55.881744],[37.702998,55.879046],[37.708532,55.879046],[37.711299,55.881744]]]}},{"type":"Feature","properties":{"id":"M2745","kind":"river","core":true,"sea":false,"river":true,"stream":false,"lake":true},"geometry":{"type":"Polygon","coordinates":[[[37.711299,55.88714],[37.708532,55.889838],[37.702998,55.889838],[37.700231,55.88714],[37.702998,55.884442],[37.708532,55.884442],[37.711299,55.88714]]]}},{"type":"Feature","properties":{"id":"M2746","kind":"river","core":false,"sea":false,"river":true,"stream":false,"lake":true},"geometry":{"type":"Polygon","coordinates":[[[37.711299,55.892536],[37.708532,55.895234],[37.702998,55.895234],[37.700231,55.892536],[37.702998,55.889838],[37.708532,55.889838],[37.711299,55.892536]]]}},{"type":"Feature","properties":{"id":"M2762","kind":"river","core":false,"sea":false,"river":false,"stream":false,"lake":false},"geometry":{"type":"Polygon","coordinates":[[[37.719601,55.625438],[37.716834,55.628136],[37.711299,55.628136],[37.708532,55.625438],[37.711299,55.62274],[37.716834,55.62274],[37.719601,55.625438]]]}},{"type":"Feature","properties":{"id":"M2763","kind":"river","core":true,"sea":false,"river":true,"stream":false,"lake":true},"geometry":{"type":"Polygon","coordinates":[[[37.719601,55.630834],[37.716834,55.633532],[37.711299,55.633532],[37.708532,55.630834],[37.711299,55.628136],[37.716834,55.628136],[37.719601,55.630834]]]}},{"type":"Feature","properties":{"id":"M2764","kind":"river","core":true,"sea":false,"river":true,"stream":false,"lake":true},"geometry":{"type":"Polygon","coordinates":[[[37.719601,55.63623],[37.716834,55.638927],[37.711299,55.638927],[37.708532,55.63623],[37.711299,55.633532],[37.716834,55.633532],[37.719601,55.63623]]]}},{"type":"Feature","properties":{"id":"M2765","kind":"river","core":true,"sea":false,"river":true,"stream":false,"lake":false},"geometry":{"type":"Polygon","coordinates":[[[37.719601,55.641625],[37.716834,55.644323],[37.711299,55.644323],[37.708532,55.641625],[37.711299,55.638927],[37.716834,55.638927],[37.719601,55.641625]]]}},{"type":"Feature","properties":{"id":"M2766","kind":"river","core":false,"sea":false,"river":false,"stream":false,"lake":false},"geometry":{"type":"Polygon","coordinates":[[[37.719601,55.647021],[37.716834,55.649719],[37.711299,55.649719],[37.708532,55.647021],[37.711299,55.644323],[37.716834,55.644323],[37.719601,55.647021]]]}},{"type":"Feature","properties":{"id":"M2769","kind":"river","core":false,"sea":false,"river":false,"stream":false,"lake":false},"geometry":{"type":"Polygon","coordinates":[[[37.719601,55.663209],[37.716834,55.665907],[37.711299,55.665907],[37.708532,55.663209],[37.711299,55.660511],[37.716834,55.660511],[37.719601,55.663209]]]}},{"type":"Feature","properties":{"id":"M2770","kind":"river","core":true,"sea":false,"river":true,"stream":false,"lake":false},"geometry":{"type":"Polygon","coordinates":[[[37.719601,55.668605],[37.716834,55.671303],[37.711299,55.671303],[37.708532,55.668605],[37.711299,55.665907],[37.716834,55.665907],[37.719601,55.668605]]]}},{"type":"Feature","properties":{"id":"M2771","kind":"river","core":true,"sea":false,"river":true,"stream":false,"lake":false},"geometry":{"type":"Polygon","coordinates":[[[37.719601,55.674001],[37.716834,55.676699],[37.711299,55.676699],[37.708532,55.674001],[37.711299,55.671303],[37.716834,55.671303],[37.719601,55.674001]]]}},{"type":"Feature","properties":{"id":"M2772","kind":"river","core":true,"sea":false,"river":true,"stream":false,"lake":false},"geometry":{"type":"Polygon","coordinates":[[[37.719601,55.679397],[37.716834,55.682095],[37.711299,55.682095],[37.708532,55.679397],[37.711299,55.676699],[37.716834,55.676699],[37.719601,55.679397]]]}},{"type":"Feature","properties":{"id":"M2773","kind":"river","core":true,"sea":false,"river":true,"stream":false,"lake":false},"geometry":{"type":"Polygon","coordinates":[[[37.719601,55.684793],[37.716834,55.687491],[37.711299,55.687491],[37.708532,55.684793],[37.711299,55.682095],[37.716834,55.682095],[37.719601,55.684793]]]}},{"type":"Feature","properties":{"id":"M2774","kind":"river","core":true,"sea":false,"river":true,"stream":false,"lake":false},"geometry":{"type":"Polygon","coordinates":[[[37.719601,55.690189],[37.716834,55.692887],[37.711299,55.692887],[37.708532,55.690189],[37.711299,55.687491],[37.716834,55.687491],[37.719601,55.690189]]]}},{"type":"Feature","properties":{"id":"M2775","kind":"river","core":true,"sea":false,"river":true,"stream":false,"lake":false},"geometry":{"type":"Polygon","coordinates":[[[37.719601,55.695585],[37.716834,55.698283],[37.711299,55.698283],[37.708532,55.695585],[37.711299,55.692887],[37.716834,55.692887],[37.719601,55.695585]]]}},{"type":"Feature","properties":{"id":"M2776","kind":"river","core":false,"sea":false,"river":false,"stream":false,"lake":false},"geometry":{"type":"Polygon","coordinates":[[[37.719601,55.700981],[37.716834,55.703679],[37.711299,55.703679],[37.708532,55.700981],[37.711299,55.698283],[37.716834,55.698283],[37.719601,55.700981]]]}},{"type":"Feature","properties":{"id":"M2809","kind":"river","core":false,"sea":false,"river":false,"stream":false,"lake":false},"geometry":{"type":"Polygon","coordinates":[[[37.719601,55.879046],[37.716834,55.881744],[37.711299,55.881744],[37.708532,55.879046],[37.711299,55.876348],[37.716834,55.876348],[37.719601,55.879046]]]}},{"type":"Feature","properties":{"id":"M2810","kind":"river","core":true,"sea":false,"river":true,"stream":false,"lake":false},"geometry":{"type":"Polygon","coordinates":[[[37.719601,55.884442],[37.716834,55.88714],[37.711299,55.88714],[37.708532,55.884442],[37.711299,55.881744],[37.716834,55.881744],[37.719601,55.884442]]]}},{"type":"Feature","properties":{"id":"M2811","kind":"river","core":false,"sea":false,"river":true,"stream":false,"lake":false},"geometry":{"type":"Polygon","coordinates":[[[37.719601,55.889838],[37.716834,55.892536],[37.711299,55.892536],[37.708532,55.889838],[37.711299,55.88714],[37.716834,55.88714],[37.719601,55.889838]]]}},{"type":"Feature","properties":{"id":"M2828","kind":"lake","core":true,"sea":false,"river":false,"stream":false,"lake":true},"geometry":{"type":"Polygon","coordinates":[[[37.727902,55.628136],[37.725135,55.630834],[37.719601,55.630834],[37.716834,55.628136],[37.719601,55.625438],[37.725135,55.625438],[37.727902,55.628136]]]}},{"type":"Feature","properties":{"id":"M2829","kind":"river","core":true,"sea":false,"river":true,"stream":false,"lake":true},"geometry":{"type":"Polygon","coordinates":[[[37.727902,55.633532],[37.725135,55.63623],[37.719601,55.63623],[37.716834,55.633532],[37.719601,55.630834],[37.725135,55.630834],[37.727902,55.633532]]]}},{"type":"Feature","properties":{"id":"M2830","kind":"river","core":true,"sea":false,"river":true,"stream":false,"lake":false},"geometry":{"type":"Polygon","coordinates":[[[37.727902,55.638927],[37.725135,55.641625],[37.719601,55.641625],[37.716834,55.638927],[37.719601,55.63623],[37.725135,55.63623],[37.727902,55.638927]]]}},{"type":"Feature","properties":{"id":"M2831","kind":"river","core":true,"sea":false,"river":true,"stream":false,"lake":true},"geometry":{"type":"Polygon","coordinates":[[[37.727902,55.644323],[37.725135,55.647021],[37.719601,55.647021],[37.716834,55.644323],[37.719601,55.641625],[37.725135,55.641625],[37.727902,55.644323]]]}},{"type":"Feature","properties":{"id":"M2832","kind":"river","core":false,"sea":false,"river":false,"stream":false,"lake":false},"geometry":{"type":"Polygon","coordinates":[[[37.727902,55.649719],[37.725135,55.652417],[37.719601,55.652417],[37.716834,55.649719],[37.719601,55.647021],[37.725135,55.647021],[37.727902,55.649719]]]}},{"type":"Feature","properties":{"id":"M2874","kind":"river","core":false,"sea":false,"river":false,"stream":false,"lake":false},"geometry":{"type":"Polygon","coordinates":[[[37.727902,55.876348],[37.725135,55.879046],[37.719601,55.879046],[37.716834,55.876348],[37.719601,55.87365],[37.725135,55.87365],[37.727902,55.876348]]]}},{"type":"Feature","properties":{"id":"M2875","kind":"river","core":true,"sea":false,"river":true,"stream":false,"lake":false},"geometry":{"type":"Polygon","coordinates":[[[37.727902,55.881744],[37.725135,55.884442],[37.719601,55.884442],[37.716834,55.881744],[37.719601,55.879046],[37.725135,55.879046],[37.727902,55.881744]]]}},{"type":"Feature","properties":{"id":"M2876","kind":"river","core":false,"sea":false,"river":false,"stream":false,"lake":false},"geometry":{"type":"Polygon","coordinates":[[[37.727902,55.88714],[37.725135,55.889838],[37.719601,55.889838],[37.716834,55.88714],[37.719601,55.884442],[37.725135,55.884442],[37.727902,55.88714]]]}},{"type":"Feature","properties":{"id":"M2887","kind":"lake","core":true,"sea":false,"river":false,"stream":false,"lake":true},"geometry":{"type":"Polygon","coordinates":[[[37.736203,55.593062],[37.733436,55.59576],[37.727902,55.59576],[37.725135,55.593062],[37.727902,55.590364],[37.733436,55.590364],[37.736203,55.593062]]]}},{"type":"Feature","properties":{"id":"M2893","kind":"river","core":false,"sea":false,"river":false,"stream":false,"lake":false},"geometry":{"type":"Polygon","coordinates":[[[37.736203,55.625438],[37.733436,55.628136],[37.727902,55.628136],[37.725135,55.625438],[37.727902,55.62274],[37.733436,55.62274],[37.736203,55.625438]]]}},{"type":"Feature","properties":{"id":"M2894","kind":"river","core":true,"sea":false,"river":true,"stream":false,"lake":true},"geometry":{"type":"Polygon","coordinates":[[[37.736203,55.630834],[37.733436,55.633532],[37.727902,55.633532],[37.725135,55.630834],[37.727902,55.628136],[37.733436,55.628136],[37.736203,55.630834]]]}},{"type":"Feature","properties":{"id":"M2895","kind":"lake","core":true,"sea":false,"river":false,"stream":false,"lake":true},"geometry":{"type":"Polygon","coordinates":[[[37.736203,55.63623],[37.733436,55.638927],[37.727902,55.638927],[37.725135,55.63623],[37.727902,55.633532],[37.733436,55.633532],[37.736203,55.63623]]]}},{"type":"Feature","properties":{"id":"M2896","kind":"river","core":true,"sea":false,"river":true,"stream":false,"lake":true},"geometry":{"type":"Polygon","coordinates":[[[37.736203,55.641625],[37.733436,55.644323],[37.727902,55.644323],[37.725135,55.641625],[37.727902,55.638927],[37.733436,55.638927],[37.736203,55.641625]]]}},{"type":"Feature","properties":{"id":"M2897","kind":"lake","core":true,"sea":false,"river":false,"stream":false,"lake":true},"geometry":{"type":"Polygon","coordinates":[[[37.736203,55.647021],[37.733436,55.649719],[37.727902,55.649719],[37.725135,55.647021],[37.727902,55.644323],[37.733436,55.644323],[37.736203,55.647021]]]}},{"type":"Feature","properties":{"id":"M2908","kind":"lake","core":true,"sea":false,"river":false,"stream":false,"lake":true},"geometry":{"type":"Polygon","coordinates":[[[37.736203,55.706377],[37.733436,55.709074],[37.727902,55.709074],[37.725135,55.706377],[37.727902,55.703679],[37.733436,55.703679],[37.736203,55.706377]]]}},{"type":"Feature","properties":{"id":"M2925","kind":"lake","core":true,"sea":false,"river":false,"stream":false,"lake":true},"geometry":{"type":"Polygon","coordinates":[[[37.736203,55.798107],[37.733436,55.800805],[37.727902,55.800805],[37.725135,55.798107],[37.727902,55.795409],[37.733436,55.795409],[37.736203,55.798107]]]}},{"type":"Feature","properties":{"id":"M2926","kind":"lake","core":true,"sea":false,"river":false,"stream":false,"lake":true},"geometry":{"type":"Polygon","coordinates":[[[37.736203,55.803503],[37.733436,55.806201],[37.727902,55.806201],[37.725135,55.803503],[37.727902,55.800805],[37.733436,55.800805],[37.736203,55.803503]]]}},{"type":"Feature","properties":{"id":"M2927","kind":"lake","core":true,"sea":false,"river":false,"stream":false,"lake":true},"geometry":{"type":"Polygon","coordinates":[[[37.736203,55.808899],[37.733436,55.811597],[37.727902,55.811597],[37.725135,55.808899],[37.727902,55.806201],[37.733436,55.806201],[37.736203,55.808899]]]}},{"type":"Feature","properties":{"id":"M2937","kind":"lake","core":true,"sea":false,"river":false,"stream":false,"lake":true},"geometry":{"type":"Polygon","coordinates":[[[37.736203,55.862858],[37.733436,55.865556],[37.727902,55.865556],[37.725135,55.862858],[37.727902,55.86016],[37.733436,55.86016],[37.736203,55.862858]]]}},{"type":"Feature","properties":{"id":"M2938","kind":"lake","core":true,"sea":false,"river":false,"stream":false,"lake":true},"geometry":{"type":"Polygon","coordinates":[[[37.736203,55.868254],[37.733436,55.870952],[37.727902,55.870952],[37.725135,55.868254],[37.727902,55.865556],[37.733436,55.865556],[37.736203,55.868254]]]}},{"type":"Feature","properties":{"id":"M2939","kind":"river","core":true,"sea":false,"river":true,"stream":false,"lake":false},"geometry":{"type":"Polygon","coordinates":[[[37.736203,55.87365],[37.733436,55.876348],[37.727902,55.876348],[37.725135,55.87365],[37.727902,55.870952],[37.733436,55.870952],[37.736203,55.87365]]]}},{"type":"Feature","properties":{"id":"M2940","kind":"river","core":true,"sea":false,"river":true,"stream":false,"lake":false},"geometry":{"type":"Polygon","coordinates":[[[37.736203,55.879046],[37.733436,55.881744],[37.727902,55.881744],[37.725135,55.879046],[37.727902,55.876348],[37.733436,55.876348],[37.736203,55.879046]]]}},{"type":"Feature","properties":{"id":"M2941","kind":"river","core":false,"sea":false,"river":false,"stream":false,"lake":false},"geometry":{"type":"Polygon","coordinates":[[[37.736203,55.884442],[37.733436,55.88714],[37.727902,55.88714],[37.725135,55.884442],[37.727902,55.881744],[37.733436,55.881744],[37.736203,55.884442]]]}},{"type":"Feature","properties":{"id":"M2953","kind":"lake","core":true,"sea":false,"river":false,"stream":false,"lake":true},"geometry":{"type":"Polygon","coordinates":[[[37.744504,55.59576],[37.741737,55.598458],[37.736203,55.598458],[37.733436,55.59576],[37.736203,55.593062],[37.741737,55.593062],[37.744504,55.59576]]]}},{"type":"Feature","properties":{"id":"M2958","kind":"river","core":false,"sea":false,"river":false,"stream":false,"lake":false},"geometry":{"type":"Polygon","coordinates":[[[37.744504,55.62274],[37.741737,55.625438],[37.736203,55.625438],[37.733436,55.62274],[37.736203,55.620042],[37.741737,55.620042],[37.744504,55.62274]]]}},{"type":"Feature","properties":{"id":"M2959","kind":"river","core":true,"sea":false,"river":true,"stream":false,"lake":false},"geometry":{"type":"Polygon","coordinates":[[[37.744504,55.628136],[37.741737,55.630834],[37.736203,55.630834],[37.733436,55.628136],[37.736203,55.625438],[37.741737,55.625438],[37.744504,55.628136]]]}},{"type":"Feature","properties":{"id":"M2960","kind":"river","core":true,"sea":false,"river":true,"stream":false,"lake":false},"geometry":{"type":"Polygon","coordinates":[[[37.744504,55.633532],[37.741737,55.63623],[37.736203,55.63623],[37.733436,55.633532],[37.736203,55.630834],[37.741737,55.630834],[37.744504,55.633532]]]}},{"type":"Feature","properties":{"id":"M2961","kind":"river","core":true,"sea":false,"river":true,"stream":false,"lake":false},"geometry":{"type":"Polygon","coordinates":[[[37.744504,55.638927],[37.741737,55.641625],[37.736203,55.641625],[37.733436,55.638927],[37.736203,55.63623],[37.741737,55.63623],[37.744504,55.638927]]]}},{"type":"Feature","properties":{"id":"M2962","kind":"river","core":true,"sea":false,"river":true,"stream":false,"lake":false},"geometry":{"type":"Polygon","coordinates":[[[37.744504,55.644323],[37.741737,55.647021],[37.736203,55.647021],[37.733436,55.644323],[37.736203,55.641625],[37.741737,55.641625],[37.744504,55.644323]]]}},{"type":"Feature","properties":{"id":"M2963","kind":"river","core":false,"sea":false,"river":false,"stream":false,"lake":false},"geometry":{"type":"Polygon","coordinates":[[[37.744504,55.649719],[37.741737,55.652417],[37.736203,55.652417],[37.733436,55.649719],[37.736203,55.647021],[37.741737,55.647021],[37.744504,55.649719]]]}},{"type":"Feature","properties":{"id":"M2969","kind":"river","core":false,"sea":false,"river":false,"stream":false,"lake":false},"geometry":{"type":"Polygon","coordinates":[[[37.744504,55.682095],[37.741737,55.684793],[37.736203,55.684793],[37.733436,55.682095],[37.736203,55.679397],[37.741737,55.679397],[37.744504,55.682095]]]}},{"type":"Feature","properties":{"id":"M2970","kind":"river","core":true,"sea":false,"river":true,"stream":false,"lake":true},"geometry":{"type":"Polygon","coordinates":[[[37.744504,55.687491],[37.741737,55.690189],[37.736203,55.690189],[37.733436,55.687491],[37.736203,55.684793],[37.741737,55.684793],[37.744504,55.687491]]]}},{"type":"Feature","properties":{"id":"M2971","kind":"river","core":true,"sea":false,"river":true,"stream":false,"lake":true},"geometry":{"type":"Polygon","coordinates":[[[37.744504,55.692887],[37.741737,55.695585],[37.736203,55.695585],[37.733436,55.692887],[37.736203,55.690189],[37.741737,55.690189],[37.744504,55.692887]]]}},{"type":"Feature","properties":{"id":"M2972","kind":"river","core":false,"sea":false,"river":false,"stream":false,"lake":false},"geometry":{"type":"Polygon","coordinates":[[[37.744504,55.698283],[37.741737,55.700981],[37.736203,55.700981],[37.733436,55.698283],[37.736203,55.695585],[37.741737,55.695585],[37.744504,55.698283]]]}},{"type":"Feature","properties":{"id":"M2973","kind":"lake","core":true,"sea":false,"river":false,"stream":false,"lake":true},"geometry":{"type":"Polygon","coordinates":[[[37.744504,55.703679],[37.741737,55.706377],[37.736203,55.706377],[37.733436,55.703679],[37.736203,55.700981],[37.741737,55.700981],[37.744504,55.703679]]]}},{"type":"Feature","properties":{"id":"M3002","kind":"river","core":false,"sea":false,"river":false,"stream":false,"lake":false},"geometry":{"type":"Polygon","coordinates":[[[37.744504,55.86016],[37.741737,55.862858],[37.736203,55.862858],[37.733436,55.86016],[37.736203,55.857462],[37.741737,55.857462],[37.744504,55.86016]]]}},{"type":"Feature","properties":{"id":"M3003","kind":"river","core":true,"sea":false,"river":true,"stream":false,"lake":true},"geometry":{"type":"Polygon","coordinates":[[[37.744504,55.865556],[37.741737,55.868254],[37.736203,55.868254],[37.733436,55.865556],[37.736203,55.862858],[37.741737,55.862858],[37.744504,55.865556]]]}},{"type":"Feature","properties":{"id":"M3004","kind":"river","core":true,"sea":false,"river":true,"stream":false,"lake":false},"geometry":{"type":"Polygon","coordinates":[[[37.744504,55.870952],[37.741737,55.87365],[37.736203,55.87365],[37.733436,55.870952],[37.736203,55.868254],[37.741737,55.868254],[37.744504,55.870952]]]}},{"type":"Feature","properties":{"id":"M3005","kind":"river","core":false,"sea":false,"river":false,"stream":false,"lake":false},"geometry":{"type":"Polygon","coordinates":[[[37.744504,55.876348],[37.741737,55.879046],[37.736203,55.879046],[37.733436,55.876348],[37.736203,55.87365],[37.741737,55.87365],[37.744504,55.876348]]]}},{"type":"Feature","properties":{"id":"M3024","kind":"river","core":false,"sea":false,"river":false,"stream":false,"lake":false},"geometry":{"type":"Polygon","coordinates":[[[37.752806,55.625438],[37.750039,55.628136],[37.744504,55.628136],[37.741737,55.625438],[37.744504,55.62274],[37.750039,55.62274],[37.752806,55.625438]]]}},{"type":"Feature","properties":{"id":"M3025","kind":"river","core":true,"sea":false,"river":true,"stream":false,"lake":false},"geometry":{"type":"Polygon","coordinates":[[[37.752806,55.630834],[37.750039,55.633532],[37.744504,55.633532],[37.741737,55.630834],[37.744504,55.628136],[37.750039,55.628136],[37.752806,55.630834]]]}},{"type":"Feature","properties":{"id":"M3026","kind":"river","core":false,"sea":false,"river":false,"stream":false,"lake":false},"geometry":{"type":"Polygon","coordinates":[[[37.752806,55.63623],[37.750039,55.638927],[37.744504,55.638927],[37.741737,55.63623],[37.744504,55.633532],[37.750039,55.633532],[37.752806,55.63623]]]}},{"type":"Feature","properties":{"id":"M3027","kind":"river","core":true,"sea":false,"river":true,"stream":false,"lake":false},"geometry":{"type":"Polygon","coordinates":[[[37.752806,55.641625],[37.750039,55.644323],[37.744504,55.644323],[37.741737,55.641625],[37.744504,55.638927],[37.750039,55.638927],[37.752806,55.641625]]]}},{"type":"Feature","properties":{"id":"M3028","kind":"river","core":false,"sea":false,"river":false,"stream":false,"lake":false},"geometry":{"type":"Polygon","coordinates":[[[37.752806,55.647021],[37.750039,55.649719],[37.744504,55.649719],[37.741737,55.647021],[37.744504,55.644323],[37.750039,55.644323],[37.752806,55.647021]]]}},{"type":"Feature","properties":{"id":"M3035","kind":"river","core":false,"sea":false,"river":false,"stream":false,"lake":false},"geometry":{"type":"Polygon","coordinates":[[[37.752806,55.684793],[37.750039,55.687491],[37.744504,55.687491],[37.741737,55.684793],[37.744504,55.682095],[37.750039,55.682095],[37.752806,55.684793]]]}},{"type":"Feature","properties":{"id":"M3036","kind":"river","core":true,"sea":false,"river":true,"stream":false,"lake":true},"geometry":{"type":"Polygon","coordinates":[[[37.752806,55.690189],[37.750039,55.692887],[37.744504,55.692887],[37.741737,55.690189],[37.744504,55.687491],[37.750039,55.687491],[37.752806,55.690189]]]}},{"type":"Feature","properties":{"id":"M3037","kind":"river","core":false,"sea":false,"river":false,"stream":false,"lake":false},"geometry":{"type":"Polygon","coordinates":[[[37.752806,55.695585],[37.750039,55.698283],[37.744504,55.698283],[37.741737,55.695585],[37.744504,55.692887],[37.750039,55.692887],[37.752806,55.695585]]]}},{"type":"Feature","properties":{"id":"M3051","kind":"lake","core":true,"sea":false,"river":false,"stream":false,"lake":true},"geometry":{"type":"Polygon","coordinates":[[[37.752806,55.771128],[37.750039,55.773826],[37.744504,55.773826],[37.741737,55.771128],[37.744504,55.76843],[37.750039,55.76843],[37.752806,55.771128]]]}},{"type":"Feature","properties":{"id":"M3055","kind":"lake","core":true,"sea":false,"river":false,"stream":false,"lake":true},"geometry":{"type":"Polygon","coordinates":[[[37.752806,55.792711],[37.750039,55.795409],[37.744504,55.795409],[37.741737,55.792711],[37.744504,55.790013],[37.750039,55.790013],[37.752806,55.792711]]]}},{"type":"Feature","properties":{"id":"M3068","kind":"river","core":false,"sea":false,"river":false,"stream":false,"lake":false},"geometry":{"type":"Polygon","coordinates":[[[37.752806,55.862858],[37.750039,55.865556],[37.744504,55.865556],[37.741737,55.862858],[37.744504,55.86016],[37.750039,55.86016],[37.752806,55.862858]]]}},{"type":"Feature","properties":{"id":"M3069","kind":"river","core":true,"sea":false,"river":true,"stream":false,"lake":false},"geometry":{"type":"Polygon","coordinates":[[[37.752806,55.868254],[37.750039,55.870952],[37.744504,55.870952],[37.741737,55.868254],[37.744504,55.865556],[37.750039,55.865556],[37.752806,55.868254]]]}},{"type":"Feature","properties":{"id":"M3070","kind":"river","core":false,"sea":false,"river":true,"stream":false,"lake":false},"geometry":{"type":"Polygon","coordinates":[[[37.752806,55.87365],[37.750039,55.876348],[37.744504,55.876348],[37.741737,55.87365],[37.744504,55.870952],[37.750039,55.870952],[37.752806,55.87365]]]}},{"type":"Feature","properties":{"id":"M3086","kind":"river","core":false,"sea":false,"river":false,"stream":false,"lake":false},"geometry":{"type":"Polygon","coordinates":[[[37.761107,55.606552],[37.75834,55.60925],[37.752806,55.60925],[37.750039,55.606552],[37.752806,55.603854],[37.75834,55.603854],[37.761107,55.606552]]]}},{"type":"Feature","properties":{"id":"M3087","kind":"river","core":true,"sea":false,"river":true,"stream":false,"lake":false},"geometry":{"type":"Polygon","coordinates":[[[37.761107,55.611948],[37.75834,55.614646],[37.752806,55.614646],[37.750039,55.611948],[37.752806,55.60925],[37.75834,55.60925],[37.761107,55.611948]]]}},{"type":"Feature","properties":{"id":"M3088","kind":"river","core":false,"sea":false,"river":false,"stream":false,"lake":false},"geometry":{"type":"Polygon","coordinates":[[[37.761107,55.617344],[37.75834,55.620042],[37.752806,55.620042],[37.750039,55.617344],[37.752806,55.614646],[37.75834,55.614646],[37.761107,55.617344]]]}},{"type":"Feature","properties":{"id":"M3089","kind":"river","core":false,"sea":false,"river":false,"stream":false,"lake":false},"geometry":{"type":"Polygon","coordinates":[[[37.761107,55.62274],[37.75834,55.625438],[37.752806,55.625438],[37.750039,55.62274],[37.752806,55.620042],[37.75834,55.620042],[37.761107,55.62274]]]}},{"type":"Feature","properties":{"id":"M3090","kind":"river","core":true,"sea":false,"river":true,"stream":false,"lake":false},"geometry":{"type":"Polygon","coordinates":[[[37.761107,55.628136],[37.75834,55.630834],[37.752806,55.630834],[37.750039,55.628136],[37.752806,55.625438],[37.75834,55.625438],[37.761107,55.628136]]]}},{"type":"Feature","properties":{"id":"M3091","kind":"river","core":false,"sea":false,"river":false,"stream":false,"lake":false},"geometry":{"type":"Polygon","coordinates":[[[37.761107,55.633532],[37.75834,55.63623],[37.752806,55.63623],[37.750039,55.633532],[37.752806,55.630834],[37.75834,55.630834],[37.761107,55.633532]]]}},{"type":"Feature","properties":{"id":"M3092","kind":"river","core":true,"sea":false,"river":true,"stream":false,"lake":true},"geometry":{"type":"Polygon","coordinates":[[[37.761107,55.638927],[37.75834,55.641625],[37.752806,55.641625],[37.750039,55.638927],[37.752806,55.63623],[37.75834,55.63623],[37.761107,55.638927]]]}},{"type":"Feature","properties":{"id":"M3093","kind":"river","core":true,"sea":false,"river":true,"stream":false,"lake":false},"geometry":{"type":"Polygon","coordinates":[[[37.761107,55.644323],[37.75834,55.647021],[37.752806,55.647021],[37.750039,55.644323],[37.752806,55.641625],[37.75834,55.641625],[37.761107,55.644323]]]}},{"type":"Feature","properties":{"id":"M3094","kind":"river","core":false,"sea":false,"river":false,"stream":false,"lake":false},"geometry":{"type":"Polygon","coordinates":[[[37.761107,55.649719],[37.75834,55.652417],[37.752806,55.652417],[37.750039,55.649719],[37.752806,55.647021],[37.75834,55.647021],[37.761107,55.649719]]]}},{"type":"Feature","properties":{"id":"M3100","kind":"river","core":false,"sea":false,"river":false,"stream":false,"lake":false},"geometry":{"type":"Polygon","coordinates":[[[37.761107,55.682095],[37.75834,55.684793],[37.752806,55.684793],[37.750039,55.682095],[37.752806,55.679397],[37.75834,55.679397],[37.761107,55.682095]]]}},{"type":"Feature","properties":{"id":"M3101","kind":"river","core":true,"sea":false,"river":true,"stream":false,"lake":true},"geometry":{"type":"Polygon","coordinates":[[[37.761107,55.687491],[37.75834,55.690189],[37.752806,55.690189],[37.750039,55.687491],[37.752806,55.684793],[37.75834,55.684793],[37.761107,55.687491]]]}},{"type":"Feature","properties":{"id":"M3102","kind":"river","core":false,"sea":false,"river":false,"stream":false,"lake":false},"geometry":{"type":"Polygon","coordinates":[[[37.761107,55.692887],[37.75834,55.695585],[37.752806,55.695585],[37.750039,55.692887],[37.752806,55.690189],[37.75834,55.690189],[37.761107,55.692887]]]}},{"type":"Feature","properties":{"id":"M3114","kind":"lake","core":true,"sea":false,"river":false,"stream":false,"lake":true},"geometry":{"type":"Polygon","coordinates":[[[37.761107,55.757638],[37.75834,55.760336],[37.752806,55.760336],[37.750039,55.757638],[37.752806,55.75494],[37.75834,55.75494],[37.761107,55.757638]]]}},{"type":"Feature","properties":{"id":"M3117","kind":"lake","core":true,"sea":false,"river":false,"stream":false,"lake":true},"geometry":{"type":"Polygon","coordinates":[[[37.761107,55.773826],[37.75834,55.776523],[37.752806,55.776523],[37.750039,55.773826],[37.752806,55.771128],[37.75834,55.771128],[37.761107,55.773826]]]}},{"type":"Feature","properties":{"id":"M3119","kind":"river","core":false,"sea":false,"river":false,"stream":false,"lake":false},"geometry":{"type":"Polygon","coordinates":[[[37.761107,55.784617],[37.75834,55.787315],[37.752806,55.787315],[37.750039,55.784617],[37.752806,55.781919],[37.75834,55.781919],[37.761107,55.784617]]]}},{"type":"Feature","properties":{"id":"M3120","kind":"river","core":true,"sea":false,"river":true,"stream":false,"lake":true},"geometry":{"type":"Polygon","coordinates":[[[37.761107,55.790013],[37.75834,55.792711],[37.752806,55.792711],[37.750039,55.790013],[37.752806,55.787315],[37.75834,55.787315],[37.761107,55.790013]]]}},{"type":"Feature","properties":{"id":"M3121","kind":"lake","core":true,"sea":false,"river":false,"stream":false,"lake":true},"geometry":{"type":"Polygon","coordinates":[[[37.761107,55.795409],[37.75834,55.798107],[37.752806,55.798107],[37.750039,55.795409],[37.752806,55.792711],[37.75834,55.792711],[37.761107,55.795409]]]}},{"type":"Feature","properties":{"id":"M3152","kind":"river","core":false,"sea":false,"river":false,"stream":false,"lake":false},"geometry":{"type":"Polygon","coordinates":[[[37.769408,55.60925],[37.766641,55.611948],[37.761107,55.611948],[37.75834,55.60925],[37.761107,55.606552],[37.766641,55.606552],[37.769408,55.60925]]]}},{"type":"Feature","properties":{"id":"M3153","kind":"river","core":true,"sea":false,"river":true,"stream":false,"lake":false},"geometry":{"type":"Polygon","coordinates":[[[37.769408,55.614646],[37.766641,55.617344],[37.761107,55.617344],[37.75834,55.614646],[37.761107,55.611948],[37.766641,55.611948],[37.769408,55.614646]]]}},{"type":"Feature","properties":{"id":"M3154","kind":"river","core":false,"sea":false,"river":false,"stream":false,"lake":false},"geometry":{"type":"Polygon","coordinates":[[[37.769408,55.620042],[37.766641,55.62274],[37.761107,55.62274],[37.75834,55.620042],[37.761107,55.617344],[37.766641,55.617344],[37.769408,55.620042]]]}},{"type":"Feature","properties":{"id":"M3155","kind":"river","core":true,"sea":false,"river":true,"stream":false,"lake":false},"geometry":{"type":"Polygon","coordinates":[[[37.769408,55.625438],[37.766641,55.628136],[37.761107,55.628136],[37.75834,55.625438],[37.761107,55.62274],[37.766641,55.62274],[37.769408,55.625438]]]}},{"type":"Feature","properties":{"id":"M3156","kind":"river","core":true,"sea":false,"river":true,"stream":false,"lake":false},"geometry":{"type":"Polygon","coordinates":[[[37.769408,55.630834],[37.766641,55.633532],[37.761107,55.633532],[37.75834,55.630834],[37.761107,55.628136],[37.766641,55.628136],[37.769408,55.630834]]]}},{"type":"Feature","properties":{"id":"M3157","kind":"lake","core":true,"sea":false,"river":false,"stream":false,"lake":true},"geometry":{"type":"Polygon","coordinates":[[[37.769408,55.63623],[37.766641,55.638927],[37.761107,55.638927],[37.75834,55.63623],[37.761107,55.633532],[37.766641,55.633532],[37.769408,55.63623]]]}},{"type":"Feature","properties":{"id":"M3158","kind":"river","core":true,"sea":false,"river":true,"stream":false,"lake":false},"geometry":{"type":"Polygon","coordinates":[[[37.769408,55.641625],[37.766641,55.644323],[37.761107,55.644323],[37.75834,55.641625],[37.761107,55.638927],[37.766641,55.638927],[37.769408,55.641625]]]}},{"type":"Feature","properties":{"id":"M3159","kind":"river","core":true,"sea":false,"river":true,"stream":false,"lake":false},"geometry":{"type":"Polygon","coordinates":[[[37.769408,55.647021],[37.766641,55.649719],[37.761107,55.649719],[37.75834,55.647021],[37.761107,55.644323],[37.766641,55.644323],[37.769408,55.647021]]]}},{"type":"Feature","properties":{"id":"M3160","kind":"river","core":false,"sea":false,"river":false,"stream":false,"lake":false},"geometry":{"type":"Polygon","coordinates":[[[37.769408,55.652417],[37.766641,55.655115],[37.761107,55.655115],[37.75834,55.652417],[37.761107,55.649719],[37.766641,55.649719],[37.769408,55.652417]]]}},{"type":"Feature","properties":{"id":"M3166","kind":"river","core":false,"sea":false,"river":false,"stream":false,"lake":false},"geometry":{"type":"Polygon","coordinates":[[[37.769408,55.684793],[37.766641,55.687491],[37.761107,55.687491],[37.75834,55.684793],[37.761107,55.682095],[37.766641,55.682095],[37.769408,55.684793]]]}},{"type":"Feature","properties":{"id":"M3167","kind":"river","core":true,"sea":false,"river":true,"stream":false,"lake":true},"geometry":{"type":"Polygon","coordinates":[[[37.769408,55.690189],[37.766641,55.692887],[37.761107,55.692887],[37.75834,55.690189],[37.761107,55.687491],[37.766641,55.687491],[37.769408,55.690189]]]}},{"type":"Feature","properties":{"id":"M3168","kind":"river","core":false,"sea":false,"river":false,"stream":false,"lake":false},"geometry":{"type":"Polygon","coordinates":[[[37.769408,55.695585],[37.766641,55.698283],[37.761107,55.698283],[37.75834,55.695585],[37.761107,55.692887],[37.766641,55.692887],[37.769408,55.695585]]]}},{"type":"Feature","properties":{"id":"M3184","kind":"river","core":false,"sea":false,"river":false,"stream":false,"lake":false},"geometry":{"type":"Polygon","coordinates":[[[37.769408,55.781919],[37.766641,55.784617],[37.761107,55.784617],[37.75834,55.781919],[37.761107,55.779221],[37.766641,55.779221],[37.769408,55.781919]]]}},{"type":"Feature","properties":{"id":"M3185","kind":"river","core":true,"sea":false,"river":true,"stream":false,"lake":true},"geometry":{"type":"Polygon","coordinates":[[[37.769408,55.787315],[37.766641,55.790013],[37.761107,55.790013],[37.75834,55.787315],[37.761107,55.784617],[37.766641,55.784617],[37.769408,55.787315]]]}},{"type":"Feature","properties":{"id":"M3186","kind":"river","core":true,"sea":false,"river":true,"stream":false,"lake":true},"geometry":{"type":"Polygon","coordinates":[[[37.769408,55.792711],[37.766641,55.795409],[37.761107,55.795409],[37.75834,55.792711],[37.761107,55.790013],[37.766641,55.790013],[37.769408,55.792711]]]}},{"type":"Feature","properties":{"id":"M3187","kind":"river","core":false,"sea":false,"river":false,"stream":false,"lake":false},"geometry":{"type":"Polygon","coordinates":[[[37.769408,55.798107],[37.766641,55.800805],[37.761107,55.800805],[37.75834,55.798107],[37.761107,55.795409],[37.766641,55.795409],[37.769408,55.798107]]]}},{"type":"Feature","properties":{"id":"M3218","kind":"river","core":false,"sea":false,"river":false,"stream":false,"lake":false},"geometry":{"type":"Polygon","coordinates":[[[37.777709,55.611948],[37.774942,55.614646],[37.769408,55.614646],[37.766641,55.611948],[37.769408,55.60925],[37.774942,55.60925],[37.777709,55.611948]]]}},{"type":"Feature","properties":{"id":"M3219","kind":"river","core":true,"sea":false,"river":true,"stream":false,"lake":false},"geometry":{"type":"Polygon","coordinates":[[[37.777709,55.617344],[37.774942,55.620042],[37.769408,55.620042],[37.766641,55.617344],[37.769408,55.614646],[37.774942,55.614646],[37.777709,55.617344]]]}},{"type":"Feature","properties":{"id":"M3220","kind":"river","core":true,"sea":false,"river":true,"stream":false,"lake":false},"geometry":{"type":"Polygon","coordinates":[[[37.777709,55.62274],[37.774942,55.625438],[37.769408,55.625438],[37.766641,55.62274],[37.769408,55.620042],[37.774942,55.620042],[37.777709,55.62274]]]}},{"type":"Feature","properties":{"id":"M3221","kind":"river","core":true,"sea":false,"river":true,"stream":false,"lake":false},"geometry":{"type":"Polygon","coordinates":[[[37.777709,55.628136],[37.774942,55.630834],[37.769408,55.630834],[37.766641,55.628136],[37.769408,55.625438],[37.774942,55.625438],[37.777709,55.628136]]]}},{"type":"Feature","properties":{"id":"M3222","kind":"river","core":false,"sea":false,"river":false,"stream":false,"lake":false},"geometry":{"type":"Polygon","coordinates":[[[37.777709,55.633532],[37.774942,55.63623],[37.769408,55.63623],[37.766641,55.633532],[37.769408,55.630834],[37.774942,55.630834],[37.777709,55.633532]]]}},{"type":"Feature","properties":{"id":"M3223","kind":"river","core":false,"sea":false,"river":false,"stream":false,"lake":false},"geometry":{"type":"Polygon","coordinates":[[[37.777709,55.638927],[37.774942,55.641625],[37.769408,55.641625],[37.766641,55.638927],[37.769408,55.63623],[37.774942,55.63623],[37.777709,55.638927]]]}},{"type":"Feature","properties":{"id":"M3224","kind":"river","core":true,"sea":false,"river":true,"stream":false,"lake":false},"geometry":{"type":"Polygon","coordinates":[[[37.777709,55.644323],[37.774942,55.647021],[37.769408,55.647021],[37.766641,55.644323],[37.769408,55.641625],[37.774942,55.641625],[37.777709,55.644323]]]}},{"type":"Feature","properties":{"id":"M3225","kind":"river","core":true,"sea":false,"river":true,"stream":false,"lake":false},"geometry":{"type":"Polygon","coordinates":[[[37.777709,55.649719],[37.774942,55.652417],[37.769408,55.652417],[37.766641,55.649719],[37.769408,55.647021],[37.774942,55.647021],[37.777709,55.649719]]]}},{"type":"Feature","properties":{"id":"M3226","kind":"river","core":false,"sea":false,"river":false,"stream":false,"lake":false},"geometry":{"type":"Polygon","coordinates":[[[37.777709,55.655115],[37.774942,55.657813],[37.769408,55.657813],[37.766641,55.655115],[37.769408,55.652417],[37.774942,55.652417],[37.777709,55.655115]]]}},{"type":"Feature","properties":{"id":"M3227","kind":"lake","core":true,"sea":false,"river":false,"stream":false,"lake":true},"geometry":{"type":"Polygon","coordinates":[[[37.777709,55.660511],[37.774942,55.663209],[37.769408,55.663209],[37.766641,55.660511],[37.769408,55.657813],[37.774942,55.657813],[37.777709,55.660511]]]}},{"type":"Feature","properties":{"id":"M3232","kind":"river","core":false,"sea":false,"river":false,"stream":false,"lake":false},"geometry":{"type":"Polygon","coordinates":[[[37.777709,55.687491],[37.774942,55.690189],[37.769408,55.690189],[37.766641,55.687491],[37.769408,55.684793],[37.774942,55.684793],[37.777709,55.687491]]]}},{"type":"Feature","properties":{"id":"M3233","kind":"river","core":true,"sea":false,"river":true,"stream":false,"lake":true},"geometry":{"type":"Polygon","coordinates":[[[37.777709,55.692887],[37.774942,55.695585],[37.769408,55.695585],[37.766641,55.692887],[37.769408,55.690189],[37.774942,55.690189],[37.777709,55.692887]]]}},{"type":"Feature","properties":{"id":"M3234","kind":"river","core":false,"sea":false,"river":false,"stream":false,"lake":false},"geometry":{"type":"Polygon","coordinates":[[[37.777709,55.698283],[37.774942,55.700981],[37.769408,55.700981],[37.766641,55.698283],[37.769408,55.695585],[37.774942,55.695585],[37.777709,55.698283]]]}},{"type":"Feature","properties":{"id":"M3242","kind":"lake","core":true,"sea":false,"river":false,"stream":false,"lake":true},"geometry":{"type":"Polygon","coordinates":[[[37.777709,55.74145],[37.774942,55.744148],[37.769408,55.744148],[37.766641,55.74145],[37.769408,55.738752],[37.774942,55.738752],[37.777709,55.74145]]]}},{"type":"Feature","properties":{"id":"M3243","kind":"lake","core":true,"sea":false,"river":false,"stream":false,"lake":true},"geometry":{"type":"Polygon","coordinates":[[[37.777709,55.746846],[37.774942,55.749544],[37.769408,55.749544],[37.766641,55.746846],[37.769408,55.744148],[37.774942,55.744148],[37.777709,55.746846]]]}},{"type":"Feature","properties":{"id":"M3248","kind":"lake","core":true,"sea":false,"river":false,"stream":false,"lake":true},"geometry":{"type":"Polygon","coordinates":[[[37.777709,55.773826],[37.774942,55.776523],[37.769408,55.776523],[37.766641,55.773826],[37.769408,55.771128],[37.774942,55.771128],[37.777709,55.773826]]]}},{"type":"Feature","properties":{"id":"M3249","kind":"lake","core":true,"sea":false,"river":false,"stream":false,"lake":true},"geometry":{"type":"Polygon","coordinates":[[[37.777709,55.779221],[37.774942,55.781919],[37.769408,55.781919],[37.766641,55.779221],[37.769408,55.776523],[37.774942,55.776523],[37.777709,55.779221]]]}},{"type":"Feature","properties":{"id":"M3250","kind":"river","core":true,"sea":false,"river":true,"stream":false,"lake":false},"geometry":{"type":"Polygon","coordinates":[[[37.777709,55.784617],[37.774942,55.787315],[37.769408,55.787315],[37.766641,55.784617],[37.769408,55.781919],[37.774942,55.781919],[37.777709,55.784617]]]}},{"type":"Feature","properties":{"id":"M3251","kind":"river","core":true,"sea":false,"river":true,"stream":false,"lake":true},"geometry":{"type":"Polygon","coordinates":[[[37.777709,55.790013],[37.774942,55.792711],[37.769408,55.792711],[37.766641,55.790013],[37.769408,55.787315],[37.774942,55.787315],[37.777709,55.790013]]]}},{"type":"Feature","properties":{"id":"M3252","kind":"river","core":false,"sea":false,"river":false,"stream":false,"lake":false},"geometry":{"type":"Polygon","coordinates":[[[37.777709,55.795409],[37.774942,55.798107],[37.769408,55.798107],[37.766641,55.795409],[37.769408,55.792711],[37.774942,55.792711],[37.777709,55.795409]]]}},{"type":"Feature","properties":{"id":"M3285","kind":"river","core":false,"sea":false,"river":false,"stream":false,"lake":false},"geometry":{"type":"Polygon","coordinates":[[[37.786011,55.620042],[37.783244,55.62274],[37.777709,55.62274],[37.774942,55.620042],[37.777709,55.617344],[37.783244,55.617344],[37.786011,55.620042]]]}},{"type":"Feature","properties":{"id":"M3286","kind":"river","core":true,"sea":false,"river":true,"stream":false,"lake":true},"geometry":{"type":"Polygon","coordinates":[[[37.786011,55.625438],[37.783244,55.628136],[37.777709,55.628136],[37.774942,55.625438],[37.777709,55.62274],[37.783244,55.62274],[37.786011,55.625438]]]}},{"type":"Feature","properties":{"id":"M3287","kind":"river","core":true,"sea":false,"river":true,"stream":false,"lake":false},"geometry":{"type":"Polygon","coordinates":[[[37.786011,55.630834],[37.783244,55.633532],[37.777709,55.633532],[37.774942,55.630834],[37.777709,55.628136],[37.783244,55.628136],[37.786011,55.630834]]]}},{"type":"Feature","properties":{"id":"M3288","kind":"river","core":true,"sea":false,"river":true,"stream":false,"lake":false},"geometry":{"type":"Polygon","coordinates":[[[37.786011,55.63623],[37.783244,55.638927],[37.777709,55.638927],[37.774942,55.63623],[37.777709,55.633532],[37.783244,55.633532],[37.786011,55.63623]]]}},{"type":"Feature","properties":{"id":"M3289","kind":"river","core":true,"sea":false,"river":true,"stream":false,"lake":false},"geometry":{"type":"Polygon","coordinates":[[[37.786011,55.641625],[37.783244,55.644323],[37.777709,55.644323],[37.774942,55.641625],[37.777709,55.638927],[37.783244,55.638927],[37.786011,55.641625]]]}},{"type":"Feature","properties":{"id":"M3290","kind":"river","core":true,"sea":false,"river":true,"stream":false,"lake":false},"geometry":{"type":"Polygon","coordinates":[[[37.786011,55.647021],[37.783244,55.649719],[37.777709,55.649719],[37.774942,55.647021],[37.777709,55.644323],[37.783244,55.644323],[37.786011,55.647021]]]}},{"type":"Feature","properties":{"id":"M3291","kind":"river","core":true,"sea":false,"river":true,"stream":false,"lake":false},"geometry":{"type":"Polygon","coordinates":[[[37.786011,55.652417],[37.783244,55.655115],[37.777709,55.655115],[37.774942,55.652417],[37.777709,55.649719],[37.783244,55.649719],[37.786011,55.652417]]]}},{"type":"Feature","properties":{"id":"M3292","kind":"river","core":false,"sea":false,"river":false,"stream":false,"lake":false},"geometry":{"type":"Polygon","coordinates":[[[37.786011,55.657813],[37.783244,55.660511],[37.777709,55.660511],[37.774942,55.657813],[37.777709,55.655115],[37.783244,55.655115],[37.786011,55.657813]]]}},{"type":"Feature","properties":{"id":"M3297","kind":"river","core":false,"sea":false,"river":false,"stream":false,"lake":false},"geometry":{"type":"Polygon","coordinates":[[[37.786011,55.684793],[37.783244,55.687491],[37.777709,55.687491],[37.774942,55.684793],[37.777709,55.682095],[37.783244,55.682095],[37.786011,55.684793]]]}},{"type":"Feature","properties":{"id":"M3298","kind":"river","core":true,"sea":false,"river":true,"stream":false,"lake":true},"geometry":{"type":"Polygon","coordinates":[[[37.786011,55.690189],[37.783244,55.692887],[37.777709,55.692887],[37.774942,55.690189],[37.777709,55.687491],[37.783244,55.687491],[37.786011,55.690189]]]}},{"type":"Feature","properties":{"id":"M3299","kind":"river","core":true,"sea":false,"river":true,"stream":false,"lake":true},"geometry":{"type":"Polygon","coordinates":[[[37.786011,55.695585],[37.783244,55.698283],[37.777709,55.698283],[37.774942,55.695585],[37.777709,55.692887],[37.783244,55.692887],[37.786011,55.695585]]]}},{"type":"Feature","properties":{"id":"M3300","kind":"river","core":false,"sea":false,"river":false,"stream":false,"lake":false},"geometry":{"type":"Polygon","coordinates":[[[37.786011,55.700981],[37.783244,55.703679],[37.777709,55.703679],[37.774942,55.700981],[37.777709,55.698283],[37.783244,55.698283],[37.786011,55.700981]]]}},{"type":"Feature","properties":{"id":"M3307","kind":"lake","core":true,"sea":false,"river":false,"stream":false,"lake":true},"geometry":{"type":"Polygon","coordinates":[[[37.786011,55.738752],[37.783244,55.74145],[37.777709,55.74145],[37.774942,55.738752],[37.777709,55.736054],[37.783244,55.736054],[37.786011,55.738752]]]}},{"type":"Feature","properties":{"id":"M3308","kind":"lake","core":true,"sea":false,"river":false,"stream":false,"lake":true},"geometry":{"type":"Polygon","coordinates":[[[37.786011,55.744148],[37.783244,55.746846],[37.777709,55.746846],[37.774942,55.744148],[37.777709,55.74145],[37.783244,55.74145],[37.786011,55.744148]]]}},{"type":"Feature","properties":{"id":"M3314","kind":"lake","core":true,"sea":false,"river":false,"stream":false,"lake":true},"geometry":{"type":"Polygon","coordinates":[[[37.786011,55.776523],[37.783244,55.779221],[37.777709,55.779221],[37.774942,55.776523],[37.777709,55.773826],[37.783244,55.773826],[37.786011,55.776523]]]}},{"type":"Feature","properties":{"id":"M3315","kind":"river","core":true,"sea":false,"river":true,"stream":false,"lake":true},"geometry":{"type":"Polygon","coordinates":[[[37.786011,55.781919],[37.783244,55.784617],[37.777709,55.784617],[37.774942,55.781919],[37.777709,55.779221],[37.783244,55.779221],[37.786011,55.781919]]]}},{"type":"Feature","properties":{"id":"M3316","kind":"river","core":true,"sea":false,"river":true,"stream":false,"lake":false},"geometry":{"type":"Polygon","coordinates":[[[37.786011,55.787315],[37.783244,55.790013],[37.777709,55.790013],[37.774942,55.787315],[37.777709,55.784617],[37.783244,55.784617],[37.786011,55.787315]]]}},{"type":"Feature","properties":{"id":"M3317","kind":"river","core":false,"sea":false,"river":false,"stream":false,"lake":false},"geometry":{"type":"Polygon","coordinates":[[[37.786011,55.792711],[37.783244,55.795409],[37.777709,55.795409],[37.774942,55.792711],[37.777709,55.790013],[37.783244,55.790013],[37.786011,55.792711]]]}},{"type":"Feature","properties":{"id":"M3350","kind":"river","core":false,"sea":false,"river":false,"stream":false,"lake":false},"geometry":{"type":"Polygon","coordinates":[[[37.794312,55.617344],[37.791545,55.620042],[37.786011,55.620042],[37.783244,55.617344],[37.786011,55.614646],[37.791545,55.614646],[37.794312,55.617344]]]}},{"type":"Feature","properties":{"id":"M3351","kind":"river","core":true,"sea":false,"river":true,"stream":false,"lake":false},"geometry":{"type":"Polygon","coordinates":[[[37.794312,55.62274],[37.791545,55.625438],[37.786011,55.625438],[37.783244,55.62274],[37.786011,55.620042],[37.791545,55.620042],[37.794312,55.62274]]]}},{"type":"Feature","properties":{"id":"M3352","kind":"river","core":true,"sea":false,"river":true,"stream":false,"lake":true},"geometry":{"type":"Polygon","coordinates":[[[37.794312,55.628136],[37.791545,55.630834],[37.786011,55.630834],[37.783244,55.628136],[37.786011,55.625438],[37.791545,55.625438],[37.794312,55.628136]]]}},{"type":"Feature","properties":{"id":"M3353","kind":"river","core":true,"sea":false,"river":true,"stream":false,"lake":false},"geometry":{"type":"Polygon","coordinates":[[[37.794312,55.633532],[37.791545,55.63623],[37.786011,55.63623],[37.783244,55.633532],[37.786011,55.630834],[37.791545,55.630834],[37.794312,55.633532]]]}},{"type":"Feature","properties":{"id":"M3354","kind":"river","core":true,"sea":false,"river":true,"stream":false,"lake":false},"geometry":{"type":"Polygon","coordinates":[[[37.794312,55.638927],[37.791545,55.641625],[37.786011,55.641625],[37.783244,55.638927],[37.786011,55.63623],[37.791545,55.63623],[37.794312,55.638927]]]}},{"type":"Feature","properties":{"id":"M3355","kind":"river","core":true,"sea":false,"river":true,"stream":false,"lake":false},"geometry":{"type":"Polygon","coordinates":[[[37.794312,55.644323],[37.791545,55.647021],[37.786011,55.647021],[37.783244,55.644323],[37.786011,55.641625],[37.791545,55.641625],[37.794312,55.644323]]]}},{"type":"Feature","properties":{"id":"M3356","kind":"river","core":true,"sea":false,"river":true,"stream":false,"lake":false},"geometry":{"type":"Polygon","coordinates":[[[37.794312,55.649719],[37.791545,55.652417],[37.786011,55.652417],[37.783244,55.649719],[37.786011,55.647021],[37.791545,55.647021],[37.794312,55.649719]]]}},{"type":"Feature","properties":{"id":"M3357","kind":"river","core":false,"sea":false,"river":false,"stream":false,"lake":false},"geometry":{"type":"Polygon","coordinates":[[[37.794312,55.655115],[37.791545,55.657813],[37.786011,55.657813],[37.783244,55.655115],[37.786011,55.652417],[37.791545,55.652417],[37.794312,55.655115]]]}},{"type":"Feature","properties":{"id":"M3362","kind":"lake","core":true,"sea":false,"river":false,"stream":false,"lake":true},"geometry":{"type":"Polygon","coordinates":[[[37.794312,55.682095],[37.791545,55.684793],[37.786011,55.684793],[37.783244,55.682095],[37.786011,55.679397],[37.791545,55.679397],[37.794312,55.682095]]]}},{"type":"Feature","properties":{"id":"M3363","kind":"river","core":true,"sea":false,"river":true,"stream":false,"lake":true},"geometry":{"type":"Polygon","coordinates":[[[37.794312,55.687491],[37.791545,55.690189],[37.786011,55.690189],[37.783244,55.687491],[37.786011,55.684793],[37.791545,55.684793],[37.794312,55.687491]]]}},{"type":"Feature","properties":{"id":"M3364","kind":"river","core":true,"sea":false,"river":true,"stream":false,"lake":true},"geometry":{"type":"Polygon","coordinates":[[[37.794312,55.692887],[37.791545,55.695585],[37.786011,55.695585],[37.783244,55.692887],[37.786011,55.690189],[37.791545,55.690189],[37.794312,55.692887]]]}},{"type":"Feature","properties":{"id":"M3365","kind":"river","core":false,"sea":false,"river":false,"stream":false,"lake":false},"geometry":{"type":"Polygon","coordinates":[[[37.794312,55.698283],[37.791545,55.700981],[37.786011,55.700981],[37.783244,55.698283],[37.786011,55.695585],[37.791545,55.695585],[37.794312,55.698283]]]}},{"type":"Feature","properties":{"id":"M3371","kind":"lake","core":true,"sea":false,"river":false,"stream":false,"lake":true},"geometry":{"type":"Polygon","coordinates":[[[37.794312,55.730658],[37.791545,55.733356],[37.786011,55.733356],[37.783244,55.730658],[37.786011,55.72796],[37.791545,55.72796],[37.794312,55.730658]]]}},{"type":"Feature","properties":{"id":"M3373","kind":"lake","core":true,"sea":false,"river":false,"stream":false,"lake":true},"geometry":{"type":"Polygon","coordinates":[[[37.794312,55.74145],[37.791545,55.744148],[37.786011,55.744148],[37.783244,55.74145],[37.786011,55.738752],[37.791545,55.738752],[37.794312,55.74145]]]}},{"type":"Feature","properties":{"id":"M3379","kind":"lake","core":true,"sea":false,"river":false,"stream":false,"lake":true},"geometry":{"type":"Polygon","coordinates":[[[37.794312,55.773826],[37.791545,55.776523],[37.786011,55.776523],[37.783244,55.773826],[37.786011,55.771128],[37.791545,55.771128],[37.794312,55.773826]]]}},{"type":"Feature","properties":{"id":"M3380","kind":"river","core":true,"sea":false,"river":true,"stream":false,"lake":false},"geometry":{"type":"Polygon","coordinates":[[[37.794312,55.779221],[37.791545,55.781919],[37.786011,55.781919],[37.783244,55.779221],[37.786011,55.776523],[37.791545,55.776523],[37.794312,55.779221]]]}},{"type":"Feature","properties":{"id":"M3381","kind":"river","core":false,"sea":false,"river":false,"stream":false,"lake":false},"geometry":{"type":"Polygon","coordinates":[[[37.794312,55.784617],[37.791545,55.787315],[37.786011,55.787315],[37.783244,55.784617],[37.786011,55.781919],[37.791545,55.781919],[37.794312,55.784617]]]}},{"type":"Feature","properties":{"id":"M3420","kind":"lake","core":true,"sea":false,"river":false,"stream":false,"lake":true},"geometry":{"type":"Polygon","coordinates":[[[37.802613,55.641625],[37.799846,55.644323],[37.794312,55.644323],[37.791545,55.641625],[37.794312,55.638927],[37.799846,55.638927],[37.802613,55.641625]]]}},{"type":"Feature","properties":{"id":"M3427","kind":"lake","core":true,"sea":false,"river":false,"stream":false,"lake":true},"geometry":{"type":"Polygon","coordinates":[[[37.802613,55.679397],[37.799846,55.682095],[37.794312,55.682095],[37.791545,55.679397],[37.794312,55.676699],[37.799846,55.676699],[37.802613,55.679397]]]}},{"type":"Feature","properties":{"id":"M3428","kind":"lake","core":true,"sea":false,"river":false,"stream":false,"lake":true},"geometry":{"type":"Polygon","coordinates":[[[37.802613,55.684793],[37.799846,55.687491],[37.794312,55.687491],[37.791545,55.684793],[37.794312,55.682095],[37.799846,55.682095],[37.802613,55.684793]]]}},{"type":"Feature","properties":{"id":"M3429","kind":"river","core":true,"sea":false,"river":true,"stream":false,"lake":true},"geometry":{"type":"Polygon","coordinates":[[[37.802613,55.690189],[37.799846,55.692887],[37.794312,55.692887],[37.791545,55.690189],[37.794312,55.687491],[37.799846,55.687491],[37.802613,55.690189]]]}},{"type":"Feature","properties":{"id":"M3430","kind":"river","core":false,"sea":false,"river":false,"stream":false,"lake":false},"geometry":{"type":"Polygon","coordinates":[[[37.802613,55.695585],[37.799846,55.698283],[37.794312,55.698283],[37.791545,55.695585],[37.794312,55.692887],[37.799846,55.692887],[37.802613,55.695585]]]}},{"type":"Feature","properties":{"id":"M3436","kind":"lake","core":true,"sea":false,"river":false,"stream":false,"lake":true},"geometry":{"type":"Polygon","coordinates":[[[37.802613,55.72796],[37.799846,55.730658],[37.794312,55.730658],[37.791545,55.72796],[37.794312,55.725262],[37.799846,55.725262],[37.802613,55.72796]]]}},{"type":"Feature","properties":{"id":"M3437","kind":"lake","core":true,"sea":false,"river":false,"stream":false,"lake":true},"geometry":{"type":"Polygon","coordinates":[[[37.802613,55.733356],[37.799846,55.736054],[37.794312,55.736054],[37.791545,55.733356],[37.794312,55.730658],[37.799846,55.730658],[37.802613,55.733356]]]}},{"type":"Feature","properties":{"id":"M3438","kind":"lake","core":true,"sea":false,"river":false,"stream":false,"lake":true},"geometry":{"type":"Polygon","coordinates":[[[37.802613,55.738752],[37.799846,55.74145],[37.794312,55.74145],[37.791545,55.738752],[37.794312,55.736054],[37.799846,55.736054],[37.802613,55.738752]]]}},{"type":"Feature","properties":{"id":"M3439","kind":"lake","core":true,"sea":false,"river":false,"stream":false,"lake":true},"geometry":{"type":"Polygon","coordinates":[[[37.802613,55.744148],[37.799846,55.746846],[37.794312,55.746846],[37.791545,55.744148],[37.794312,55.74145],[37.799846,55.74145],[37.802613,55.744148]]]}},{"type":"Feature","properties":{"id":"M3445","kind":"river","core":false,"sea":false,"river":false,"stream":false,"lake":false},"geometry":{"type":"Polygon","coordinates":[[[37.802613,55.776523],[37.799846,55.779221],[37.794312,55.779221],[37.791545,55.776523],[37.794312,55.773826],[37.799846,55.773826],[37.802613,55.776523]]]}},{"type":"Feature","properties":{"id":"M3446","kind":"river","core":true,"sea":false,"river":true,"stream":false,"lake":false},"geometry":{"type":"Polygon","coordinates":[[[37.802613,55.781919],[37.799846,55.784617],[37.794312,55.784617],[37.791545,55.781919],[37.794312,55.779221],[37.799846,55.779221],[37.802613,55.781919]]]}},{"type":"Feature","properties":{"id":"M3447","kind":"river","core":false,"sea":false,"river":false,"stream":false,"lake":false},"geometry":{"type":"Polygon","coordinates":[[[37.802613,55.787315],[37.799846,55.790013],[37.794312,55.790013],[37.791545,55.787315],[37.794312,55.784617],[37.799846,55.784617],[37.802613,55.787315]]]}},{"type":"Feature","properties":{"id":"M3493","kind":"river","core":false,"sea":false,"river":false,"stream":false,"lake":false},"geometry":{"type":"Polygon","coordinates":[[[37.810914,55.682095],[37.808147,55.684793],[37.802613,55.684793],[37.799846,55.682095],[37.802613,55.679397],[37.808147,55.679397],[37.810914,55.682095]]]}},{"type":"Feature","properties":{"id":"M3494","kind":"river","core":true,"sea":false,"river":true,"stream":false,"lake":true},"geometry":{"type":"Polygon","coordinates":[[[37.810914,55.687491],[37.808147,55.690189],[37.802613,55.690189],[37.799846,55.687491],[37.802613,55.684793],[37.808147,55.684793],[37.810914,55.687491]]]}},{"type":"Feature","properties":{"id":"M3495","kind":"river","core":false,"sea":false,"river":false,"stream":false,"lake":false},"geometry":{"type":"Polygon","coordinates":[[[37.810914,55.692887],[37.808147,55.695585],[37.802613,55.695585],[37.799846,55.692887],[37.802613,55.690189],[37.808147,55.690189],[37.810914,55.692887]]]}},{"type":"Feature","properties":{"id":"M3502","kind":"lake","core":true,"sea":false,"river":false,"stream":false,"lake":true},"geometry":{"type":"Polygon","coordinates":[[[37.810914,55.730658],[37.808147,55.733356],[37.802613,55.733356],[37.799846,55.730658],[37.802613,55.72796],[37.808147,55.72796],[37.810914,55.730658]]]}},{"type":"Feature","properties":{"id":"M3503","kind":"lake","core":true,"sea":false,"river":false,"stream":false,"lake":true},"geometry":{"type":"Polygon","coordinates":[[[37.810914,55.736054],[37.808147,55.738752],[37.802613,55.738752],[37.799846,55.736054],[37.802613,55.733356],[37.808147,55.733356],[37.810914,55.736054]]]}},{"type":"Feature","properties":{"id":"M3508","kind":"lake","core":true,"sea":false,"river":false,"stream":false,"lake":true},"geometry":{"type":"Polygon","coordinates":[[[37.810914,55.763034],[37.808147,55.765732],[37.802613,55.765732],[37.799846,55.763034],[37.802613,55.760336],[37.808147,55.760336],[37.810914,55.763034]]]}},{"type":"Feature","properties":{"id":"M3510","kind":"lake","core":true,"sea":false,"river":false,"stream":false,"lake":true},"geometry":{"type":"Polygon","coordinates":[[[37.810914,55.773826],[37.808147,55.776523],[37.802613,55.776523],[37.799846,55.773826],[37.802613,55.771128],[37.808147,55.771128],[37.810914,55.773826]]]}},{"type":"Feature","properties":{"id":"M3511","kind":"lake","core":true,"sea":false,"river":false,"stream":false,"lake":true},"geometry":{"type":"Polygon","coordinates":[[[37.810914,55.779221],[37.808147,55.781919],[37.802613,55.781919],[37.799846,55.779221],[37.802613,55.776523],[37.808147,55.776523],[37.810914,55.779221]]]}},{"type":"Feature","properties":{"id":"M3519","kind":"lake","core":true,"sea":false,"river":false,"stream":false,"lake":true},"geometry":{"type":"Polygon","coordinates":[[[37.810914,55.822389],[37.808147,55.825087],[37.802613,55.825087],[37.799846,55.822389],[37.802613,55.819691],[37.808147,55.819691],[37.810914,55.822389]]]}},{"type":"Feature","properties":{"id":"M3520","kind":"lake","core":true,"sea":false,"river":false,"stream":false,"lake":true},"geometry":{"type":"Polygon","coordinates":[[[37.810914,55.827785],[37.808147,55.830483],[37.802613,55.830483],[37.799846,55.827785],[37.802613,55.825087],[37.808147,55.825087],[37.810914,55.827785]]]}},{"type":"Feature","properties":{"id":"M3521","kind":"lake","core":true,"sea":false,"river":false,"stream":false,"lake":true},"geometry":{"type":"Polygon","coordinates":[[[37.810914,55.833181],[37.808147,55.835879],[37.802613,55.835879],[37.799846,55.833181],[37.802613,55.830483],[37.808147,55.830483],[37.810914,55.833181]]]}},{"type":"Feature","properties":{"id":"M3554","kind":"lake","core":true,"sea":false,"river":false,"stream":false,"lake":true},"geometry":{"type":"Polygon","coordinates":[[[37.819216,55.657813],[37.816449,55.660511],[37.810914,55.660511],[37.808147,55.657813],[37.810914,55.655115],[37.816449,55.655115],[37.819216,55.657813]]]}},{"type":"Feature","properties":{"id":"M3559","kind":"river","core":false,"sea":false,"river":false,"stream":false,"lake":false},"geometry":{"type":"Polygon","coordinates":[[[37.819216,55.684793],[37.816449,55.687491],[37.810914,55.687491],[37.808147,55.684793],[37.810914,55.682095],[37.816449,55.682095],[37.819216,55.684793]]]}},{"type":"Feature","properties":{"id":"M3560","kind":"river","core":true,"sea":false,"river":true,"stream":false,"lake":false},"geometry":{"type":"Polygon","coordinates":[[[37.819216,55.690189],[37.816449,55.692887],[37.810914,55.692887],[37.808147,55.690189],[37.810914,55.687491],[37.816449,55.687491],[37.819216,55.690189]]]}},{"type":"Feature","properties":{"id":"M3561","kind":"river","core":false,"sea":false,"river":false,"stream":false,"lake":false},"geometry":{"type":"Polygon","coordinates":[[[37.819216,55.695585],[37.816449,55.698283],[37.810914,55.698283],[37.808147,55.695585],[37.810914,55.692887],[37.816449,55.692887],[37.819216,55.695585]]]}},{"type":"Feature","properties":{"id":"M3568","kind":"lake","core":true,"sea":false,"river":false,"stream":false,"lake":true},"geometry":{"type":"Polygon","coordinates":[[[37.819216,55.733356],[37.816449,55.736054],[37.810914,55.736054],[37.808147,55.733356],[37.810914,55.730658],[37.816449,55.730658],[37.819216,55.733356]]]}},{"type":"Feature","properties":{"id":"M3570","kind":"lake","core":true,"sea":false,"river":false,"stream":false,"lake":true},"geometry":{"type":"Polygon","coordinates":[[[37.819216,55.744148],[37.816449,55.746846],[37.810914,55.746846],[37.808147,55.744148],[37.810914,55.74145],[37.816449,55.74145],[37.819216,55.744148]]]}},{"type":"Feature","properties":{"id":"M3572","kind":"lake","core":true,"sea":false,"river":false,"stream":false,"lake":true},"geometry":{"type":"Polygon","coordinates":[[[37.819216,55.75494],[37.816449,55.757638],[37.810914,55.757638],[37.808147,55.75494],[37.810914,55.752242],[37.816449,55.752242],[37.819216,55.75494]]]}},{"type":"Feature","properties":{"id":"M3573","kind":"lake","core":true,"sea":false,"river":false,"stream":false,"lake":true},"geometry":{"type":"Polygon","coordinates":[[[37.819216,55.760336],[37.816449,55.763034],[37.810914,55.763034],[37.808147,55.760336],[37.810914,55.757638],[37.816449,55.757638],[37.819216,55.760336]]]}},{"type":"Feature","properties":{"id":"M3574","kind":"lake","core":true,"sea":false,"river":false,"stream":false,"lake":true},"geometry":{"type":"Polygon","coordinates":[[[37.819216,55.765732],[37.816449,55.76843],[37.810914,55.76843],[37.808147,55.765732],[37.810914,55.763034],[37.816449,55.763034],[37.819216,55.765732]]]}},{"type":"Feature","properties":{"id":"M3575","kind":"lake","core":true,"sea":false,"river":false,"stream":false,"lake":true},"geometry":{"type":"Polygon","coordinates":[[[37.819216,55.771128],[37.816449,55.773826],[37.810914,55.773826],[37.808147,55.771128],[37.810914,55.76843],[37.816449,55.76843],[37.819216,55.771128]]]}},{"type":"Feature","properties":{"id":"M3576","kind":"lake","core":true,"sea":false,"river":false,"stream":false,"lake":true},"geometry":{"type":"Polygon","coordinates":[[[37.819216,55.776523],[37.816449,55.779221],[37.810914,55.779221],[37.808147,55.776523],[37.810914,55.773826],[37.816449,55.773826],[37.819216,55.776523]]]}},{"type":"Feature","properties":{"id":"M3584","kind":"lake","core":true,"sea":false,"river":false,"stream":false,"lake":true},"geometry":{"type":"Polygon","coordinates":[[[37.819216,55.819691],[37.816449,55.822389],[37.810914,55.822389],[37.808147,55.819691],[37.810914,55.816993],[37.816449,55.816993],[37.819216,55.819691]]]}},{"type":"Feature","properties":{"id":"M3586","kind":"lake","core":true,"sea":false,"river":false,"stream":false,"lake":true},"geometry":{"type":"Polygon","coordinates":[[[37.819216,55.830483],[37.816449,55.833181],[37.810914,55.833181],[37.808147,55.830483],[37.810914,55.827785],[37.816449,55.827785],[37.819216,55.830483]]]}},{"type":"Feature","properties":{"id":"M3620","kind":"lake","core":true,"sea":false,"river":false,"stream":false,"lake":true},"geometry":{"type":"Polygon","coordinates":[[[37.827517,55.660511],[37.82475,55.663209],[37.819216,55.663209],[37.816449,55.660511],[37.819216,55.657813],[37.82475,55.657813],[37.827517,55.660511]]]}},{"type":"Feature","properties":{"id":"M3625","kind":"river","core":false,"sea":false,"river":false,"stream":false,"lake":false},"geometry":{"type":"Polygon","coordinates":[[[37.827517,55.687491],[37.82475,55.690189],[37.819216,55.690189],[37.816449,55.687491],[37.819216,55.684793],[37.82475,55.684793],[37.827517,55.687491]]]}},{"type":"Feature","properties":{"id":"M3626","kind":"river","core":true,"sea":false,"river":true,"stream":false,"lake":false},"geometry":{"type":"Polygon","coordinates":[[[37.827517,55.692887],[37.82475,55.695585],[37.819216,55.695585],[37.816449,55.692887],[37.819216,55.690189],[37.82475,55.690189],[37.827517,55.692887]]]}},{"type":"Feature","properties":{"id":"M3627","kind":"river","core":false,"sea":false,"river":false,"stream":false,"lake":false},"geometry":{"type":"Polygon","coordinates":[[[37.827517,55.698283],[37.82475,55.700981],[37.819216,55.700981],[37.816449,55.698283],[37.819216,55.695585],[37.82475,55.695585],[37.827517,55.698283]]]}},{"type":"Feature","properties":{"id":"M3633","kind":"lake","core":true,"sea":false,"river":false,"stream":false,"lake":true},"geometry":{"type":"Polygon","coordinates":[[[37.827517,55.730658],[37.82475,55.733356],[37.819216,55.733356],[37.816449,55.730658],[37.819216,55.72796],[37.82475,55.72796],[37.827517,55.730658]]]}},{"type":"Feature","properties":{"id":"M3639","kind":"lake","core":true,"sea":false,"river":false,"stream":false,"lake":true},"geometry":{"type":"Polygon","coordinates":[[[37.827517,55.763034],[37.82475,55.765732],[37.819216,55.765732],[37.816449,55.763034],[37.819216,55.760336],[37.82475,55.760336],[37.827517,55.763034]]]}},{"type":"Feature","properties":{"id":"M3640","kind":"lake","core":true,"sea":false,"river":false,"stream":false,"lake":true},"geometry":{"type":"Polygon","coordinates":[[[37.827517,55.76843],[37.82475,55.771128],[37.819216,55.771128],[37.816449,55.76843],[37.819216,55.765732],[37.82475,55.765732],[37.827517,55.76843]]]}},{"type":"Feature","properties":{"id":"M3641","kind":"lake","core":true,"sea":false,"river":false,"stream":false,"lake":true},"geometry":{"type":"Polygon","coordinates":[[[37.827517,55.773826],[37.82475,55.776523],[37.819216,55.776523],[37.816449,55.773826],[37.819216,55.771128],[37.82475,55.771128],[37.827517,55.773826]]]}},{"type":"Feature","properties":{"id":"M3685","kind":"lake","core":true,"sea":false,"river":false,"stream":false,"lake":true},"geometry":{"type":"Polygon","coordinates":[[[37.835818,55.657813],[37.833051,55.660511],[37.827517,55.660511],[37.82475,55.657813],[37.827517,55.655115],[37.833051,55.655115],[37.835818,55.657813]]]}},{"type":"Feature","properties":{"id":"M3692","kind":"river","core":false,"sea":false,"river":false,"stream":false,"lake":false},"geometry":{"type":"Polygon","coordinates":[[[37.835818,55.695585],[37.833051,55.698283],[37.827517,55.698283],[37.82475,55.695585],[37.827517,55.692887],[37.833051,55.692887],[37.835818,55.695585]]]}},{"type":"Feature","properties":{"id":"M3693","kind":"river","core":true,"sea":false,"river":true,"stream":false,"lake":true},"geometry":{"type":"Polygon","coordinates":[[[37.835818,55.700981],[37.833051,55.703679],[37.827517,55.703679],[37.82475,55.700981],[37.827517,55.698283],[37.833051,55.698283],[37.835818,55.700981]]]}},{"type":"Feature","properties":{"id":"M3694","kind":"river","core":false,"sea":false,"river":false,"stream":false,"lake":false},"geometry":{"type":"Polygon","coordinates":[[[37.835818,55.706377],[37.833051,55.709074],[37.827517,55.709074],[37.82475,55.706377],[37.827517,55.703679],[37.833051,55.703679],[37.835818,55.706377]]]}},{"type":"Feature","properties":{"id":"M3698","kind":"lake","core":true,"sea":false,"river":false,"stream":false,"lake":true},"geometry":{"type":"Polygon","coordinates":[[[37.835818,55.72796],[37.833051,55.730658],[37.827517,55.730658],[37.82475,55.72796],[37.827517,55.725262],[37.833051,55.725262],[37.835818,55.72796]]]}},{"type":"Feature","properties":{"id":"M3716","kind":"lake","core":true,"sea":false,"river":false,"stream":false,"lake":true},"geometry":{"type":"Polygon","coordinates":[[[37.835818,55.825087],[37.833051,55.827785],[37.827517,55.827785],[37.82475,55.825087],[37.827517,55.822389],[37.833051,55.822389],[37.835818,55.825087]]]}},{"type":"Feature","properties":{"id":"M3763","kind":"lake","core":true,"sea":false,"river":false,"stream":false,"lake":true},"geometry":{"type":"Polygon","coordinates":[[[37.84412,55.725262],[37.841352,55.72796],[37.835818,55.72796],[37.833051,55.725262],[37.835818,55.722564],[37.841352,55.722564],[37.84412,55.725262]]]}},{"type":"Feature","properties":{"id":"M3769","kind":"lake","core":true,"sea":false,"river":false,"stream":false,"lake":true},"geometry":{"type":"Polygon","coordinates":[[[37.84412,55.757638],[37.841352,55.760336],[37.835818,55.760336],[37.833051,55.757638],[37.835818,55.75494],[37.841352,55.75494],[37.84412,55.757638]]]}},{"type":"Feature","properties":{"id":"M3771","kind":"lake","core":true,"sea":false,"river":false,"stream":false,"lake":true},"geometry":{"type":"Polygon","coordinates":[[[37.84412,55.76843],[37.841352,55.771128],[37.835818,55.771128],[37.833051,55.76843],[37.835818,55.765732],[37.841352,55.765732],[37.84412,55.76843]]]}},{"type":"Feature","properties":{"id":"M3772","kind":"lake","core":true,"sea":false,"river":false,"stream":false,"lake":true},"geometry":{"type":"Polygon","coordinates":[[[37.84412,55.773826],[37.841352,55.776523],[37.835818,55.776523],[37.833051,55.773826],[37.835818,55.771128],[37.841352,55.771128],[37.84412,55.773826]]]}}]}