{"type":"FeatureCollection","features":[{"type":"Feature","properties":{"kind":"sea"},"geometry":{"type":"LineString","coordinates":[[41.546994,41.520674],[41.547054,41.520563],[41.546925,41.520129],[41.546582,41.519073],[41.546242,41.518453],[41.54608,41.518279],[41.545684,41.518033],[41.545389,41.518026],[41.544582,41.517506],[41.544441,41.517398],[41.544299,41.517279],[41.544137,41.517114],[41.544022,41.516909],[41.54395,41.516716],[41.543922,41.516582],[41.544168,41.516464],[41.544235,41.516408],[41.544283,41.516304],[41.544264,41.516214],[41.544044,41.515709],[41.543727,41.514722],[41.542812,41.512501],[41.542686,41.512241],[41.54238,41.511872],[41.542212,41.511755],[41.541592,41.51157],[41.541357,41.51166],[41.541159,41.511651],[41.539905,41.511416],[41.539219,41.511036],[41.537655,41.50989],[41.537338,41.509779],[41.537114,41.509832],[41.537188,41.509664],[41.537151,41.509544],[41.537005,41.509639],[41.536867,41.509603],[41.536841,41.509508],[41.536961,41.509429],[41.536957,41.50936],[41.53705,41.509334],[41.536431,41.508205],[41.536308,41.50787],[41.536039,41.507641],[41.535244,41.506746],[41.534718,41.505955],[41.534154,41.504452],[41.533643,41.503406],[41.532512,41.501716],[41.5319,41.500687],[41.531598,41.499829],[41.53112,41.498878],[41.531045,41.498789],[41.530836,41.498688],[41.530777,41.498579],[41.530751,41.498278],[41.530907,41.498171],[41.531139,41.498243],[41.531144,41.497951],[41.531106,41.497672],[41.530935,41.497252],[41.529916,41.495323],[41.529097,41.493843],[41.527863,41.49163],[41.526719,41.489786],[41.52467,41.486663],[41.524237,41.485931],[41.524115,41.485786],[41.523897,41.485533],[41.523784,41.485435],[41.523692,41.485439],[41.523609,41.485498],[41.523531,41.485466],[41.523482,41.485408],[41.5235,41.485326],[41.523575,41.485264],[41.523621,41.485165],[41.523639,41.485061],[41.523124,41.48407],[41.523066,41.484008],[41.522992,41.484006],[41.522871,41.484034],[41.522841,41.484081],[41.522851,41.484184],[41.522827,41.484241],[41.522767,41.484258],[41.522687,41.484256],[41.522639,41.484214],[41.522608,41.484152],[41.522589,41.483422],[41.522556,41.483389],[41.522112,41.483175],[41.521999,41.483105],[41.521898,41.483043],[41.521788,41.483011],[41.521636,41.483033],[41.521537,41.483027],[41.521444,41.482996],[41.521394,41.482954],[41.521399,41.482874],[41.521471,41.482824],[41.521692,41.482682],[41.521826,41.482617],[41.52191,41.482549],[41.521968,41.482471],[41.521963,41.482414],[41.521914,41.48237],[41.521701,41.482234],[41.521471,41.482113],[41.520704,41.481745],[41.520264,41.481692],[41.520126,41.481708],[41.519996,41.481723],[41.519934,41.481921],[41.520333,41.482685],[41.520271,41.482732],[41.520697,41.483],[41.521003,41.483227],[41.521275,41.483668],[41.521574,41.483869],[41.521536,41.484029],[41.521225,41.48411]]}},{"type":"Feature","properties":{"kind":"sea"},"geometry":{"type":"LineString","coordinates":[[41.70602,41.694148],[41.70589,41.694145],[41.705867,41.694109],[41.705881,41.694086],[41.705826,41.694018],[41.705864,41.693998],[41.705834,41.693965],[41.705859,41.693899],[41.705732,41.693593],[41.70532,41.693032],[41.703983,41.690669],[41.703634,41.690113],[41.703033,41.689257],[41.702528,41.688627],[41.702243,41.688269],[41.702045,41.688009],[41.701664,41.687502],[41.701472,41.687054],[41.701342,41.686909],[41.701046,41.686571],[41.700865,41.686254],[41.700467,41.685593],[41.699446,41.684025],[41.699033,41.683381],[41.698213,41.682093],[41.6976,41.681083],[41.697336,41.680649],[41.697036,41.680172],[41.695914,41.678581],[41.69568,41.678248],[41.695024,41.677315],[41.693871,41.675761],[41.692916,41.674575],[41.69202,41.673525],[41.691906,41.673417],[41.691612,41.67314],[41.691328,41.672964],[41.691113,41.672776],[41.691011,41.672673],[41.690958,41.672619],[41.690555,41.672379],[41.690121,41.672166],[41.689825,41.671953],[41.689671,41.671817],[41.689436,41.671714],[41.689382,41.671654],[41.689304,41.671669],[41.689219,41.671611],[41.689099,41.671603],[41.688833,41.671329],[41.688528,41.670984],[41.688286,41.670656],[41.687846,41.670135],[41.687567,41.669822],[41.687117,41.669297],[41.686886,41.669029],[41.686704,41.668905],[41.686397,41.66859],[41.685856,41.667999],[41.685448,41.667739],[41.684949,41.667581],[41.684861,41.667553],[41.68447,41.667513],[41.683908,41.667532],[41.68349,41.667412],[41.683256,41.667173],[41.682967,41.667031],[41.682601,41.666822],[41.682024,41.666586]]}},{"type":"Feature","properties":{"kind":"sea"},"geometry":{"type":"LineString","coordinates":[[41.559551,41.544044],[41.559238,41.543829],[41.559019,41.543695],[41.55866,41.543554],[41.558303,41.543343],[41.557655,41.543011],[41.55733,41.54273],[41.556926,41.542503],[41.55654,41.542382],[41.555787,41.54184],[41.555253,41.541553],[41.554583,41.541249],[41.554055,41.541156],[41.553548,41.540987],[41.553054,41.54061],[41.552699,41.540164],[41.552626,41.539808],[41.5524,41.539201],[41.551868,41.538061],[41.551272,41.536897],[41.550745,41.536269],[41.550238,41.535494],[41.549884,41.535076],[41.54943,41.534716],[41.549272,41.534412],[41.549161,41.534021],[41.549103,41.533614],[41.549151,41.533325],[41.549209,41.533132],[41.549177,41.532946],[41.549188,41.532764],[41.549182,41.532614],[41.549182,41.532598],[41.549177,41.532476],[41.549035,41.532283],[41.548797,41.53212],[41.548633,41.531915],[41.548628,41.531638],[41.548591,41.531338],[41.548597,41.53105],[41.548575,41.530394],[41.548554,41.529695],[41.548565,41.529351],[41.548454,41.528976],[41.548348,41.528612],[41.548311,41.528079],[41.548391,41.527604],[41.548391,41.52713],[41.548458,41.527013],[41.548418,41.526876],[41.54848,41.526788]]}},{"type":"Feature","properties":{"kind":"sea"},"geometry":{"type":"LineString","coordinates":[[41.54829,41.526937],[41.548148,41.527008],[41.548026,41.526858],[41.548048,41.526711],[41.548153,41.526656],[41.548296,41.526719],[41.54834,41.526837],[41.54829,41.526937]]}},{"type":"Feature","properties":{"kind":"sea"},"geometry":{"type":"LineString","coordinates":[[41.521225,41.48411],[41.52089,41.484],[41.520578,41.483408],[41.519748,41.482883],[41.519512,41.48255],[41.519146,41.481887],[41.518834,41.481527],[41.51808,41.481276],[41.517371,41.480986],[41.516686,41.480469]]}},{"type":"Feature","properties":{"kind":"sea"},"geometry":{"type":"LineString","coordinates":[[41.574419,41.605556],[41.573989,41.604899],[41.573878,41.604739],[41.573819,41.604637],[41.573706,41.604491],[41.573558,41.604278],[41.573395,41.604021],[41.572971,41.603267],[41.572617,41.602443],[41.57237,41.601761],[41.572,41.600429],[41.571794,41.599727],[41.571568,41.599061],[41.571238,41.598287],[41.570613,41.596764],[41.570098,41.595567],[41.569479,41.593974],[41.569044,41.592767],[41.568637,41.591509],[41.56825,41.59043],[41.567915,41.589453],[41.567676,41.588566],[41.567456,41.587571],[41.56732,41.586799],[41.567252,41.586351],[41.567175,41.585844],[41.566995,41.584885],[41.566732,41.583655],[41.566594,41.583115],[41.566572,41.583025],[41.566507,41.582794],[41.566434,41.582411],[41.566287,41.581466],[41.566142,41.580465],[41.566008,41.579199],[41.565899,41.577804],[41.565769,41.576434],[41.565645,41.574923],[41.565555,41.572959],[41.565477,41.571185],[41.565365,41.568539],[41.565337,41.567898],[41.565262,41.566592],[41.565176,41.565405],[41.565112,41.564484],[41.564938,41.562427],[41.564809,41.561225],[41.564683,41.560232],[41.564501,41.558875],[41.56435,41.557843],[41.564173,41.556631],[41.563967,41.555383],[41.563886,41.554835],[41.563658,41.553654],[41.563374,41.55232],[41.56302,41.550862],[41.562685,41.54962],[41.562414,41.54863],[41.562207,41.54788],[41.56195,41.546994],[41.561706,41.546115],[41.561494,41.545378],[41.561397,41.545119],[41.561298,41.544955],[41.561153,41.544818],[41.560968,41.544704],[41.560622,41.544581],[41.560147,41.544395]]}},{"type":"Feature","properties":{"kind":"sea"},"geometry":{"type":"LineString","coordinates":[[41.615703,41.64528],[41.615287,41.644928],[41.614942,41.644643],[41.614449,41.644223],[41.614352,41.644145],[41.614135,41.64395],[41.614004,41.643843],[41.613651,41.643554],[41.613143,41.64313],[41.612586,41.642651],[41.61191,41.642064],[41.611416,41.641648],[41.610998,41.641302],[41.610966,41.64127],[41.610927,41.641238],[41.610637,41.640989],[41.610002,41.640424],[41.609598,41.640062],[41.609284,41.639802],[41.609094,41.639633],[41.608842,41.6394],[41.608329,41.638902],[41.607495,41.638082],[41.607015,41.637617],[41.606627,41.637238],[41.606067,41.63666],[41.605618,41.636173],[41.605589,41.636152],[41.60558,41.636145],[41.605565,41.636133],[41.605265,41.635856],[41.604926,41.635525],[41.604496,41.635106],[41.603963,41.634553],[41.603454,41.634019],[41.60302,41.633571],[41.60253,41.633054],[41.602172,41.63266],[41.601897,41.632382],[41.601881,41.632364],[41.601839,41.632319],[41.601817,41.632291],[41.601794,41.632268]]}},{"type":"Feature","properties":{"kind":"sea"},"geometry":{"type":"LineString","coordinates":[[41.62674,41.652901],[41.626672,41.652862],[41.626521,41.652774],[41.626135,41.652539],[41.625647,41.652233],[41.624971,41.651821],[41.6244,41.651486],[41.623879,41.65116],[41.623364,41.650841],[41.62281,41.650473],[41.622184,41.650052],[41.621657,41.649699],[41.621571,41.649643],[41.621503,41.6496],[41.620822,41.649118],[41.620417,41.648832],[41.619863,41.648431],[41.619341,41.648067],[41.618674,41.647565],[41.618079,41.647124],[41.61765,41.646813],[41.617556,41.646744],[41.617372,41.646609],[41.617266,41.646531],[41.61667,41.646057],[41.616136,41.645638],[41.615703,41.64528]]}},{"type":"Feature","properties":{"kind":"sea"},"geometry":{"type":"LineString","coordinates":[[41.645841,41.647482],[41.645331,41.647846],[41.645324,41.647883],[41.645317,41.64792],[41.645204,41.648172],[41.645212,41.648192],[41.645236,41.648227],[41.645243,41.648263],[41.645222,41.648302],[41.645156,41.648329],[41.645256,41.648861],[41.645345,41.648895],[41.645073,41.649335],[41.645333,41.649422],[41.644349,41.651221],[41.644287,41.651266],[41.643938,41.651334],[41.644496,41.652969],[41.644272,41.653009],[41.644169,41.653029],[41.643936,41.653315],[41.643901,41.653296],[41.643687,41.6532],[41.643443,41.653087],[41.642847,41.653917],[41.642752,41.654044],[41.64275,41.654059],[41.643062,41.654846],[41.643264,41.655355],[41.643879,41.655208],[41.643722,41.654868],[41.643632,41.654678],[41.643605,41.654619],[41.643675,41.654609],[41.643761,41.654616],[41.643816,41.654625],[41.643867,41.654651],[41.643937,41.654705],[41.644011,41.654754],[41.644143,41.654844],[41.644235,41.654915],[41.644308,41.654993],[41.644342,41.655073],[41.644326,41.655175],[41.644279,41.655262],[41.644181,41.655348],[41.644028,41.655436],[41.643871,41.655542],[41.643724,41.65565],[41.643579,41.655784],[41.643488,41.655854],[41.643426,41.655906],[41.643209,41.655978],[41.643054,41.656031],[41.642941,41.656079],[41.642863,41.656127],[41.642759,41.656209],[41.642636,41.656311],[41.642444,41.656484],[41.642345,41.656594],[41.642283,41.656687],[41.642234,41.65677],[41.642168,41.656843],[41.642077,41.65693],[41.641967,41.657016],[41.64185,41.657089],[41.64163,41.657209],[41.641484,41.657298],[41.6413,41.657415],[41.641055,41.657542],[41.64085,41.657625],[41.640626,41.657687],[41.640402,41.657718],[41.640081,41.657717],[41.639742,41.657709],[41.63942,41.657683],[41.639037,41.657622],[41.638704,41.657582],[41.638302,41.657549],[41.637958,41.657549],[41.637571,41.657569],[41.63713,41.657591],[41.636731,41.657594],[41.636373,41.657556],[41.635999,41.657475],[41.635573,41.657365],[41.635232,41.657263],[41.634918,41.657134],[41.634565,41.65698],[41.634123,41.656756],[41.63355,41.656438],[41.633352,41.656326],[41.633323,41.65631],[41.633294,41.656294],[41.633097,41.656182],[41.632537,41.655865],[41.631925,41.655556],[41.631225,41.655229],[41.630684,41.654967],[41.630157,41.654724],[41.629669,41.654492],[41.628996,41.654148],[41.62863,41.653951]]}},{"type":"Feature","properties":{"kind":"sea"},"geometry":{"type":"LineString","coordinates":[[41.64886,41.647102],[41.64877,41.64709],[41.647548,41.64694],[41.646797,41.646861],[41.646693,41.646841],[41.646631,41.646834],[41.646511,41.646935],[41.646013,41.647353],[41.645841,41.647482]]}},{"type":"Feature","properties":{"kind":"sea"},"geometry":{"type":"LineString","coordinates":[[41.59163,41.6229],[41.591159,41.622504],[41.590686,41.622131],[41.590308,41.621822],[41.589941,41.621521],[41.589622,41.621266],[41.589236,41.620954],[41.588962,41.620738],[41.588661,41.620475],[41.588376,41.620192],[41.588105,41.619924],[41.587632,41.619471],[41.587083,41.618983],[41.58698,41.618886]]}},{"type":"Feature","properties":{"kind":"sea"},"geometry":{"type":"LineString","coordinates":[[41.601794,41.632268],[41.6017,41.632171],[41.6015,41.631967],[41.601114,41.63158],[41.600892,41.631358],[41.600527,41.631002],[41.600173,41.630654],[41.599968,41.630446],[41.599826,41.630293],[41.599812,41.630279],[41.599705,41.630169],[41.599573,41.63004],[41.599379,41.629872],[41.599255,41.629754],[41.599206,41.629709],[41.599082,41.629602],[41.598843,41.629381],[41.598588,41.629149],[41.598325,41.628908],[41.598221,41.628816],[41.598198,41.628794],[41.598143,41.628744],[41.598098,41.628703],[41.597936,41.628526],[41.59744,41.628058],[41.596768,41.627419],[41.596222,41.626884],[41.595756,41.626461],[41.595279,41.626036],[41.594735,41.62556],[41.594291,41.62516],[41.593963,41.624858],[41.593227,41.62422],[41.592467,41.623581],[41.59163,41.6229]]}},{"type":"Feature","properties":{"kind":"sea"},"geometry":{"type":"LineString","coordinates":[[41.585168,41.617079],[41.584785,41.616407],[41.584336,41.615519],[41.584049,41.614951],[41.583799,41.614476],[41.583381,41.613682],[41.583048,41.613062],[41.582783,41.612639],[41.582517,41.61224],[41.582292,41.611935],[41.581978,41.611584],[41.581685,41.611305],[41.58113,41.610813],[41.580778,41.610531],[41.580328,41.610232],[41.579899,41.609938],[41.579301,41.609524],[41.578757,41.609115],[41.578324,41.608804],[41.578258,41.608756],[41.577767,41.608403],[41.576909,41.607786],[41.576286,41.607337],[41.575763,41.607022],[41.575331,41.606791],[41.575057,41.606614],[41.574993,41.606572],[41.574823,41.606429],[41.574705,41.606263],[41.574642,41.606101],[41.574619,41.605915]]}},{"type":"Feature","properties":{"kind":"sea"},"geometry":{"type":"LineString","coordinates":[[41.664597,41.650243],[41.664497,41.650224],[41.664513,41.650262],[41.664503,41.650314],[41.664461,41.65036],[41.66444,41.650393],[41.664414,41.650416],[41.664384,41.650433],[41.664365,41.650471],[41.664315,41.650512],[41.664243,41.650515],[41.664173,41.650498],[41.664139,41.650464],[41.66408,41.650425],[41.664057,41.650371],[41.664003,41.650315],[41.66387,41.650193],[41.663754,41.650118],[41.66365,41.650071],[41.663593,41.65005],[41.663493,41.650045],[41.66339,41.650015],[41.663396,41.649997],[41.663367,41.64999],[41.663364,41.649997],[41.663317,41.649985],[41.662931,41.649893],[41.66292,41.649912],[41.662645,41.649856],[41.662501,41.649858],[41.662334,41.649886],[41.662181,41.649942],[41.662073,41.650011],[41.66198,41.650105],[41.661923,41.650224],[41.661988,41.650257],[41.662222,41.650283],[41.662196,41.650408],[41.66201,41.650391],[41.661805,41.650341],[41.661662,41.650287],[41.661549,41.65024],[41.661364,41.650224],[41.661292,41.650196],[41.661182,41.65019],[41.661055,41.650206],[41.660947,41.650209],[41.660921,41.650187],[41.660896,41.65015],[41.660878,41.650143],[41.661157,41.651395],[41.661033,41.651408],[41.66077,41.6502],[41.660579,41.650236],[41.660286,41.650302],[41.660092,41.650321],[41.659939,41.650307],[41.659917,41.650337],[41.659891,41.650328],[41.659873,41.650352],[41.659908,41.650366],[41.659668,41.650669],[41.659633,41.650652],[41.658546,41.652013],[41.658494,41.65199],[41.658316,41.652212],[41.658574,41.652326],[41.658585,41.652312],[41.658741,41.652385],[41.658704,41.652438],[41.65439,41.650484],[41.654128,41.650465],[41.65392,41.650437],[41.649994,41.649925],[41.649904,41.649932],[41.649814,41.649925],[41.649743,41.649907],[41.649681,41.649879],[41.649091,41.649808],[41.649085,41.649833],[41.648747,41.64979],[41.648699,41.649741],[41.648731,41.649723],[41.648643,41.649636],[41.648731,41.649292],[41.65054,41.649519],[41.650504,41.649676],[41.651668,41.649826],[41.651697,41.649716],[41.652134,41.649772],[41.652108,41.649885],[41.653593,41.650076],[41.653624,41.649953],[41.654063,41.650007],[41.654033,41.650134],[41.654419,41.65018],[41.654666,41.650179],[41.65486,41.650155],[41.65509,41.650115],[41.655334,41.650061],[41.65561,41.649963],[41.655712,41.649904],[41.655736,41.649891],[41.655801,41.649853],[41.655651,41.649799],[41.657196,41.647524],[41.657223,41.647377],[41.657234,41.647316],[41.657247,41.647247],[41.657266,41.647143],[41.655127,41.646868],[41.652299,41.64746],[41.651998,41.647526],[41.650091,41.647265],[41.64886,41.647102]]}},{"type":"Feature","properties":{"kind":"sea"},"geometry":{"type":"LineString","coordinates":[[41.682024,41.666586],[41.6818,41.666388],[41.681622,41.666131],[41.680763,41.665171],[41.680645,41.664917],[41.680472,41.6645],[41.680243,41.664313],[41.680025,41.664246],[41.679787,41.664362],[41.679605,41.664424],[41.679465,41.664469],[41.679383,41.664556],[41.679276,41.664588],[41.6792,41.664571],[41.679147,41.664528],[41.679133,41.664471],[41.679149,41.664422],[41.679266,41.664381],[41.679198,41.664268],[41.680027,41.663964],[41.679541,41.663162],[41.67788,41.663729],[41.677824,41.663643],[41.677767,41.663668],[41.677746,41.663714],[41.677751,41.663771],[41.678239,41.665023],[41.678317,41.665141],[41.678377,41.665127],[41.67847,41.665301],[41.678473,41.665397],[41.678427,41.665466],[41.678342,41.665512],[41.678222,41.665534],[41.678111,41.66552],[41.678015,41.665477],[41.677928,41.665392],[41.677878,41.665287],[41.677392,41.664076],[41.677277,41.663756],[41.677266,41.663651],[41.677298,41.663578],[41.677356,41.663515],[41.677434,41.663468],[41.677642,41.663402],[41.677854,41.663355],[41.678014,41.663343],[41.678152,41.663314],[41.67832,41.663245],[41.678465,41.663195],[41.678714,41.663151],[41.678857,41.663098],[41.678933,41.662964],[41.678941,41.66284],[41.678893,41.662656],[41.67876,41.66221]]}},{"type":"Feature","properties":{"kind":"sea"},"geometry":{"type":"LineString","coordinates":[[41.62863,41.653951],[41.628332,41.653794],[41.62775,41.65348],[41.62674,41.652901]]}},{"type":"Feature","properties":{"kind":"sea"},"geometry":{"type":"LineString","coordinates":[[41.560147,41.544395],[41.559551,41.544044]]}},{"type":"Feature","properties":{"kind":"sea"},"geometry":{"type":"LineString","coordinates":[[41.54848,41.526788],[41.548438,41.526684],[41.548459,41.526538],[41.548496,41.526403],[41.548507,41.526032],[41.548375,41.525384],[41.548164,41.524238],[41.547763,41.522879],[41.546994,41.520674]]}},{"type":"Feature","properties":{"kind":"sea"},"geometry":{"type":"LineString","coordinates":[[41.725177,41.719906],[41.724905,41.719372],[41.724444,41.718595],[41.724168,41.71807],[41.723762,41.717094],[41.723526,41.716592],[41.723272,41.716152],[41.723077,41.715872],[41.722749,41.715434],[41.722704,41.71535],[41.722595,41.715208],[41.72255,41.715155],[41.722413,41.715064],[41.722279,41.714976],[41.722208,41.714798],[41.722079,41.714121]]}},{"type":"Feature","properties":{"kind":"sea"},"geometry":{"type":"LineString","coordinates":[[41.574619,41.605915],[41.574419,41.605556]]}},{"type":"Feature","properties":{"kind":"sea"},"geometry":{"type":"LineString","coordinates":[[41.585914,41.61779],[41.585808,41.617747],[41.585712,41.617699],[41.585604,41.617643],[41.585533,41.617587],[41.585327,41.617324],[41.585168,41.617079]]}},{"type":"Feature","properties":{"kind":"sea"},"geometry":{"type":"LineString","coordinates":[[41.58698,41.618886],[41.586699,41.618622],[41.586409,41.618276],[41.58617,41.617999],[41.586047,41.617871],[41.585989,41.617828],[41.585914,41.61779]]}},{"type":"Feature","properties":{"kind":"sea"},"geometry":{"type":"LineString","coordinates":[[41.673836,41.655668],[41.673787,41.655784],[41.673669,41.655863],[41.673515,41.655831],[41.672912,41.656039],[41.67236,41.656242],[41.671781,41.656275],[41.671452,41.656207],[41.671155,41.656048],[41.670569,41.655653],[41.670094,41.65544],[41.66957,41.655252],[41.668979,41.655091],[41.668535,41.655015],[41.668085,41.654968],[41.667153,41.654918],[41.666154,41.654935],[41.665536,41.654958],[41.662778,41.652336],[41.664089,41.651144],[41.664367,41.650937],[41.664558,41.650761],[41.664709,41.650612],[41.664786,41.65055],[41.664825,41.650478],[41.664823,41.650436],[41.664766,41.650351],[41.664767,41.650326],[41.66478,41.650286],[41.664674,41.650259],[41.664597,41.650243]]}},{"type":"Feature","properties":{"kind":"sea"},"geometry":{"type":"LineString","coordinates":[[41.706497,41.694719],[41.70634,41.694471],[41.706336,41.694425],[41.706275,41.694325],[41.706052,41.694171],[41.70602,41.694148]]}},{"type":"Feature","properties":{"kind":"sea"},"geometry":{"type":"LineString","coordinates":[[41.722079,41.714121],[41.721975,41.713836],[41.721436,41.712875],[41.721214,41.712401],[41.720853,41.711546],[41.720527,41.710745],[41.720209,41.71011],[41.719763,41.709223],[41.719491,41.708622],[41.71915,41.707921],[41.718838,41.707254],[41.718651,41.706913],[41.718176,41.705745],[41.718016,41.705388],[41.717791,41.705105],[41.717473,41.704657],[41.7171,41.704199],[41.716925,41.703974],[41.7163,41.703136],[41.71581,41.702547],[41.715141,41.701618],[41.714704,41.701073],[41.714041,41.700233],[41.713564,41.699663],[41.713132,41.69918],[41.71271,41.698676],[41.712273,41.698331],[41.71198,41.697972],[41.711783,41.697693],[41.711456,41.697268],[41.711136,41.696739],[41.710935,41.696536],[41.710707,41.696391],[41.71031,41.696212],[41.710039,41.696028],[41.709641,41.695786],[41.709417,41.695749],[41.709164,41.695733],[41.708828,41.695761],[41.708643,41.695789],[41.708372,41.695791],[41.70807,41.695782],[41.707731,41.695775],[41.707435,41.695722],[41.707211,41.695648],[41.706952,41.695503],[41.706838,41.695393],[41.706776,41.695181],[41.706497,41.694719]]}},{"type":"Feature","properties":{"kind":"sea"},"geometry":{"type":"LineString","coordinates":[[41.674017,41.655806],[41.673926,41.655736],[41.673836,41.655668]]}},{"type":"Feature","properties":{"kind":"sea"},"geometry":{"type":"LineString","coordinates":[[41.67876,41.66221],[41.67798,41.662677],[41.67611,41.663631],[41.675686,41.664068],[41.675212,41.664128],[41.675149,41.66394],[41.675659,41.663677],[41.673728,41.661912],[41.673498,41.661699],[41.673374,41.661435],[41.673482,41.660994],[41.673609,41.660566],[41.673685,41.660096],[41.673731,41.659625],[41.673735,41.659383],[41.673685,41.659014],[41.673575,41.658659],[41.673386,41.658261],[41.673169,41.657896],[41.672821,41.657455],[41.672616,41.657205],[41.672537,41.656954],[41.672592,41.656733],[41.672726,41.656539],[41.672904,41.656357],[41.673178,41.656204],[41.673744,41.655977],[41.673798,41.655915],[41.673904,41.655865],[41.674017,41.655806]]}},{"type":"Feature","properties":{"kind":"river","name":"ჭოროხი"},"geometry":{"type":"LineString","coordinates":[[41.713986,41.480121],[41.714098,41.480283],[41.7142,41.480447],[41.714292,41.480615],[41.714373,41.480787],[41.714448,41.48097],[41.714511,41.481156],[41.71445,41.482265],[41.714452,41.482394],[41.714463,41.482522],[41.714483,41.48265],[41.714513,41.482777],[41.714552,41.482907],[41.714601,41.483035],[41.714659,41.483162],[41.714726,41.483285],[41.714802,41.483406],[41.714886,41.483554],[41.714961,41.483704],[41.715027,41.483857],[41.71508,41.484006],[41.715121,41.484158],[41.71515,41.484311],[41.715167,41.484465],[41.715198,41.484782],[41.715223,41.485099],[41.715236,41.485258],[41.715241,41.485417],[41.715235,41.485595],[41.715218,41.485772],[41.715191,41.485949],[41.715151,41.486124],[41.715101,41.486298],[41.714877,41.487148],[41.714934,41.487334],[41.714999,41.487518],[41.715074,41.487701],[41.715158,41.487881],[41.715252,41.488058],[41.715355,41.488235],[41.715467,41.488409],[41.715588,41.48858],[41.715718,41.488747],[41.715856,41.48891],[41.716003,41.489069],[41.716173,41.489243],[41.716352,41.489413],[41.716537,41.489579],[41.716606,41.489629],[41.716671,41.489683],[41.716729,41.48974],[41.71679,41.48981],[41.716843,41.489884],[41.716887,41.489961],[41.716922,41.490041],[41.716948,41.490123],[41.71698,41.490246],[41.717005,41.49037],[41.717023,41.490494],[41.716963,41.490537],[41.71691,41.490584],[41.716862,41.490634],[41.716822,41.490688],[41.716789,41.490745],[41.716763,41.490804],[41.716745,41.490864],[41.716735,41.490926],[41.716733,41.490988],[41.716723,41.491046],[41.716704,41.491103],[41.716677,41.491159],[41.716642,41.491212],[41.716599,41.491261],[41.71655,41.491307],[41.716432,41.491451],[41.716304,41.491591],[41.716166,41.491725],[41.716013,41.491859],[41.71585,41.491986],[41.715679,41.492107],[41.71559,41.492165],[41.715498,41.49222],[41.71536,41.492299],[41.715218,41.492373],[41.715125,41.492543],[41.715044,41.492717],[41.714973,41.492893],[41.714912,41.493071],[41.714861,41.493258],[41.714822,41.493447],[41.714795,41.493637],[41.714781,41.493828],[41.714778,41.494019],[41.714691,41.494151],[41.714614,41.494287],[41.714549,41.494425],[41.714498,41.494558],[41.714458,41.494692],[41.714428,41.494828],[41.714408,41.494965],[41.714399,41.495103],[41.714401,41.495241],[41.714374,41.495594],[41.714334,41.495946],[41.714282,41.496298],[41.714219,41.496648],[41.714159,41.496929],[41.714092,41.497209],[41.714017,41.497488],[41.713935,41.497766],[41.713826,41.4981],[41.713709,41.498432],[41.713582,41.498763],[41.713446,41.499091],[41.7133,41.499417],[41.713146,41.499741],[41.713136,41.499883],[41.713139,41.500024],[41.713153,41.500166],[41.713178,41.500306],[41.713212,41.500433],[41.713255,41.500559],[41.713307,41.500682],[41.713369,41.500803],[41.713439,41.500922],[41.713519,41.501037],[41.71359,41.501103],[41.713655,41.501174],[41.713714,41.501247],[41.713767,41.501323],[41.713817,41.50141],[41.713859,41.5015],[41.713893,41.501593],[41.713917,41.501686],[41.713932,41.501781],[41.713937,41.501876],[41.713935,41.501996],[41.713924,41.502116],[41.713903,41.502235],[41.713872,41.502353],[41.713831,41.502469],[41.713782,41.502583],[41.713771,41.502725],[41.713752,41.502866],[41.713723,41.503006],[41.713684,41.503144],[41.713637,41.503281],[41.71357,41.503439],[41.713491,41.503593],[41.713401,41.503744],[41.713299,41.50389],[41.713186,41.504032],[41.713121,41.504099],[41.713062,41.504168],[41.712995,41.504257],[41.712937,41.504349],[41.712887,41.504443],[41.712846,41.50454],[41.712813,41.504639],[41.712789,41.504739],[41.712775,41.504838],[41.712771,41.504937],[41.712776,41.505037],[41.712791,41.505136],[41.712815,41.505234],[41.712849,41.50533],[41.712891,41.505425],[41.712803,41.505557],[41.712704,41.505684],[41.712594,41.505807],[41.712475,41.505924],[41.712345,41.506035],[41.712215,41.506135],[41.712077,41.506228],[41.711933,41.506315],[41.711781,41.506395],[41.711624,41.506469],[41.711461,41.506536],[41.711293,41.506595],[41.711116,41.506634],[41.710943,41.506682],[41.710775,41.506737],[41.710611,41.5068],[41.710452,41.50687],[41.7103,41.506947],[41.710154,41.507031],[41.710014,41.507121],[41.709888,41.507213],[41.70977,41.507311],[41.709659,41.507413],[41.709556,41.50752],[41.709462,41.507632],[41.709376,41.507747],[41.709023,41.508213],[41.708173,41.508724],[41.70802,41.508812],[41.707875,41.508908],[41.707739,41.50901],[41.707612,41.509119],[41.707495,41.509234],[41.707388,41.509354],[41.707292,41.50948],[41.707208,41.50961],[41.707135,41.509744],[41.707073,41.509881],[41.707028,41.510009],[41.706993,41.510139],[41.706969,41.51027],[41.706955,41.510403],[41.706952,41.510535],[41.70696,41.510668],[41.706978,41.5108],[41.707007,41.510931],[41.707025,41.510995],[41.707047,41.51106],[41.707095,41.511177],[41.707154,41.511291],[41.707225,41.511401],[41.707305,41.511507],[41.707396,41.511609],[41.707496,41.511705],[41.707606,41.511796],[41.707724,41.51188],[41.70785,41.511958],[41.707982,41.512029],[41.708122,41.512093],[41.708267,41.512149],[41.708542,41.512179],[41.708816,41.512219],[41.709086,41.512267],[41.709354,41.512324],[41.709618,41.512389],[41.709878,41.512464],[41.710134,41.512546],[41.710384,41.512636],[41.71063,41.512735],[41.710869,41.512841],[41.711098,41.512954],[41.711321,41.513073],[41.711537,41.513199],[41.711745,41.513332],[41.711946,41.513472],[41.712139,41.513618],[41.712323,41.51377],[41.712498,41.513927],[41.712665,41.51409],[41.712821,41.514258],[41.712969,41.514432],[41.713106,41.514609],[41.713233,41.514791],[41.713289,41.514884],[41.71335,41.514976],[41.713451,41.515116],[41.713561,41.515251],[41.71368,41.515382],[41.713808,41.515508],[41.713944,41.51563],[41.714089,41.515746],[41.71424,41.515856],[41.714506,41.515986],[41.714764,41.516123],[41.715016,41.516268],[41.71526,41.51642],[41.715496,41.516578],[41.715724,41.516743],[41.715944,41.516914],[41.71615,41.517088],[41.716348,41.517267],[41.716537,41.517451],[41.716716,41.517641],[41.716887,41.517835],[41.717047,41.518034],[41.717198,41.518237],[41.71727,41.518341],[41.717338,41.518445],[41.717449,41.518628],[41.71755,41.518814],[41.717641,41.519002],[41.717721,41.519194],[41.717791,41.519388],[41.71801,41.519751],[41.718846,41.521136],[41.719056,41.52144],[41.719258,41.521749],[41.719449,41.52206],[41.719632,41.522375],[41.719798,41.522682],[41.719956,41.522991],[41.720104,41.523303],[41.720243,41.523617],[41.720372,41.523934],[41.720492,41.524252],[41.720672,41.524753],[41.720734,41.52492],[41.720791,41.525088],[41.720841,41.525256],[41.7209,41.525485],[41.720948,41.525715],[41.720986,41.525945],[41.721013,41.526177],[41.721029,41.526409],[41.721034,41.526642],[41.721018,41.526756],[41.72099,41.52687],[41.72095,41.526981],[41.7209,41.52709],[41.720838,41.527195],[41.720766,41.527297],[41.720687,41.527391],[41.720599,41.52748],[41.720502,41.527564],[41.720398,41.527643],[41.720286,41.527715],[41.720167,41.527782],[41.720042,41.527841],[41.719912,41.527894],[41.719776,41.527939],[41.71821,41.528385],[41.715278,41.529228],[41.715197,41.529353],[41.715125,41.52948],[41.715063,41.529611],[41.715012,41.529744],[41.71497,41.529879],[41.714939,41.530015],[41.714919,41.530153],[41.714909,41.530291],[41.71491,41.530429],[41.714922,41.530568],[41.714945,41.530712],[41.71498,41.530854],[41.715027,41.530995],[41.715084,41.531134],[41.715153,41.531269],[41.715233,41.531401],[41.715323,41.53153],[41.715423,41.531654],[41.715714,41.53187],[41.715995,41.532094],[41.716268,41.532323],[41.71653,41.532559],[41.716782,41.532801],[41.717024,41.533049],[41.717239,41.533284],[41.717445,41.533522],[41.717641,41.533765],[41.717828,41.534013],[41.718005,41.534264],[41.718172,41.534519],[41.71833,41.534777],[41.718477,41.535039],[41.718614,41.535303],[41.718681,41.535436],[41.718741,41.535571],[41.718807,41.535744],[41.718863,41.535919],[41.718908,41.536095],[41.718941,41.536273],[41.718963,41.536452],[41.718974,41.536631],[41.718974,41.536811],[41.718962,41.53699],[41.718939,41.537169],[41.718894,41.537452],[41.718837,41.537733],[41.718769,41.538013],[41.718689,41.538291],[41.718598,41.538567],[41.718495,41.538841],[41.718382,41.539113],[41.718245,41.539409],[41.718096,41.539701],[41.717935,41.53999],[41.717762,41.540275],[41.717578,41.540556],[41.717382,41.540833],[41.717281,41.540969],[41.717175,41.541104],[41.717007,41.541305],[41.71683,41.5415],[41.716644,41.541691],[41.716449,41.541877],[41.716245,41.542058],[41.716033,41.542233],[41.715813,41.542403],[41.715585,41.542566],[41.71535,41.542724],[41.715107,41.542875],[41.714983,41.542948],[41.714857,41.543019],[41.714638,41.543136],[41.714412,41.543246],[41.714181,41.54335],[41.713945,41.543447],[41.713705,41.543537],[41.713459,41.54362],[41.71321,41.543696],[41.712957,41.543765],[41.712701,41.543827],[41.707239,41.54416],[41.707045,41.544182],[41.706853,41.544213],[41.706663,41.544254],[41.706478,41.544303],[41.706297,41.54436],[41.706122,41.544427],[41.705952,41.544501],[41.705795,41.54458],[41.705644,41.544666],[41.705501,41.544759],[41.705366,41.544858],[41.705239,41.544964],[41.705121,41.545074],[41.705012,41.54519],[41.704912,41.545311],[41.704823,41.545436],[41.704744,41.545565],[41.704676,41.545697],[41.704679,41.545947],[41.704671,41.546197],[41.704652,41.546447],[41.704623,41.546696],[41.704582,41.546944],[41.704531,41.547191],[41.704466,41.547446],[41.704389,41.5477],[41.704302,41.547951],[41.704202,41.5482],[41.704092,41.548446],[41.70397,41.54869],[41.703837,41.54893],[41.703694,41.549166],[41.70289,41.549302],[41.702085,41.549432],[41.701277,41.549554],[41.700468,41.54967],[41.699657,41.549779],[41.698844,41.549881],[41.697966,41.549983],[41.697087,41.550078],[41.696206,41.550164],[41.695323,41.550242],[41.69444,41.550312],[41.693555,41.550375],[41.693367,41.550421],[41.693182,41.550474],[41.693001,41.550536],[41.692826,41.550604],[41.692655,41.55068],[41.692491,41.550763],[41.692333,41.550853],[41.692182,41.550949],[41.692038,41.551051],[41.691901,41.55116],[41.691773,41.551274],[41.691654,41.551393],[41.691544,41.551517],[41.691443,41.551645],[41.691352,41.551778],[41.691271,41.551913],[41.6912,41.552053],[41.691055,41.552321],[41.690901,41.552586],[41.690737,41.552849],[41.690565,41.553107],[41.690383,41.553363],[41.690192,41.553614],[41.689725,41.554256],[41.689251,41.554895],[41.68877,41.555531],[41.688282,41.556163],[41.687743,41.556849],[41.687195,41.55753],[41.686639,41.558208],[41.686075,41.558881],[41.685503,41.559551],[41.682237,41.563084],[41.68177,41.563589],[41.681503,41.563673],[41.681241,41.563766],[41.680985,41.563867],[41.680736,41.563977],[41.680493,41.564095],[41.680258,41.564221],[41.680031,41.564355],[41.679811,41.564496],[41.679607,41.564641],[41.679411,41.564791],[41.679224,41.564948],[41.679046,41.565111],[41.678878,41.565279],[41.678794,41.565466],[41.6787,41.56565],[41.678598,41.565832],[41.678486,41.56601],[41.678365,41.566185],[41.678235,41.566356],[41.678097,41.566524],[41.67795,41.566688],[41.677787,41.566855],[41.677615,41.567017],[41.677435,41.567174],[41.677246,41.567326],[41.67705,41.567472],[41.676845,41.567611],[41.676634,41.567745],[41.676415,41.567872],[41.676304,41.567933],[41.67619,41.567992],[41.675994,41.568087],[41.675793,41.568175],[41.675586,41.568257],[41.675375,41.568331],[41.67516,41.568399],[41.674941,41.56846],[41.674625,41.568475],[41.674309,41.568484],[41.673993,41.568486],[41.673677,41.568482],[41.673361,41.568472],[41.67302,41.568454],[41.67268,41.568428],[41.672341,41.568395],[41.672004,41.568355],[41.671668,41.568307],[41.665489,41.567587],[41.665173,41.567541],[41.664856,41.567504],[41.664536,41.567476],[41.664216,41.567458],[41.663895,41.567449],[41.663573,41.567449],[41.663252,41.567459],[41.662932,41.567478],[41.662613,41.567506],[41.662295,41.567544],[41.66198,41.567591],[41.661678,41.567645],[41.661379,41.567707],[41.661083,41.567778],[41.660791,41.567857],[41.660503,41.567944],[41.66022,41.568039],[41.659942,41.568142],[41.659669,41.568253],[41.659401,41.568372],[41.65914,41.568497],[41.658886,41.568631],[41.658638,41.568771],[41.658272,41.569528],[41.657898,41.570284],[41.657438,41.571188],[41.656965,41.572088],[41.656482,41.572985],[41.654937,41.573693],[41.654674,41.573736],[41.654413,41.573786],[41.654155,41.573844],[41.653901,41.57391],[41.65365,41.573982],[41.653402,41.574062],[41.653156,41.574151],[41.652915,41.574246],[41.652679,41.574348],[41.652448,41.574458],[41.652223,41.574574],[41.652005,41.574696],[41.651665,41.57488],[41.65132,41.575058],[41.650969,41.57523],[41.650614,41.575397],[41.650435,41.575479],[41.650253,41.575557],[41.649993,41.57566],[41.649727,41.575753],[41.649455,41.575838],[41.649179,41.575914],[41.648899,41.575981],[41.648615,41.576039],[41.648347,41.57606],[41.64808,41.576089],[41.647815,41.576126],[41.647552,41.576171],[41.647292,41.576225],[41.647035,41.576286],[41.646789,41.576352],[41.646547,41.576426],[41.646309,41.576507],[41.646075,41.576594],[41.645846,41.576689],[41.645623,41.57679],[41.645405,41.576898],[41.645192,41.577012],[41.644967,41.577084],[41.644747,41.577164],[41.644533,41.577253],[41.644326,41.57735],[41.644125,41.577455],[41.643932,41.577568],[41.643748,41.577688],[41.643572,41.577815],[41.643405,41.577949],[41.643248,41.578089],[41.643109,41.578227],[41.642979,41.578369],[41.642859,41.578516],[41.642749,41.578666],[41.642649,41.578821],[41.642559,41.57898],[41.64248,41.579141],[41.642411,41.579305],[41.641858,41.581841],[41.641278,41.582192],[41.64069,41.582537],[41.640096,41.582874],[41.639494,41.583205],[41.638885,41.583528],[41.63827,41.583844],[41.637648,41.584152],[41.63702,41.584454],[41.636412,41.584735],[41.6358,41.585009],[41.635182,41.585276],[41.634558,41.585536],[41.634408,41.585609],[41.634253,41.585676],[41.634093,41.585736],[41.63393,41.58579],[41.633739,41.585843],[41.633544,41.585887],[41.633346,41.585923],[41.633145,41.585949],[41.632942,41.585967],[41.632739,41.585975],[41.632535,41.585974],[41.632332,41.585964],[41.63213,41.585944],[41.627229,41.586315],[41.624751,41.588261],[41.624603,41.58835],[41.624447,41.588431],[41.624285,41.588505],[41.624117,41.588571],[41.623944,41.588628],[41.623766,41.588678],[41.623584,41.588718],[41.623399,41.588751],[41.623219,41.588773],[41.623037,41.588788],[41.622854,41.588794],[41.622671,41.588791],[41.622488,41.58878],[41.622307,41.588761],[41.622128,41.588734],[41.621951,41.588698],[41.621468,41.588575],[41.620981,41.588461],[41.62049,41.588356],[41.619996,41.588259],[41.6195,41.588171],[41.619,41.588092],[41.618498,41.588022],[41.617995,41.587961],[41.617489,41.58791],[41.616982,41.587867],[41.616473,41.587833],[41.615964,41.587808],[41.615454,41.587793],[41.614944,41.587787],[41.614433,41.587789],[41.613923,41.587801],[41.613413,41.587823],[41.612904,41.587853],[41.612397,41.587892],[41.611922,41.587937],[41.611449,41.58799],[41.610977,41.588051],[41.610507,41.58812],[41.61004,41.588197],[41.609575,41.588282],[41.609112,41.588374],[41.608653,41.588474],[41.608423,41.588524],[41.608196,41.588582],[41.60795,41.588655],[41.607708,41.588736],[41.607472,41.588826],[41.607242,41.588925],[41.607019,41.589031],[41.606802,41.589146],[41.606594,41.589269],[41.606394,41.589399],[41.606202,41.589536],[41.60602,41.58968],[41.605847,41.58983],[41.605441,41.59],[41.605041,41.590176],[41.604647,41.59036],[41.604258,41.59055],[41.603875,41.590746],[41.603497,41.590949],[41.60309,41.591179],[41.602691,41.591417],[41.6023,41.591662],[41.601917,41.591913],[41.601543,41.592172],[41.601177,41.592438],[41.60082,41.592711],[41.600874,41.592831],[41.600915,41.592953],[41.600945,41.593078],[41.600963,41.593204],[41.600969,41.59333],[41.600963,41.593457],[41.600945,41.593583],[41.600916,41.593707],[41.600874,41.59383],[41.60082,41.593953],[41.600754,41.594072],[41.600676,41.594188],[41.600588,41.594299],[41.600488,41.594405],[41.600379,41.594506],[41.600261,41.5946],[41.600133,41.594688],[41.599998,41.594768],[41.599855,41.594841],[41.599235,41.59493],[41.598617,41.595028],[41.598002,41.595134],[41.597389,41.595248],[41.596779,41.595371],[41.596172,41.595501],[41.595569,41.595639],[41.59496,41.595788],[41.594356,41.595944],[41.593755,41.596109],[41.593158,41.596281],[41.592566,41.596462],[41.591978,41.596651],[41.591394,41.596847],[41.590816,41.597051],[41.590273,41.597234],[41.589726,41.59741],[41.589174,41.597578],[41.588993,41.597638],[41.588807,41.597692],[41.588619,41.597739],[41.588425,41.597781],[41.588229,41.597816],[41.58803,41.597844],[41.587831,41.597865],[41.58763,41.597879],[41.587428,41.597886],[41.587104,41.598202],[41.586771,41.598514],[41.586428,41.59882],[41.586077,41.59912],[41.585717,41.599414],[41.585348,41.599702],[41.584971,41.599984],[41.584585,41.600259],[41.584192,41.600528],[41.58379,41.600791],[41.583382,41.601047],[41.582965,41.601296],[41.582606,41.601501],[41.582242,41.601702],[41.582123,41.601771],[41.582,41.601836],[41.581873,41.601897],[41.581693,41.601975],[41.581506,41.602045],[41.581314,41.602107],[41.581118,41.602159],[41.580918,41.602204],[41.580715,41.602239],[41.580509,41.602265],[41.580301,41.602282],[41.580062,41.602263],[41.579821,41.602252],[41.57958,41.602248],[41.579339,41.602252],[41.579098,41.602263],[41.578858,41.602282],[41.57862,41.602308],[41.57837,41.602344],[41.578123,41.602388],[41.577879,41.60244],[41.577638,41.6025],[41.5774,41.602568],[41.575635,41.603085],[41.574742,41.60361],[41.57416,41.60474],[41.573989,41.604899]]}},{"type":"Feature","properties":{"kind":"stream","name":"ყოროლისწყალი"},"geometry":{"type":"LineString","coordinates":[[41.765162,41.598612],[41.765891,41.59874],[41.766642,41.598724],[41.767157,41.598949],[41.767887,41.599045],[41.768788,41.598981],[41.769496,41.599141],[41.77059,41.599575],[41.77132,41.600088],[41.771728,41.600553],[41.772178,41.600922],[41.7722,41.601291],[41.772565,41.601628],[41.773294,41.601933],[41.773466,41.602495],[41.773294,41.60288],[41.773401,41.603393],[41.774217,41.60365],[41.775376,41.603794],[41.775762,41.604035],[41.775869,41.604998],[41.776234,41.605688],[41.776942,41.606346],[41.777478,41.606907],[41.777693,41.60787],[41.778229,41.608415],[41.778895,41.608832],[41.77956,41.609378],[41.779839,41.609763],[41.779979,41.609811],[41.780354,41.609939],[41.780804,41.610276],[41.780869,41.610806],[41.78059,41.611191],[41.77986,41.611287],[41.77956,41.611447],[41.779452,41.611801],[41.779517,41.612073],[41.779388,41.61241],[41.778787,41.612715],[41.778431,41.61295],[41.778569,41.613193],[41.778683,41.61354],[41.778634,41.614044],[41.77861,41.614354],[41.778447,41.614664],[41.778276,41.61495],[41.778032,41.615126],[41.777853,41.615364],[41.777699,41.615667],[41.777675,41.615923],[41.777699,41.616275],[41.777699,41.616512],[41.777707,41.616737],[41.777553,41.616974],[41.777301,41.617218],[41.776959,41.617558],[41.776569,41.617856],[41.776203,41.617971],[41.776065,41.618233],[41.775772,41.618518],[41.775528,41.618798],[41.775455,41.619175],[41.775414,41.61957],[41.775479,41.619789],[41.775642,41.619965],[41.775829,41.62033],[41.775886,41.620555],[41.775821,41.62064],[41.775447,41.620713],[41.775211,41.620883],[41.775048,41.621126],[41.774886,41.621406],[41.77491,41.621697],[41.774682,41.622104],[41.774357,41.6225],[41.773959,41.622743],[41.773707,41.62287],[41.773707,41.623071],[41.774065,41.623332],[41.774408,41.623507]]}},{"type":"Feature","properties":{"kind":"stream","name":"Çam Dere"},"geometry":{"type":"LineString","coordinates":[[41.618614,41.491205],[41.616726,41.491639],[41.614988,41.491703],[41.614323,41.492314],[41.611941,41.492475],[41.610847,41.4927],[41.61016,41.492667],[41.609387,41.492346],[41.608722,41.492057],[41.607928,41.491799],[41.606941,41.491028],[41.60619,41.490996],[41.60531,41.491028],[41.604538,41.49106],[41.60398,41.491671],[41.603186,41.491703],[41.602263,41.492057],[41.601427,41.492491],[41.60044,41.492876],[41.599238,41.49315],[41.598036,41.492973],[41.59765,41.492442],[41.597049,41.492137],[41.59647,41.491687],[41.595397,41.491365],[41.594968,41.490385],[41.594346,41.489951],[41.594088,41.489388],[41.592908,41.488617],[41.593058,41.488215],[41.593251,41.487653],[41.592715,41.487138],[41.592286,41.486543],[41.591014,41.486142],[41.590263,41.485458],[41.589271,41.485503],[41.588343,41.485937],[41.587216,41.486435],[41.586229,41.486644],[41.585565,41.486727],[41.584845,41.486692],[41.584582,41.486841],[41.584368,41.486885],[41.583885,41.486993],[41.583354,41.48703],[41.582989,41.48713],[41.582662,41.48717],[41.582218,41.487057],[41.581584,41.487114],[41.581033,41.487156],[41.580607,41.487094],[41.580259,41.487118],[41.579847,41.487069],[41.579502,41.487146],[41.579025,41.487251],[41.578436,41.487342],[41.578038,41.487407],[41.577823,41.487665],[41.577576,41.48805],[41.577303,41.488175],[41.576761,41.488195],[41.576403,41.488114],[41.576198,41.488058],[41.576006,41.48805],[41.575559,41.488026],[41.575098,41.487986],[41.574481,41.48789],[41.573576,41.487921],[41.573242,41.48799],[41.572641,41.488102],[41.572138,41.488138],[41.57174,41.488207],[41.571488,41.488287],[41.571021,41.48836],[41.570812,41.488247],[41.570583,41.488234],[41.570265,41.488263],[41.56983,41.488255],[41.569444,41.488227],[41.569229,41.488227],[41.568999,41.488291],[41.568501,41.488596],[41.567931,41.48889],[41.567583,41.489047],[41.566907,41.489204],[41.566118,41.489545],[41.565362,41.489706],[41.564676,41.489753],[41.564219,41.489863],[41.563629,41.489995],[41.563151,41.490188],[41.562647,41.490646],[41.562193,41.491019],[41.561945,41.491084],[41.561489,41.491148],[41.561,41.491217],[41.560535,41.491529],[41.560174,41.491872],[41.55989,41.492028],[41.559365,41.492229],[41.558973,41.492398],[41.558543,41.492539],[41.557969,41.492812],[41.557782,41.493081],[41.557451,41.493474],[41.557224,41.493527],[41.556741,41.493636],[41.55628,41.493744],[41.55585,41.493772],[41.555378,41.49364],[41.554779,41.493462],[41.554128,41.493587],[41.553587,41.493672],[41.552879,41.493547],[41.552315,41.493306],[41.55224,41.493081],[41.552118,41.492755],[41.551902,41.492402],[41.551865,41.492105],[41.551865,41.491819],[41.552079,41.491402],[41.55229,41.49083],[41.552208,41.49055],[41.5518,41.490204],[41.551017,41.489658],[41.550674,41.489437],[41.550406,41.489344],[41.550116,41.489312],[41.549821,41.489312],[41.549633,41.489224],[41.549456,41.488991],[41.549484,41.488676],[41.54958,41.488231],[41.549398,41.487804],[41.549333,41.487552],[41.549458,41.487254],[41.549735,41.487034],[41.550046,41.486885],[41.55062,41.486784],[41.550851,41.486688],[41.550905,41.486551],[41.550744,41.486443],[41.550207,41.486234],[41.549629,41.486048],[41.549313,41.485835],[41.549039,41.485393],[41.548952,41.485161],[41.549022,41.484908],[41.549124,41.484715],[41.549274,41.484458],[41.549263,41.484333],[41.549077,41.484083],[41.548566,41.484072],[41.548147,41.484004],[41.547965,41.483799],[41.547557,41.48357],[41.547006,41.483404],[41.546512,41.483075],[41.546142,41.482795],[41.545687,41.482549],[41.544646,41.482149],[41.543791,41.481853],[41.542286,41.481289],[41.541777,41.481164],[41.541437,41.481149],[41.54119,41.481204],[41.541047,41.481289],[41.540933,41.481431],[41.54093,41.481663],[41.541126,41.482278],[41.541128,41.482482],[41.540982,41.482623],[41.540534,41.482772],[41.539277,41.483058],[41.539003,41.48318],[41.538767,41.48333],[41.538593,41.483486],[41.538447,41.483654],[41.538013,41.483899],[41.537748,41.483973],[41.537304,41.483972],[41.536175,41.483649],[41.535902,41.483595],[41.53563,41.483589],[41.535355,41.483613],[41.534781,41.483843],[41.534383,41.483989],[41.534045,41.484131],[41.533838,41.484272],[41.533705,41.484416],[41.533655,41.484494],[41.533619,41.484595],[41.533581,41.484875],[41.533545,41.485162],[41.533504,41.485358],[41.533461,41.485491],[41.533389,41.48561],[41.533273,41.485716],[41.533153,41.485771],[41.532865,41.485855],[41.532568,41.485926],[41.532177,41.485897],[41.531926,41.485927],[41.531495,41.486031],[41.531184,41.486049],[41.530767,41.485975],[41.53044,41.485798],[41.528875,41.485081],[41.528495,41.484943],[41.527912,41.484721],[41.527376,41.484526],[41.527063,41.484408],[41.526908,41.484363],[41.526777,41.484328],[41.526617,41.484315],[41.526484,41.48432],[41.526372,41.484358],[41.526244,41.484437],[41.52614,41.484522],[41.525665,41.48498],[41.524729,41.485557],[41.524088,41.485909]]}},{"type":"Feature","properties":{"kind":"river","name":"ჩაქვისწყალი"},"geometry":{"type":"LineString","coordinates":[[41.799738,41.703138],[41.798588,41.703358],[41.797918,41.703667],[41.797543,41.703842],[41.797248,41.704128],[41.797028,41.704506],[41.796779,41.704923],[41.796499,41.705418],[41.796088,41.705908],[41.795928,41.706113],[41.795735,41.706359],[41.795403,41.706555],[41.795038,41.706646],[41.794607,41.70669],[41.793809,41.706603],[41.793159,41.706426],[41.79288,41.706334],[41.792423,41.7061],[41.791907,41.705989],[41.791449,41.706006],[41.791196,41.70615],[41.790838,41.70646],[41.790462,41.706765],[41.790233,41.707109],[41.790119,41.70742],[41.790114,41.707637],[41.789985,41.707721],[41.789788,41.707701],[41.789484,41.707597],[41.789059,41.707517],[41.788501,41.707557],[41.78793,41.707652],[41.786919,41.707706],[41.785891,41.707786],[41.785265,41.707893],[41.784554,41.708022],[41.783859,41.708156],[41.783587,41.708208],[41.782987,41.708388],[41.782312,41.708407],[41.781648,41.708317],[41.780693,41.708188],[41.779916,41.70795],[41.779778,41.7079],[41.779265,41.707716],[41.778643,41.707607],[41.778152,41.707639],[41.777578,41.707715],[41.777062,41.707909],[41.776493,41.708048],[41.775836,41.70812],[41.775304,41.708123],[41.774795,41.707889],[41.773887,41.707715],[41.773593,41.707603],[41.773408,41.707565],[41.772999,41.707603],[41.772421,41.707813],[41.77198,41.70807],[41.771512,41.708352],[41.771181,41.7085],[41.77092,41.708614],[41.770692,41.708646],[41.770206,41.708618],[41.76947,41.708603],[41.768435,41.708736],[41.767692,41.708865],[41.766518,41.709079],[41.764971,41.709224],[41.764198,41.709382],[41.763576,41.709534],[41.762569,41.709679],[41.761381,41.709741],[41.760309,41.70975],[41.758987,41.709677],[41.757905,41.709606],[41.756798,41.709534],[41.756042,41.709698],[41.755363,41.709878],[41.754723,41.710122],[41.754231,41.710586],[41.753934,41.711041],[41.753924,41.711488],[41.754002,41.711874],[41.753914,41.71217],[41.753463,41.712489],[41.753003,41.712741],[41.752272,41.713037],[41.751688,41.713253],[41.751188,41.713421],[41.750899,41.713514],[41.750907,41.713682],[41.751085,41.713928],[41.751196,41.714503],[41.751357,41.71544],[41.7514,41.716051],[41.751314,41.716503],[41.751122,41.716767],[41.75077,41.716951],[41.75021,41.717111],[41.749672,41.717279],[41.749169,41.717326],[41.748332,41.717227],[41.747136,41.717027],[41.746147,41.7168],[41.744924,41.716661],[41.743937,41.716411],[41.743159,41.716086],[41.742087,41.715504],[41.741297,41.71514],[41.740807,41.714954],[41.740565,41.71492],[41.740407,41.715046],[41.740266,41.715317],[41.740065,41.715702],[41.739622,41.716115],[41.738998,41.716552],[41.738227,41.716855],[41.737368,41.717033],[41.736671,41.716893],[41.73587,41.716547],[41.73484,41.716151],[41.734073,41.715937],[41.733327,41.715963],[41.732367,41.716312],[41.730913,41.716659],[41.730551,41.716772],[41.729747,41.717023],[41.728907,41.717151],[41.728742,41.717133],[41.72851,41.717076],[41.728123,41.716838],[41.727907,41.716707],[41.727515,41.716603],[41.72712,41.716499],[41.725919,41.716209],[41.724485,41.715857],[41.723896,41.715634],[41.723085,41.714971],[41.72277,41.714675],[41.722591,41.714546],[41.722453,41.714495],[41.722314,41.714527],[41.722255,41.714663],[41.722208,41.714798]]}},{"type":"Feature","properties":{"kind":"river","name":"ბარცხანა"},"geometry":{"type":"LineString","coordinates":[[41.707052,41.617496],[41.706687,41.617624],[41.706462,41.617829],[41.706049,41.617897],[41.705861,41.617873],[41.705507,41.618021],[41.705153,41.618278],[41.704954,41.618318],[41.704515,41.618322],[41.704289,41.618302],[41.704187,41.618262],[41.704026,41.618322],[41.703839,41.618422],[41.703764,41.618422],[41.703678,41.618382],[41.703511,41.618209],[41.70334,41.618173],[41.703147,41.618218],[41.702937,41.61829],[41.702712,41.61839],[41.702487,41.618414],[41.70217,41.61835],[41.701993,41.618129],[41.701639,41.617957],[41.70135,41.618013],[41.701178,41.618085],[41.701055,41.618145],[41.700974,41.618209],[41.700802,41.618222],[41.700695,41.618178],[41.700674,41.618005],[41.700454,41.617989],[41.700159,41.618001],[41.700073,41.618017],[41.70003,41.618053],[41.699923,41.618222],[41.699842,41.618294],[41.699762,41.61847],[41.699418,41.618603],[41.699123,41.618651],[41.698635,41.618647],[41.698179,41.618743],[41.698037,41.618735],[41.697967,41.618726],[41.697908,41.618692],[41.697836,41.618611],[41.697777,41.618502],[41.697691,41.618456],[41.697265,41.618318],[41.697128,41.618193],[41.696935,41.617985],[41.696725,41.617837],[41.696594,41.617796],[41.696436,41.617795],[41.696325,41.617833],[41.695827,41.617917],[41.695384,41.617865],[41.694763,41.617503],[41.694257,41.617295],[41.693851,41.61714],[41.693651,41.617124],[41.693459,41.617211],[41.693092,41.617252],[41.692667,41.617371],[41.692337,41.617303],[41.691985,41.617387],[41.691749,41.617604],[41.691419,41.61793],[41.691232,41.618081],[41.690914,41.618191],[41.690701,41.618318],[41.69021,41.618291],[41.689829,41.618104],[41.689612,41.618174],[41.689346,41.61833],[41.688896,41.618665],[41.688602,41.618823],[41.688424,41.618975],[41.687872,41.619154],[41.687317,41.619233],[41.686502,41.619171],[41.686246,41.619224],[41.685278,41.619661],[41.684686,41.619658],[41.684425,41.619788],[41.683985,41.620009],[41.683894,41.620323],[41.683695,41.620584],[41.683239,41.620548],[41.682835,41.620551],[41.682093,41.620795],[41.681387,41.621123],[41.680695,41.621238],[41.68039,41.621328],[41.679337,41.621817],[41.679307,41.621899],[41.679136,41.622168],[41.679104,41.622386],[41.679083,41.622532],[41.679079,41.622559],[41.678961,41.622683],[41.678897,41.622795],[41.67887,41.622948],[41.678908,41.623096],[41.678929,41.623236],[41.678945,41.623381],[41.67894,41.623569],[41.67894,41.623786],[41.678929,41.62405],[41.67894,41.624219],[41.678961,41.624387],[41.679026,41.624552],[41.679112,41.624716],[41.679171,41.624913],[41.679197,41.625121],[41.679197,41.625261],[41.679155,41.625406],[41.679063,41.625526],[41.678972,41.625614],[41.678817,41.625731],[41.678666,41.625867],[41.67857,41.625991],[41.678505,41.626079],[41.678425,41.626196],[41.678296,41.626324],[41.678114,41.626468],[41.677948,41.626613],[41.677738,41.626757],[41.677593,41.626937],[41.67754,41.62711],[41.677567,41.627238],[41.677652,41.627319],[41.677803,41.627443],[41.678007,41.627555],[41.678087,41.627651],[41.678108,41.62778],[41.678173,41.627964],[41.678205,41.628124],[41.678264,41.628357],[41.678377,41.628618],[41.678484,41.628934],[41.678575,41.629235],[41.678613,41.62944],[41.678672,41.629668],[41.678704,41.629873],[41.678709,41.630065],[41.678693,41.630258],[41.678613,41.630394],[41.678489,41.630542],[41.678398,41.630699],[41.678275,41.630903],[41.678135,41.631068],[41.678033,41.631244],[41.67791,41.63144],[41.67784,41.631499],[41.677781,41.631549],[41.677583,41.631697],[41.677469,41.631747],[41.677347,41.631801],[41.67717,41.631889],[41.676977,41.631978],[41.676869,41.63207],[41.6768,41.632194],[41.676805,41.632306],[41.676832,41.632447],[41.676923,41.632663],[41.676998,41.632832],[41.677062,41.633008],[41.677079,41.633128],[41.677124,41.633347],[41.677194,41.633632],[41.677186,41.633994],[41.677143,41.634219],[41.677095,41.63448],[41.677054,41.634772],[41.677041,41.635077],[41.676979,41.635328],[41.676885,41.635526],[41.676783,41.635686],[41.676647,41.635857],[41.676531,41.635958],[41.67647,41.636011],[41.676311,41.636097],[41.676132,41.636163],[41.675893,41.636232],[41.675804,41.636364],[41.675638,41.636476],[41.675566,41.636532],[41.675491,41.636673],[41.675458,41.636853],[41.67535,41.637158],[41.675228,41.637342],[41.675142,41.63743],[41.675016,41.637525],[41.674831,41.637667],[41.674753,41.637869],[41.674726,41.638068],[41.674713,41.638276],[41.674654,41.638489],[41.674611,41.638669],[41.674584,41.638753],[41.674541,41.638842],[41.674504,41.638918],[41.674487,41.638984],[41.674444,41.639162],[41.674423,41.639291],[41.67445,41.639443],[41.674487,41.639651],[41.674536,41.639818],[41.674568,41.640056],[41.674563,41.640291],[41.674538,41.640469],[41.674501,41.640626],[41.674436,41.640738],[41.674313,41.640854],[41.674219,41.640986],[41.67416,41.641191],[41.674074,41.641351],[41.673951,41.641504],[41.673817,41.64162],[41.673693,41.64174],[41.67365,41.641844],[41.673656,41.642001],[41.673651,41.642189],[41.673629,41.642339],[41.673621,41.642532],[41.673541,41.642678],[41.673431,41.642728],[41.673251,41.642718],[41.673093,41.642722],[41.672942,41.642746],[41.672776,41.642803],[41.672588,41.642927],[41.672496,41.643019],[41.672444,41.643071],[41.672224,41.643211],[41.672025,41.643368],[41.671805,41.643504],[41.671671,41.643628],[41.671585,41.643777],[41.671408,41.643901],[41.671247,41.643997],[41.671054,41.644089],[41.670845,41.644165],[41.670641,41.64423],[41.670411,41.644306],[41.670212,41.644354],[41.669997,41.644426],[41.669751,41.644466],[41.669584,41.644502],[41.669493,41.644566],[41.66944,41.644671],[41.669381,41.644795],[41.669246,41.644919],[41.669091,41.645043],[41.668941,41.645164],[41.668764,41.645244],[41.668565,41.645328],[41.668501,41.645376],[41.668321,41.645466],[41.668082,41.645573],[41.667879,41.645649],[41.667685,41.645713],[41.667455,41.645789],[41.667259,41.645865],[41.667085,41.645951],[41.666908,41.646042],[41.666749,41.64612],[41.66658,41.6462],[41.666409,41.646254],[41.666156,41.646346],[41.665947,41.64641],[41.665762,41.646456],[41.665577,41.646487],[41.665282,41.646583],[41.665019,41.646667],[41.664783,41.646739],[41.664665,41.646791],[41.664536,41.646992],[41.664536,41.647072],[41.664563,41.64722],[41.664611,41.647364],[41.664692,41.647529],[41.664778,41.647753],[41.664858,41.647934],[41.664966,41.648266],[41.665121,41.648535],[41.665212,41.648767],[41.665234,41.648952],[41.665218,41.6491],[41.665175,41.64924],[41.665078,41.649409],[41.665019,41.649641],[41.664982,41.649786],[41.664901,41.649942],[41.66481,41.65007],[41.664764,41.650142],[41.664748,41.650177],[41.664674,41.650259]]}},{"type":"Feature","properties":{"kind":"river","name":""},"geometry":{"type":"LineString","coordinates":[[41.582119,41.579652],[41.582116,41.579626],[41.582148,41.579493],[41.582158,41.579329],[41.582142,41.579151],[41.582175,41.579002],[41.582203,41.578877],[41.582231,41.57874],[41.582256,41.578653],[41.582213,41.578478],[41.58211,41.578095],[41.582049,41.577943],[41.581949,41.577823],[41.581628,41.5776],[41.581367,41.57722],[41.580738,41.576529],[41.580322,41.576256],[41.579634,41.576181],[41.579025,41.576416],[41.57829,41.576476],[41.577295,41.57648],[41.576973,41.576502],[41.576683,41.576597],[41.576327,41.576705],[41.576002,41.576819],[41.575822,41.57695],[41.575637,41.577088],[41.575291,41.577291],[41.574881,41.577528],[41.574621,41.57763],[41.574423,41.577714],[41.574098,41.577895],[41.574001,41.578095],[41.573888,41.578248],[41.573674,41.578463],[41.573548,41.578673],[41.573448,41.578761],[41.573194,41.57894],[41.57292,41.579136],[41.57222,41.579687],[41.571364,41.58036],[41.570978,41.580665],[41.570517,41.580958],[41.570144,41.581194],[41.570098,41.581223],[41.569477,41.581559],[41.56843,41.582126],[41.568142,41.582253],[41.567346,41.582704],[41.567124,41.582766],[41.566957,41.582861],[41.566754,41.582974],[41.566572,41.583025]]}},{"type":"Feature","properties":{"kind":"stream","name":"Karaosmaniye Deresi"},"geometry":{"type":"LineString","coordinates":[[41.525611,41.480095],[41.526376,41.480784],[41.526465,41.480898],[41.526524,41.481009],[41.526552,41.481096],[41.526607,41.481422],[41.526612,41.48151],[41.526609,41.481577],[41.526593,41.481638],[41.526559,41.481686],[41.526383,41.481822],[41.525862,41.482188],[41.524822,41.482496],[41.523794,41.482735],[41.52327,41.482976],[41.523091,41.483139],[41.523047,41.483207],[41.523047,41.483311],[41.52309,41.483463],[41.523185,41.483655],[41.523452,41.484168],[41.523865,41.485003],[41.523886,41.485124],[41.523862,41.485219],[41.523772,41.485335],[41.523735,41.485497]]}},{"type":"Feature","properties":{"kind":"stream","name":""},"geometry":{"type":"LineString","coordinates":[[41.563959,41.54647],[41.563754,41.546457],[41.563599,41.546466],[41.563455,41.546502],[41.563117,41.546499],[41.562891,41.546499],[41.562505,41.546559]]}},{"type":"Feature","properties":{"kind":"river","name":""},"geometry":{"type":"LineString","coordinates":[[41.611421,41.519327],[41.615806,41.520953],[41.619897,41.523035],[41.622912,41.524002],[41.62808,41.526303],[41.629783,41.526786],[41.631447,41.526581],[41.632726,41.527571],[41.63415,41.528337],[41.634153,41.52939],[41.633669,41.529731],[41.633433,41.530269],[41.633887,41.530615],[41.634172,41.530706],[41.634448,41.530743],[41.634533,41.530898],[41.634759,41.531061],[41.635379,41.531103],[41.63557,41.531263],[41.63568,41.53151],[41.635898,41.531651],[41.635989,41.531747],[41.636028,41.531875],[41.635874,41.532044],[41.635794,41.53217],[41.635615,41.532237],[41.635484,41.532429],[41.635835,41.532808],[41.635668,41.533202],[41.635367,41.533524],[41.635301,41.533645],[41.634997,41.534024],[41.634887,41.534464],[41.635086,41.534768],[41.635237,41.535794],[41.635828,41.536149],[41.636705,41.536598],[41.63724,41.536684],[41.637582,41.536671],[41.637947,41.536916],[41.638469,41.537048],[41.638966,41.537235],[41.639246,41.537535],[41.639679,41.538063],[41.64016,41.538417],[41.640723,41.538747],[41.6412,41.538972],[41.641753,41.539082],[41.642197,41.539203],[41.642622,41.539695],[41.642686,41.540229],[41.642502,41.541148],[41.642069,41.54164],[41.641836,41.54215],[41.641796,41.542792],[41.642434,41.543403],[41.6426,41.543553],[41.643615,41.544027],[41.643736,41.544373],[41.643668,41.544921],[41.643399,41.5453],[41.642937,41.545492],[41.642738,41.545641],[41.642661,41.546011],[41.643225,41.546909],[41.643296,41.54712],[41.643373,41.547393],[41.643225,41.547581],[41.642706,41.547734],[41.642173,41.547931],[41.641801,41.548267],[41.641712,41.549024],[41.642026,41.549338],[41.642045,41.549986],[41.642,41.550586],[41.64218,41.551003],[41.642712,41.551253],[41.643341,41.551407],[41.643507,41.551579],[41.643482,41.552645],[41.643533,41.55312],[41.644089,41.553367],[41.644187,41.55377],[41.644677,41.554085],[41.645162,41.554302],[41.645528,41.554695],[41.645708,41.555381],[41.645958,41.555818],[41.646542,41.556092],[41.646663,41.556384],[41.646439,41.556696],[41.646137,41.556951],[41.646067,41.557061],[41.64615,41.557263],[41.646586,41.557349],[41.646894,41.557474],[41.647036,41.557724],[41.647572,41.558743],[41.647921,41.558948],[41.648588,41.559092],[41.649191,41.559154],[41.649338,41.559264],[41.649544,41.559548],[41.649691,41.559951],[41.649441,41.560392],[41.649043,41.560723],[41.64869,41.560997],[41.648684,41.561304],[41.64905,41.561784],[41.649415,41.562168],[41.649986,41.562595],[41.650236,41.562917],[41.650268,41.563435],[41.65022,41.563752],[41.650051,41.564042],[41.649964,41.564461],[41.650089,41.564822],[41.650474,41.5651],[41.650685,41.565221],[41.650775,41.565451],[41.650936,41.565523],[41.650936,41.565878],[41.650884,41.566175],[41.651134,41.566449],[41.651609,41.567083],[41.651801,41.567558],[41.651532,41.568042],[41.650852,41.568489],[41.650211,41.568561],[41.649627,41.568863],[41.649441,41.569415],[41.649578,41.5701],[41.649658,41.570288],[41.649749,41.570637],[41.649744,41.571239],[41.649651,41.571886],[41.649737,41.572638],[41.649691,41.572883],[41.649507,41.573129],[41.648986,41.573388],[41.648497,41.573651],[41.647912,41.573902],[41.64753,41.574145],[41.647143,41.574938],[41.647057,41.575082],[41.646982,41.575229],[41.646918,41.57538],[41.646866,41.575533],[41.646826,41.575688],[41.646801,41.57582],[41.646785,41.575952],[41.646778,41.576086],[41.646779,41.576219],[41.646789,41.576352]]}},{"type":"Feature","properties":{"kind":"river","name":"ჭარნალი"},"geometry":{"type":"LineString","coordinates":[[41.586737,41.519495],[41.587244,41.52042],[41.587276,41.521066],[41.58707,41.521618],[41.5865,41.522033],[41.585439,41.522376],[41.584782,41.522655],[41.584489,41.522975],[41.583942,41.523153],[41.583562,41.52339],[41.583357,41.52406],[41.583388,41.524706],[41.583365,41.525109],[41.583214,41.525441],[41.582739,41.525927],[41.58243,41.526419],[41.582343,41.526911],[41.582628,41.527486],[41.582727,41.527847],[41.582757,41.528188],[41.582681,41.528374],[41.582534,41.528424],[41.582037,41.528723],[41.581536,41.529118],[41.581242,41.529406],[41.580842,41.529706],[41.580416,41.530051],[41.580457,41.530373],[41.580391,41.530977],[41.580725,41.531375],[41.580756,41.531743],[41.580629,41.532103],[41.580725,41.532422],[41.581029,41.532604],[41.58108,41.532809],[41.580847,41.532957],[41.580837,41.533192],[41.581171,41.533317],[41.58146,41.533461],[41.581587,41.53381],[41.581764,41.534254],[41.581815,41.534508],[41.581642,41.534902],[41.582007,41.535092],[41.58263,41.535134],[41.58298,41.535445],[41.583284,41.535972],[41.583259,41.536731],[41.583416,41.537337],[41.583644,41.538016],[41.583634,41.538638],[41.58414,41.539336],[41.58447,41.539985],[41.584845,41.540391],[41.585194,41.540611],[41.585767,41.540743],[41.586032,41.541072],[41.586227,41.541789],[41.586667,41.542428],[41.586667,41.543096],[41.586595,41.543445],[41.586375,41.543668],[41.58644,41.543929],[41.586757,41.544133],[41.586977,41.544016],[41.587165,41.543915],[41.587488,41.543978],[41.587605,41.54376],[41.587967,41.543523],[41.588563,41.543489],[41.589093,41.543687],[41.589456,41.544026],[41.589592,41.544491],[41.589935,41.544792],[41.590239,41.544985],[41.590698,41.545378],[41.591028,41.545741],[41.591067,41.546293],[41.590905,41.546671],[41.590886,41.547102],[41.590744,41.547373],[41.590718,41.547625],[41.590847,41.547809],[41.591164,41.547838],[41.591468,41.547697],[41.592031,41.547659],[41.592389,41.547726],[41.592441,41.548047],[41.592375,41.548463],[41.592263,41.548696],[41.592382,41.548888],[41.592693,41.548928],[41.592917,41.549017],[41.593169,41.549091],[41.593585,41.548953],[41.59387,41.548725],[41.594141,41.548616],[41.594742,41.548636],[41.595212,41.548606],[41.59543,41.54869],[41.595714,41.548869],[41.596137,41.549062],[41.596415,41.549111],[41.596785,41.549363],[41.59699,41.549591],[41.597004,41.549937],[41.597262,41.550393],[41.597506,41.550645],[41.597546,41.551194],[41.597671,41.551828],[41.597969,41.552228],[41.59826,41.55251],[41.598637,41.552594],[41.598954,41.55258],[41.59943,41.552461],[41.600098,41.552441],[41.600911,41.552446],[41.601387,41.55251],[41.601843,41.552857],[41.602108,41.552961],[41.602399,41.553084],[41.602789,41.552976],[41.603258,41.553109],[41.60349,41.553307],[41.603853,41.553366],[41.604072,41.553495],[41.604533,41.553642],[41.604841,41.553718],[41.605201,41.553641],[41.6057,41.553575],[41.60588,41.553586],[41.606112,41.553633],[41.606327,41.553767],[41.606842,41.553974],[41.607222,41.554245],[41.607513,41.554367],[41.607934,41.55473],[41.608395,41.555001],[41.60883,41.555089],[41.609377,41.555323],[41.609648,41.555687],[41.610102,41.555909],[41.610479,41.556082],[41.610658,41.556281],[41.610768,41.55657],[41.610852,41.556894],[41.610569,41.557219],[41.610334,41.557316],[41.610117,41.557482],[41.610074,41.557734],[41.61022,41.557899],[41.610555,41.558319],[41.610809,41.558916],[41.610884,41.559352],[41.610967,41.559573],[41.610949,41.559795],[41.610799,41.560013],[41.610779,41.560201],[41.610843,41.560381],[41.610902,41.560595],[41.610948,41.560772],[41.610987,41.560908],[41.611112,41.561052],[41.61118,41.561232],[41.611223,41.561339],[41.611465,41.56175],[41.611538,41.561943],[41.611567,41.56212],[41.611611,41.562248],[41.611708,41.562499],[41.612066,41.562757],[41.612534,41.562982],[41.612998,41.563064],[41.613413,41.563213],[41.613661,41.563511],[41.613696,41.563682],[41.613626,41.563926],[41.6136,41.564197],[41.613685,41.564379],[41.613859,41.564535],[41.61431,41.56475],[41.614588,41.564951],[41.614668,41.565203],[41.615043,41.565682],[41.615398,41.566162],[41.615666,41.566593],[41.61578,41.566967],[41.61588,41.567293],[41.615969,41.567528],[41.616343,41.567834],[41.616753,41.568065],[41.617411,41.568075],[41.617782,41.568065],[41.618285,41.568012],[41.618961,41.568088],[41.619248,41.56818],[41.619729,41.568524],[41.620118,41.568735],[41.620474,41.568803],[41.620875,41.568674],[41.62134,41.568626],[41.62183,41.568728],[41.622396,41.568983],[41.622983,41.569121],[41.623812,41.569247],[41.624223,41.569413],[41.624588,41.569542],[41.624666,41.569729],[41.624739,41.570027],[41.624904,41.570371],[41.625206,41.570509],[41.625482,41.570577],[41.625619,41.570583],[41.625702,41.570876],[41.625646,41.571399],[41.625498,41.572006],[41.625554,41.572478],[41.625734,41.572982],[41.626207,41.573992],[41.626372,41.574379],[41.626422,41.574984],[41.626402,41.575453],[41.626279,41.575884],[41.626379,41.576128],[41.626573,41.576308],[41.626795,41.576627],[41.627007,41.577109],[41.62706,41.577384],[41.626838,41.57774],[41.626779,41.578013],[41.626842,41.578278],[41.626705,41.578761],[41.626661,41.579362],[41.626727,41.579761],[41.626859,41.58004],[41.627116,41.580272],[41.626998,41.580771],[41.626599,41.580982],[41.625999,41.581332],[41.62595,41.58162],[41.625503,41.582438]]}},{"type":"Feature","properties":{"kind":"river","name":"მაჭახლისწყალი"},"geometry":{"type":"LineString","coordinates":[[41.799962,41.51652],[41.799908,41.516562],[41.799847,41.516598],[41.799782,41.51663],[41.799712,41.516655]]}},{"type":"Feature","properties":{"kind":"stream","name":""},"geometry":{"type":"LineString","coordinates":[[41.75631,41.512349],[41.756007,41.512624],[41.755894,41.512752],[41.755696,41.512792],[41.755434,41.512749],[41.755165,41.512563],[41.754472,41.511925],[41.753948,41.511619],[41.753467,41.511371],[41.753211,41.511437],[41.752935,41.511522],[41.752645,41.511471],[41.752451,41.51143],[41.752257,41.511542],[41.752113,41.51159],[41.751787,41.511744],[41.751425,41.511907]]}},{"type":"Feature","properties":{"kind":"stream","name":""},"geometry":{"type":"LineString","coordinates":[[41.779638,41.590416],[41.779391,41.590319],[41.77922,41.590143],[41.779118,41.58973],[41.778806,41.589264],[41.778866,41.588979],[41.778747,41.588783],[41.778731,41.588422],[41.778619,41.588305],[41.778383,41.587663],[41.778157,41.587387],[41.778002,41.587037],[41.777964,41.586753],[41.778088,41.586656],[41.778098,41.586588],[41.777793,41.586227],[41.777707,41.585942],[41.777412,41.585661],[41.777267,41.585465],[41.777219,41.585328],[41.776768,41.584863],[41.776553,41.58473],[41.776435,41.584373],[41.776376,41.584325],[41.775781,41.584136],[41.775422,41.583892],[41.774424,41.583587],[41.773946,41.583518],[41.773281,41.583286],[41.772895,41.58329],[41.772755,41.583197],[41.771661,41.582692],[41.77061,41.582443],[41.769826,41.582355],[41.769666,41.582291],[41.769429,41.582066],[41.769247,41.581649],[41.768925,41.58128],[41.768743,41.581247],[41.767799,41.580325],[41.767305,41.580164],[41.766801,41.579723],[41.766522,41.579554],[41.765867,41.579057],[41.765556,41.57892],[41.764022,41.57839],[41.763484,41.578491],[41.763125,41.578391],[41.763058,41.578193],[41.762849,41.577986],[41.762761,41.577726],[41.762871,41.5775],[41.763092,41.577396],[41.763279,41.577223],[41.763296,41.576905],[41.763025,41.576604],[41.763014,41.576344],[41.763163,41.576101],[41.763169,41.575956],[41.763202,41.575754],[41.763378,41.575598],[41.763511,41.575515],[41.763301,41.575358],[41.762998,41.575127],[41.762876,41.574838],[41.763047,41.574582],[41.763296,41.574376],[41.763389,41.574149],[41.763356,41.573799],[41.763086,41.573514],[41.762639,41.573308],[41.762264,41.573167],[41.762121,41.573006],[41.762198,41.572858],[41.762347,41.572796],[41.762689,41.572751],[41.76286,41.572627],[41.762915,41.572387],[41.762871,41.572181],[41.762799,41.571901],[41.762871,41.571678],[41.763103,41.571467],[41.763263,41.571294],[41.763273,41.571047],[41.763296,41.570844],[41.763417,41.570729],[41.763533,41.570584],[41.76361,41.570366],[41.763919,41.570246],[41.764156,41.570147],[41.764283,41.569933],[41.764559,41.569817],[41.76468,41.569512],[41.764757,41.569326],[41.764702,41.569169],[41.764823,41.569016],[41.765121,41.568884],[41.765276,41.568802],[41.765309,41.568591],[41.765325,41.568439],[41.765535,41.568344],[41.765838,41.568327],[41.766092,41.568051],[41.766215,41.567898],[41.766268,41.567832],[41.766296,41.567725],[41.766219,41.567605],[41.766219,41.567523],[41.76634,41.567461],[41.766759,41.567254],[41.766947,41.566945],[41.767112,41.566545],[41.767233,41.566111],[41.767086,41.565907],[41.767113,41.56567],[41.767046,41.565419],[41.767062,41.565162],[41.766979,41.564904],[41.767176,41.564579],[41.767283,41.564315],[41.767457,41.564141],[41.767702,41.563957],[41.76788,41.563694],[41.768062,41.563428],[41.768363,41.563096],[41.768679,41.562925],[41.768932,41.562638],[41.769134,41.562475],[41.769162,41.562241],[41.769264,41.562028],[41.769739,41.561789],[41.77017,41.561605],[41.770688,41.561436],[41.771182,41.561283],[41.771415,41.561105],[41.77155,41.560922],[41.771538,41.560718],[41.771586,41.560425],[41.771807,41.560144],[41.771953,41.559842],[41.771933,41.559682],[41.771613,41.559469],[41.771487,41.559256],[41.771447,41.559061],[41.771546,41.558836],[41.771566,41.558649],[41.771498,41.55849],[41.771174,41.558123],[41.770961,41.557856],[41.770866,41.557605],[41.770925,41.557445],[41.770957,41.557247],[41.771,41.557128],[41.771106,41.557014],[41.771249,41.556725],[41.771216,41.556514],[41.770982,41.556257],[41.770819,41.556085],[41.77072,41.555805],[41.770571,41.555623],[41.770229,41.555375],[41.769733,41.55514],[41.769402,41.555008],[41.769335,41.554826],[41.769357,41.554649],[41.769363,41.554509],[41.76928,41.554249],[41.769148,41.553972],[41.769093,41.553811],[41.769024,41.553678],[41.768967,41.553525],[41.768993,41.553364],[41.769155,41.553292],[41.769406,41.553167],[41.769792,41.55301],[41.769898,41.55295],[41.769987,41.552744],[41.769982,41.552706],[41.769959,41.552534],[41.770066,41.552366],[41.770202,41.552286],[41.770351,41.552146],[41.770461,41.552115],[41.770632,41.552026],[41.770857,41.551855],[41.770879,41.551573],[41.770845,41.551254],[41.770879,41.550963],[41.770857,41.550573],[41.770674,41.550205],[41.770689,41.549923],[41.770857,41.549715],[41.77115,41.549481],[41.771344,41.549262],[41.771268,41.548912],[41.771523,41.548621],[41.771991,41.548376],[41.771999,41.548077],[41.772102,41.547829],[41.772376,41.547649],[41.77263,41.547553],[41.772809,41.547433],[41.773002,41.547253],[41.773172,41.547056],[41.773485,41.546802],[41.773712,41.546746],[41.773934,41.54666],[41.774043,41.546524],[41.774113,41.546322],[41.774092,41.546146],[41.774162,41.545938],[41.774225,41.545725],[41.77432,41.545529],[41.774498,41.545466],[41.774663,41.54541],[41.774901,41.545424],[41.775111,41.545459],[41.775308,41.545491],[41.775466,41.545478],[41.77557,41.545294],[41.775597,41.545218],[41.775874,41.545075],[41.77629,41.545018],[41.776854,41.544776]]}},{"type":"Feature","properties":{"kind":"stream","name":""},"geometry":{"type":"LineString","coordinates":[[41.799377,41.577952],[41.79871,41.577671],[41.798146,41.577062],[41.797624,41.576671],[41.79777,41.576344],[41.797436,41.576094],[41.79729,41.575813],[41.797499,41.575469],[41.797833,41.575001],[41.798209,41.574907],[41.798459,41.574548],[41.798751,41.573939],[41.79921,41.573549],[41.79967,41.572987]]}},{"type":"Feature","properties":{"kind":"stream","name":""},"geometry":{"type":"LineString","coordinates":[[41.799836,41.5718],[41.799732,41.571113],[41.799169,41.570395],[41.799169,41.570004],[41.798981,41.569349],[41.798981,41.568943],[41.799231,41.568693],[41.799377,41.568443],[41.799315,41.568053],[41.79944,41.567615],[41.79921,41.5671],[41.799419,41.5666],[41.799273,41.566132],[41.799023,41.565554],[41.79921,41.564898],[41.799732,41.564164],[41.799607,41.56368],[41.798918,41.563196],[41.797896,41.562571],[41.797749,41.562119],[41.797924,41.561498],[41.797833,41.560992],[41.797605,41.560191],[41.797065,41.559681],[41.796831,41.559194],[41.796477,41.55864],[41.795854,41.558203],[41.795646,41.557921],[41.795397,41.557765],[41.793325,41.55709],[41.79154,41.55631],[41.791393,41.555984],[41.791291,41.555575],[41.790843,41.555214],[41.790678,41.554893],[41.790361,41.554748],[41.789757,41.554369],[41.789256,41.55432],[41.788395,41.554078],[41.788105,41.553589],[41.787789,41.553355],[41.787735,41.553153],[41.787521,41.552767],[41.787685,41.552191],[41.787728,41.55185],[41.787548,41.551338],[41.787244,41.550907],[41.78692,41.550421],[41.786849,41.550018],[41.786933,41.549408],[41.787132,41.548479],[41.787147,41.548218],[41.787194,41.54779],[41.786821,41.547503],[41.78665,41.547251],[41.786521,41.546998],[41.786391,41.546726],[41.786196,41.546362],[41.78618,41.546079],[41.786313,41.545822],[41.786317,41.545684],[41.786383,41.545347],[41.78638,41.545184],[41.786232,41.54471],[41.78587,41.544564],[41.784435,41.54436],[41.7838,41.544345],[41.783466,41.544348],[41.783247,41.54441],[41.782725,41.544504]]}},{"type":"Feature","properties":{"kind":"stream","name":""},"geometry":{"type":"LineString","coordinates":[[41.661713,41.583957],[41.660745,41.584081],[41.660493,41.584206],[41.660191,41.584432],[41.660006,41.584648],[41.65976,41.584902],[41.658411,41.585353],[41.656495,41.585999],[41.656162,41.586192],[41.655816,41.586519],[41.655674,41.586715],[41.655474,41.587153],[41.655286,41.587416],[41.655135,41.587563],[41.654634,41.587959],[41.654414,41.588188],[41.654157,41.588352],[41.653594,41.588738],[41.653315,41.588998],[41.653161,41.58917],[41.65303,41.589477],[41.652836,41.589721],[41.652785,41.589784],[41.652502,41.590036],[41.652442,41.590089],[41.65182,41.590618],[41.651245,41.591107],[41.65067,41.591607],[41.650128,41.592059],[41.649425,41.592575],[41.649358,41.592641]]}},{"type":"Feature","properties":{"kind":"river","name":"მეჯინისწყალი"},"geometry":{"type":"LineString","coordinates":[[41.599451,41.627071],[41.599013,41.627562],[41.598961,41.627621],[41.598559,41.628073],[41.598509,41.628125],[41.598405,41.628234],[41.598359,41.628279],[41.598271,41.628365],[41.598055,41.628538],[41.598048,41.628579],[41.598143,41.628744]]}},{"type":"Feature","properties":{"kind":"river","name":"მეჯინისწყალი"},"geometry":{"type":"LineString","coordinates":[[41.639961,41.59753],[41.639766,41.597685],[41.639668,41.597827],[41.639603,41.597912],[41.639391,41.598053],[41.639281,41.598184],[41.63886,41.598449],[41.638565,41.59863],[41.638489,41.598677],[41.638273,41.598774],[41.638126,41.598923],[41.638042,41.599068],[41.637832,41.599285],[41.63742,41.599523],[41.637212,41.59967],[41.636684,41.599964],[41.636484,41.600039],[41.636223,41.600124],[41.635846,41.600239],[41.635702,41.60028],[41.635565,41.600393],[41.6351,41.600644],[41.634949,41.600721],[41.634592,41.600902],[41.634009,41.601159],[41.633912,41.601264],[41.633755,41.601386],[41.633441,41.601578],[41.633266,41.601662],[41.632985,41.601797],[41.632733,41.601959],[41.632396,41.602065],[41.632184,41.602081],[41.63198,41.602053],[41.631752,41.601992],[41.631541,41.601986],[41.631358,41.601982],[41.631141,41.601985],[41.630696,41.602101],[41.630428,41.602129],[41.62992,41.602046],[41.629687,41.60197],[41.629493,41.601835],[41.629242,41.601632],[41.62903,41.601543],[41.628788,41.601513],[41.628366,41.601604],[41.628088,41.601718],[41.627896,41.601852],[41.627619,41.602201],[41.627563,41.602398],[41.627598,41.602565],[41.627634,41.602736],[41.627789,41.60305],[41.627832,41.603215],[41.627883,41.603411],[41.627915,41.603757],[41.627817,41.603974],[41.627706,41.604048],[41.627519,41.604173],[41.627354,41.604261],[41.627249,41.604317],[41.626898,41.604451],[41.626832,41.604475],[41.626437,41.604617],[41.6262,41.604656],[41.625915,41.604635],[41.625774,41.604578],[41.625638,41.604477],[41.625385,41.604332],[41.625245,41.604329],[41.625069,41.60436],[41.624994,41.604413],[41.624655,41.604651],[41.624426,41.604778],[41.624266,41.604868],[41.624034,41.604997],[41.623684,41.605288],[41.623504,41.605547],[41.623118,41.606182],[41.623038,41.606333],[41.623019,41.606533],[41.62295,41.606646],[41.622881,41.6067],[41.622652,41.606876],[41.622537,41.606995],[41.622383,41.607163],[41.622302,41.607301],[41.622298,41.607477],[41.622358,41.607632],[41.622411,41.607766],[41.622424,41.608041],[41.622558,41.608476],[41.622586,41.608568],[41.622577,41.60876],[41.622531,41.608824],[41.622406,41.608925],[41.62222,41.60899],[41.622076,41.609088],[41.621946,41.609266],[41.62188,41.609412],[41.621852,41.609475],[41.621831,41.60962],[41.621768,41.609714],[41.621361,41.609985],[41.621228,41.610067],[41.621029,41.610188],[41.620833,41.610308],[41.620748,41.610337],[41.620401,41.610378],[41.619927,41.610394],[41.619495,41.61048],[41.619164,41.610504],[41.619017,41.610483],[41.618674,41.610319],[41.618444,41.610243],[41.618237,41.610249],[41.618055,41.610322],[41.617858,41.610389],[41.617743,41.610417],[41.617516,41.610473],[41.616891,41.610509],[41.616764,41.610553],[41.61662,41.610713],[41.616483,41.610946],[41.616349,41.611285],[41.616318,41.611395],[41.616267,41.611584],[41.616303,41.611829],[41.616311,41.611879],[41.61629,41.612108],[41.616084,41.612321],[41.616058,41.612348],[41.615807,41.612645],[41.615776,41.612699],[41.615669,41.612888],[41.615656,41.613084],[41.615666,41.613194],[41.615681,41.613371],[41.615662,41.613736],[41.61574,41.613997],[41.615767,41.614049],[41.615889,41.614276],[41.616121,41.614574],[41.616284,41.614699],[41.616568,41.614777],[41.61677,41.614802],[41.617305,41.614869],[41.617691,41.614972],[41.617738,41.615087],[41.617637,41.615281],[41.617152,41.615921],[41.617092,41.616],[41.616404,41.617172],[41.616291,41.617311],[41.616146,41.617412],[41.615843,41.617587],[41.615544,41.617697],[41.615347,41.617711],[41.614393,41.617554],[41.614154,41.617601],[41.613998,41.617651],[41.613647,41.618014],[41.613261,41.618484],[41.612951,41.618744],[41.61281,41.618829],[41.612554,41.618917],[41.612255,41.619005],[41.611815,41.619104],[41.611571,41.619218],[41.611207,41.61944],[41.610831,41.61967],[41.6104,41.619841],[41.61017,41.619899],[41.609945,41.619957],[41.609756,41.620007],[41.609346,41.620182],[41.60917,41.620331],[41.609084,41.620469],[41.608998,41.620663],[41.608987,41.620831],[41.609029,41.621048],[41.609181,41.62132],[41.609264,41.621468],[41.609304,41.621516],[41.609379,41.621606],[41.609767,41.621802],[41.609888,41.621929],[41.609886,41.622224],[41.609736,41.622569],[41.609716,41.622779],[41.60975,41.623068],[41.609716,41.623329],[41.609539,41.623697],[41.609468,41.624159],[41.609215,41.624393],[41.608965,41.624496],[41.608744,41.624526],[41.608461,41.624519],[41.608101,41.62462],[41.60727,41.624785],[41.606755,41.624776],[41.60617,41.624751],[41.60551,41.624757],[41.604583,41.624885],[41.60426,41.624915],[41.603259,41.624991],[41.602036,41.625271],[41.601028,41.625631],[41.600235,41.626134],[41.599989,41.626445],[41.599697,41.626824]]}},{"type":"Feature","properties":{"kind":"stream","name":""},"geometry":{"type":"LineString","coordinates":[[41.703786,41.686195],[41.703415,41.686244],[41.703189,41.686327],[41.703083,41.686417],[41.702976,41.686538]]}},{"type":"Feature","properties":{"kind":"stream","name":""},"geometry":{"type":"LineString","coordinates":[[41.706849,41.68452],[41.706905,41.684758]]}},{"type":"Feature","properties":{"kind":"stream","name":""},"geometry":{"type":"LineString","coordinates":[[41.702976,41.686538],[41.702807,41.686716],[41.70266,41.686757],[41.702129,41.686874],[41.702018,41.686912],[41.701839,41.687016],[41.701714,41.687024],[41.701568,41.686985],[41.701526,41.686957],[41.701496,41.68697],[41.701472,41.687054]]}},{"type":"Feature","properties":{"kind":"stream","name":""},"geometry":{"type":"LineString","coordinates":[[41.708051,41.683771],[41.708024,41.683799],[41.707965,41.683827],[41.707912,41.683823],[41.707856,41.683858],[41.707776,41.683906],[41.707679,41.68391],[41.707574,41.683899],[41.707459,41.683886],[41.70732,41.683902],[41.707159,41.68393],[41.706987,41.683934],[41.706837,41.683918],[41.70664,41.683919],[41.706521,41.684042],[41.706467,41.684174],[41.706478,41.68427],[41.706564,41.684335],[41.706678,41.684372],[41.706758,41.684432],[41.706849,41.68452]]}},{"type":"Feature","properties":{"kind":"stream","name":""},"geometry":{"type":"LineString","coordinates":[[41.706592,41.685089],[41.706381,41.685104],[41.70631,41.685065],[41.706165,41.685099],[41.705975,41.685197],[41.705949,41.68527],[41.70592,41.685386],[41.705657,41.685646],[41.705547,41.685813],[41.705392,41.685885],[41.705218,41.685917],[41.705049,41.68598],[41.704952,41.686029],[41.704851,41.686067],[41.704675,41.686081],[41.704564,41.686075],[41.704429,41.686057],[41.70436,41.686067],[41.704075,41.686129],[41.703941,41.686173],[41.703818,41.686197]]}},{"type":"Feature","properties":{"kind":"stream","name":""},"geometry":{"type":"LineString","coordinates":[[41.70805,41.686399],[41.707712,41.686498],[41.707524,41.686566],[41.707347,41.686602],[41.707122,41.686622],[41.706816,41.686574],[41.706612,41.686582],[41.706483,41.686606],[41.706338,41.686622],[41.70622,41.686606],[41.706118,41.686558],[41.706043,41.686558],[41.705952,41.686582],[41.705909,41.686618],[41.705807,41.686626],[41.705685,41.686611],[41.705582,41.686574],[41.705485,41.686554],[41.70533,41.686586],[41.70504,41.686566],[41.704843,41.686539],[41.704709,41.686475],[41.704622,41.686434],[41.704354,41.686394],[41.704156,41.686319],[41.703936,41.686203],[41.703818,41.686197],[41.703786,41.686195]]}},{"type":"Feature","properties":{"kind":"stream","name":""},"geometry":{"type":"LineString","coordinates":[[41.730569,41.716453],[41.730522,41.716614]]}},{"type":"Feature","properties":{"kind":"stream","name":""},"geometry":{"type":"LineString","coordinates":[[41.735808,41.701561],[41.7359,41.70167]]}},{"type":"Feature","properties":{"kind":"stream","name":""},"geometry":{"type":"LineString","coordinates":[[41.730522,41.716614],[41.730551,41.716772]]}},{"type":"Feature","properties":{"kind":"stream","name":""},"geometry":{"type":"LineString","coordinates":[[41.799456,41.681626],[41.798895,41.681388],[41.79841,41.681346],[41.797831,41.681235],[41.797308,41.681088],[41.796551,41.68097],[41.79586,41.680991],[41.795468,41.681019],[41.794926,41.680816],[41.79444,41.680935],[41.79388,41.681151],[41.793544,41.681179],[41.793095,41.68113],[41.792656,41.681221],[41.792208,41.681221],[41.791853,41.681472],[41.791367,41.681667],[41.791339,41.681932],[41.7909,41.682079],[41.790611,41.681953],[41.790396,41.681716],[41.790116,41.681618],[41.78977,41.681632],[41.7892,41.681667],[41.788846,41.681716],[41.788607,41.681709],[41.788562,41.681708],[41.788291,41.681975],[41.787893,41.681814],[41.787687,41.681842],[41.787417,41.681897],[41.787136,41.681995],[41.786884,41.6821],[41.786567,41.682184],[41.786506,41.682209],[41.786081,41.682393],[41.785782,41.682602],[41.785706,41.682681],[41.785446,41.682951],[41.784825,41.683185],[41.784591,41.683477],[41.78455,41.683791],[41.784563,41.684137],[41.784741,41.684514],[41.784832,41.684725],[41.784878,41.684842],[41.784658,41.684901],[41.78451,41.684955],[41.78407,41.685163],[41.783709,41.685424],[41.783471,41.685868],[41.783715,41.686078],[41.783724,41.686436],[41.783814,41.686762],[41.783783,41.687073],[41.783765,41.687429],[41.783895,41.687722],[41.784185,41.68784],[41.784372,41.687987],[41.784386,41.688163],[41.78436,41.688231],[41.784353,41.688249],[41.784247,41.688372],[41.784096,41.688448],[41.783972,41.688569],[41.783807,41.688664],[41.783672,41.688725],[41.783479,41.688764],[41.783377,41.688809],[41.783275,41.688934],[41.783211,41.689062],[41.7832,41.689202],[41.783275,41.689362],[41.783323,41.689498],[41.783516,41.689639],[41.78371,41.689803],[41.783748,41.689922],[41.783661,41.690043],[41.783517,41.690102],[41.78335,41.690212],[41.783157,41.69034],[41.782986,41.690455],[41.782852,41.690591],[41.782733,41.690648],[41.782604,41.690692],[41.78246,41.6908],[41.782368,41.690921],[41.782191,41.691077],[41.78202,41.691189],[41.781853,41.691325],[41.781704,41.691448],[41.781644,41.691558],[41.781628,41.69163],[41.781526,41.691702],[41.781393,41.691753],[41.78121,41.691813],[41.781054,41.691886],[41.780888,41.691978],[41.780732,41.692022],[41.780534,41.692049],[41.780347,41.692101],[41.780217,41.692231],[41.780158,41.692403],[41.780116,41.692574],[41.780148,41.692755],[41.780212,41.692891],[41.780432,41.69302],[41.780593,41.693184],[41.78063,41.693308],[41.78062,41.693407],[41.78055,41.693512],[41.780454,41.693675],[41.780239,41.693925],[41.780142,41.694117],[41.780008,41.694366],[41.779815,41.694557],[41.779776,41.694673],[41.779885,41.694801],[41.779949,41.69495],[41.779938,41.695079],[41.779831,41.695219],[41.779713,41.695391],[41.7796,41.695611],[41.77952,41.69592],[41.779419,41.696067],[41.779246,41.696164],[41.779037,41.696252],[41.778774,41.6964],[41.778646,41.69648],[41.778511,41.696512],[41.778345,41.696617],[41.778281,41.696756],[41.778265,41.696972],[41.778206,41.697141],[41.778093,41.697334],[41.778066,41.697506],[41.77804,41.697657],[41.77798,41.697838],[41.777975,41.697983],[41.777927,41.698178],[41.777917,41.698346],[41.77797,41.698467],[41.777986,41.698655],[41.777927,41.698872],[41.777798,41.69908],[41.777648,41.699239],[41.77752,41.699311],[41.77738,41.69934],[41.777251,41.69932],[41.777085,41.69932],[41.776924,41.699368],[41.776629,41.699497],[41.776494,41.699545],[41.776398,41.699657],[41.776307,41.699665],[41.776189,41.699629],[41.776006,41.699621],[41.775754,41.699653],[41.77554,41.699765],[41.775352,41.699909],[41.775228,41.700049],[41.775228,41.700193],[41.775143,41.700417],[41.774976,41.700566],[41.774799,41.700678],[41.774552,41.700794],[41.774349,41.700902],[41.774204,41.701006],[41.774135,41.701149],[41.774161,41.70133],[41.774268,41.701487],[41.774446,41.701582],[41.774666,41.70169],[41.774789,41.701782],[41.774805,41.701876],[41.7748,41.701959],[41.774729,41.701992],[41.774601,41.702027],[41.774397,41.702123],[41.774274,41.70222],[41.77415,41.702404],[41.774032,41.702597],[41.773995,41.702808],[41.774038,41.703],[41.774188,41.703164],[41.774306,41.70322],[41.774473,41.703276],[41.77459,41.703361],[41.774725,41.703465],[41.774864,41.703613],[41.77495,41.703781],[41.774982,41.703941],[41.77496,41.704014],[41.77487,41.704069],[41.774698,41.704149],[41.774569,41.704251],[41.774483,41.704399],[41.774418,41.704551],[41.774333,41.704779],[41.774258,41.704918],[41.774198,41.705052],[41.77421,41.705155],[41.774284,41.70532],[41.774355,41.705459],[41.774365,41.705572],[41.774365,41.705793],[41.774333,41.706221],[41.774316,41.706473],[41.774333,41.706765],[41.774359,41.707034],[41.774344,41.707281],[41.774312,41.707393],[41.774175,41.707524],[41.773997,41.70756],[41.773832,41.707521],[41.773631,41.707517],[41.773408,41.707565]]}},{"type":"Feature","properties":{"kind":"stream","name":""},"geometry":{"type":"LineString","coordinates":[[41.68244,41.627914],[41.682462,41.628037],[41.682472,41.628138],[41.68258,41.628235],[41.682601,41.628357],[41.682591,41.628526],[41.682591,41.62863],[41.682505,41.62875],[41.682236,41.628884],[41.682126,41.62896],[41.682057,41.629077],[41.68211,41.629178],[41.682237,41.629264],[41.682333,41.62933],[41.68233,41.629606],[41.68233,41.629788],[41.6824,41.629941],[41.682461,41.630046],[41.682596,41.630147],[41.682886,41.630328],[41.682936,41.630409],[41.682923,41.630528],[41.682792,41.630653]]}},{"type":"Feature","properties":{"kind":"stream","name":""},"geometry":{"type":"LineString","coordinates":[[41.67822,41.639054],[41.678107,41.639047],[41.677914,41.639101],[41.67777,41.639197],[41.677704,41.639284],[41.677689,41.639394],[41.677761,41.639495],[41.677848,41.639631],[41.677898,41.639761],[41.677867,41.639917],[41.677462,41.640761],[41.677385,41.640883],[41.677277,41.640994],[41.676945,41.641228],[41.676902,41.641259],[41.676852,41.641321],[41.67688,41.641467],[41.676884,41.641698],[41.676832,41.641877],[41.676681,41.642011],[41.676606,41.642044],[41.67649,41.642096],[41.676272,41.642079],[41.675868,41.642001],[41.674525,41.641805],[41.674132,41.641761],[41.673919,41.641774],[41.67376,41.641835],[41.673675,41.641906],[41.673656,41.642001]]}},{"type":"Feature","properties":{"kind":"river","name":"ჯოჭოსწყლი"},"geometry":{"type":"LineString","coordinates":[[41.713366,41.579351],[41.712988,41.579163],[41.712542,41.5789],[41.712297,41.57862],[41.712136,41.578193],[41.711903,41.577884],[41.711547,41.577682],[41.711377,41.577296],[41.711371,41.576885],[41.711272,41.576732],[41.711172,41.576392],[41.711075,41.576079],[41.710777,41.575778],[41.710319,41.575481],[41.709825,41.575244],[41.709451,41.574886],[41.709368,41.574577],[41.709244,41.574365],[41.708752,41.574249],[41.707368,41.574032],[41.706741,41.573928],[41.706392,41.573807],[41.706016,41.573868],[41.705796,41.573972],[41.705507,41.574421],[41.704954,41.574602],[41.70452,41.57453],[41.704075,41.574145],[41.703698,41.573547],[41.703592,41.573407],[41.703444,41.573317],[41.703216,41.573264],[41.702518,41.573015],[41.701881,41.572792],[41.70102,41.572808],[41.700717,41.572832],[41.70054,41.572692],[41.70047,41.572569],[41.70032,41.572489],[41.699959,41.572443],[41.699687,41.572429],[41.699365,41.572545],[41.699249,41.572742],[41.699056,41.57284],[41.69887,41.572825],[41.698792,41.572794],[41.698405,41.573037],[41.698189,41.573216],[41.697995,41.573306],[41.697617,41.57354],[41.697367,41.573616],[41.69688,41.573486],[41.696735,41.573384],[41.696654,41.5731],[41.696554,41.573052],[41.696292,41.572501],[41.695773,41.572297],[41.695332,41.57222],[41.694417,41.572158],[41.693875,41.572049],[41.693167,41.571985],[41.692504,41.571712],[41.69208,41.571311],[41.691939,41.571149],[41.691619,41.570982],[41.691289,41.571003],[41.691171,41.570974],[41.690791,41.570881],[41.689977,41.57083],[41.689183,41.570974],[41.689146,41.570975],[41.688995,41.570978],[41.688764,41.570826],[41.688742,41.570386],[41.688806,41.569473],[41.688926,41.568713],[41.688758,41.568283],[41.688421,41.567956],[41.687541,41.567366],[41.687035,41.56691],[41.686817,41.566463],[41.686699,41.566126],[41.686269,41.565708],[41.685873,41.56556],[41.685493,41.565417],[41.68446,41.565121],[41.684079,41.564581],[41.683407,41.563717],[41.682989,41.563509],[41.682237,41.563084]]}},{"type":"Feature","properties":{"kind":"river","name":""},"geometry":{"type":"LineString","coordinates":[[41.687402,41.562995],[41.687118,41.563148],[41.686619,41.563597],[41.686313,41.563742],[41.68608,41.563911],[41.685782,41.564127],[41.685042,41.564541],[41.684541,41.564624],[41.684079,41.564581]]}},{"type":"Feature","properties":{"kind":"stream","name":""},"geometry":{"type":"LineString","coordinates":[[41.692797,41.55888],[41.692717,41.558892],[41.692384,41.558901],[41.692036,41.55882],[41.691783,41.558748],[41.691613,41.558797],[41.691468,41.558925],[41.691381,41.559057],[41.691243,41.55923],[41.690374,41.560294],[41.689333,41.561462],[41.688512,41.562144],[41.688435,41.562216],[41.68826,41.562377],[41.687402,41.562995]]}},{"type":"Feature","properties":{"kind":"stream","name":""},"geometry":{"type":"LineString","coordinates":[[41.756491,41.512039],[41.75631,41.512349]]}},{"type":"Feature","properties":{"kind":"stream","name":""},"geometry":{"type":"LineString","coordinates":[[41.763744,41.511738],[41.762664,41.511649],[41.762531,41.511677],[41.762294,41.511782],[41.762156,41.511823],[41.761571,41.511898],[41.761278,41.512015],[41.760893,41.512026],[41.759892,41.512174],[41.759658,41.512193],[41.759561,41.512237],[41.759117,41.512499],[41.75889,41.51254],[41.757973,41.512588],[41.757869,41.512595],[41.757752,41.512521]]}},{"type":"Feature","properties":{"kind":"stream","name":""},"geometry":{"type":"LineString","coordinates":[[41.640777,41.619822],[41.640575,41.6198],[41.640356,41.619827],[41.640237,41.619902],[41.640155,41.619944],[41.639998,41.62004],[41.639832,41.62012],[41.639721,41.62018],[41.639652,41.620235],[41.639541,41.620282],[41.639412,41.620316],[41.639258,41.62039],[41.639159,41.620437],[41.639065,41.620468],[41.638716,41.620553],[41.638534,41.620583],[41.638377,41.620602],[41.638335,41.62063],[41.638357,41.620743],[41.63843,41.620873],[41.638454,41.621014],[41.638438,41.621118],[41.638349,41.621174],[41.638186,41.621206],[41.637687,41.621379],[41.637392,41.621423],[41.636957,41.621543],[41.636485,41.621685],[41.636205,41.621765],[41.636008,41.621793],[41.635687,41.621856],[41.63517,41.62201],[41.634749,41.622109],[41.634332,41.622109],[41.634258,41.62207],[41.634138,41.622007],[41.632508,41.620527],[41.632041,41.620103],[41.631619,41.61972],[41.631411,41.619531],[41.631158,41.619303],[41.630962,41.619226],[41.630747,41.619295],[41.628842,41.619461],[41.627944,41.61952],[41.626614,41.619623],[41.625638,41.619699],[41.624676,41.619774],[41.624382,41.619797],[41.623842,41.619839],[41.623047,41.619901],[41.622641,41.619933],[41.621878,41.619991],[41.620384,41.620105],[41.618956,41.620241],[41.616966,41.620346]]}},{"type":"Feature","properties":{"kind":"stream","name":""},"geometry":{"type":"LineString","coordinates":[[41.682792,41.630653],[41.682717,41.630805],[41.682657,41.630896],[41.682559,41.630958],[41.682429,41.631],[41.682247,41.631009],[41.682027,41.630998],[41.681866,41.631017],[41.68178,41.631062],[41.68173,41.631152],[41.681756,41.631256],[41.68171,41.631337],[41.681582,41.631394],[41.681496,41.631475],[41.681328,41.631896],[41.681265,41.632023],[41.681249,41.632152],[41.68136,41.632253],[41.681582,41.632308],[41.681748,41.632311],[41.681802,41.632374],[41.681754,41.632503],[41.681732,41.63264],[41.681668,41.6328],[41.681587,41.632902],[41.681413,41.632962],[41.681332,41.633016],[41.681298,41.633107],[41.681303,41.633265],[41.681271,41.633393],[41.681164,41.633554],[41.680906,41.633746],[41.680749,41.633995],[41.68075,41.634136],[41.680825,41.634262],[41.680789,41.634436],[41.680817,41.634553],[41.68093,41.634667],[41.681045,41.634805],[41.681262,41.635068],[41.681394,41.635198]]}},{"type":"Feature","properties":{"kind":"stream","name":""},"geometry":{"type":"LineString","coordinates":[[41.680344,41.637654],[41.680309,41.637717],[41.680068,41.637797],[41.679918,41.6379],[41.679697,41.63805],[41.679559,41.638127],[41.679527,41.638195],[41.679579,41.638294],[41.679689,41.638353],[41.679725,41.638412],[41.679665,41.638497],[41.679497,41.638588],[41.679309,41.638666],[41.679225,41.638745],[41.679115,41.638892],[41.679042,41.638946],[41.678909,41.639044],[41.67868,41.63914],[41.678442,41.639115],[41.67822,41.639054]]}},{"type":"Feature","properties":{"kind":"stream","name":""},"geometry":{"type":"LineString","coordinates":[[41.681394,41.635198],[41.681441,41.635233],[41.681453,41.635371],[41.68141,41.635479],[41.681258,41.635529],[41.681158,41.635622],[41.681156,41.635783],[41.681228,41.635864],[41.681343,41.635918],[41.681346,41.636085]]}},{"type":"Feature","properties":{"kind":"river","name":""},"geometry":{"type":"LineString","coordinates":[[41.746855,41.620054],[41.746925,41.619982],[41.74725,41.619693],[41.747957,41.619397],[41.748768,41.619038],[41.749229,41.618901]]}},{"type":"Feature","properties":{"kind":"river","name":""},"geometry":{"type":"LineString","coordinates":[[41.746855,41.620054],[41.74663,41.620229],[41.746412,41.620449],[41.746243,41.620739],[41.745866,41.620851],[41.745358,41.620858],[41.744516,41.620927],[41.74396,41.621072],[41.743587,41.621451],[41.743568,41.621979],[41.743379,41.622157],[41.743239,41.622724],[41.743253,41.623224],[41.742411,41.623231],[41.741913,41.62377],[41.74185,41.624207],[41.741313,41.624605],[41.740868,41.624732],[41.740379,41.624782],[41.739939,41.624782],[41.739581,41.625162],[41.739315,41.625379],[41.739044,41.625734],[41.738652,41.626218],[41.738386,41.626406],[41.738033,41.626272],[41.737699,41.626312],[41.736983,41.626367],[41.736165,41.626696],[41.73541,41.627046],[41.734743,41.627119],[41.734351,41.627206],[41.734317,41.62743],[41.734443,41.627838],[41.734399,41.627947],[41.734375,41.628218],[41.734336,41.628475],[41.734239,41.628591],[41.733925,41.628753],[41.73362,41.629144],[41.733335,41.62927],[41.733001,41.629419],[41.732793,41.629694],[41.732677,41.630001],[41.732725,41.630157],[41.732865,41.630554],[41.732594,41.630746],[41.732401,41.631223],[41.732227,41.63178],[41.732314,41.63207],[41.732778,41.632131],[41.733107,41.632225],[41.733306,41.632482],[41.733267,41.632909],[41.733427,41.633125],[41.733567,41.633371],[41.733639,41.633513],[41.733799,41.633921],[41.733741,41.634239],[41.733383,41.634782],[41.732986,41.635158],[41.732464,41.636387],[41.732459,41.636695],[41.732445,41.636815],[41.732415,41.637063],[41.732411,41.637385],[41.732386,41.63787],[41.732357,41.638235],[41.732473,41.63864],[41.732449,41.638915],[41.732454,41.639128],[41.732565,41.639255],[41.732885,41.639497],[41.733054,41.639725],[41.733049,41.639963],[41.733442,41.640295]]}},{"type":"Feature","properties":{"kind":"river","name":""},"geometry":{"type":"LineString","coordinates":[[41.727902,41.634194],[41.72785,41.634332],[41.727666,41.634495],[41.727353,41.634693],[41.727429,41.634891],[41.7275,41.635132],[41.727452,41.635281],[41.727282,41.635316],[41.726917,41.635083],[41.726463,41.63515],[41.726112,41.635433],[41.72598,41.635712],[41.726056,41.636027],[41.72605,41.636461],[41.725945,41.636566],[41.725664,41.636632],[41.725533,41.636817],[41.725611,41.637055],[41.725599,41.637161],[41.725577,41.637243],[41.725404,41.637467],[41.725313,41.637663],[41.725349,41.637756],[41.725654,41.637811],[41.725707,41.637916],[41.725755,41.638071],[41.725729,41.638234],[41.725638,41.638382],[41.725451,41.638505],[41.725163,41.638574],[41.725114,41.63865],[41.72522,41.638749],[41.725556,41.638885],[41.725679,41.639101],[41.725637,41.639211],[41.725565,41.639342],[41.725565,41.639481],[41.725626,41.639611],[41.725744,41.639708],[41.725878,41.639863],[41.725848,41.639953],[41.725698,41.6401],[41.725614,41.640151],[41.725204,41.640048],[41.725,41.640025],[41.724898,41.640002],[41.724869,41.640078],[41.72494,41.640244],[41.724846,41.640381],[41.7246,41.640452],[41.724362,41.640519],[41.724139,41.64067],[41.724059,41.640843],[41.72386,41.641053],[41.723592,41.641098],[41.723288,41.641203],[41.722994,41.641426],[41.722711,41.64166],[41.722516,41.642071],[41.722413,41.642165],[41.722318,41.642153],[41.722092,41.642137],[41.721846,41.642224],[41.721809,41.642334],[41.721801,41.642469],[41.721782,41.642617],[41.721695,41.642726],[41.721499,41.642775],[41.721154,41.642852],[41.720808,41.643029],[41.720599,41.643223],[41.72075,41.643596],[41.720871,41.643865],[41.720784,41.644105],[41.72053,41.644179],[41.720281,41.6443],[41.720213,41.644412],[41.720085,41.644633],[41.720131,41.644796],[41.72026,41.644987],[41.720524,41.645164],[41.720616,41.645328],[41.720573,41.645472],[41.720432,41.645587],[41.720172,41.645692],[41.71971,41.645777],[41.71943,41.645849],[41.719102,41.645983],[41.719035,41.646115],[41.719017,41.646223]]}},{"type":"Feature","properties":{"kind":"river","name":"მეჯინისწყალი (Mejinistskali)"},"geometry":{"type":"LineString","coordinates":[[41.599697,41.626824],[41.599451,41.627071]]}},{"type":"Feature","properties":{"kind":"stream","name":""},"geometry":{"type":"LineString","coordinates":[[41.717901,41.698629],[41.717906,41.698664],[41.71792,41.69869],[41.718046,41.698864],[41.718129,41.698984],[41.718322,41.699095],[41.71873,41.699403],[41.719148,41.699656],[41.719561,41.699728],[41.719733,41.699625],[41.719916,41.699557],[41.72005,41.699515],[41.720412,41.699531],[41.720912,41.699799],[41.721254,41.700176],[41.721216,41.700308],[41.721286,41.700457],[41.72172,41.700821],[41.721936,41.70098],[41.721964,41.701001],[41.72211,41.701162],[41.722306,41.701348],[41.722399,41.701422],[41.722454,41.701466],[41.722475,41.701572],[41.722616,41.70168],[41.722928,41.701788],[41.723161,41.701914],[41.722955,41.7022],[41.722634,41.702541],[41.722598,41.702672],[41.722532,41.702824],[41.722381,41.702854],[41.72234,41.702984],[41.722152,41.703208],[41.722276,41.703689],[41.722517,41.704214],[41.722694,41.704554],[41.72271,41.704734],[41.722662,41.704938],[41.722594,41.705073],[41.722464,41.705129],[41.722358,41.705233],[41.722279,41.705321],[41.722202,41.705354],[41.72205,41.705331],[41.721929,41.705416],[41.721791,41.705458],[41.721717,41.705454],[41.721567,41.705406],[41.721411,41.705421],[41.721293,41.7055],[41.720988,41.705675],[41.719824,41.706384],[41.719639,41.706444],[41.71948,41.706495],[41.719314,41.706548],[41.719106,41.706615],[41.719078,41.706623],[41.718978,41.706434],[41.718895,41.706327],[41.718811,41.706353],[41.718744,41.706494],[41.718779,41.706696],[41.718651,41.706913]]}},{"type":"Feature","properties":{"kind":"stream","name":""},"geometry":{"type":"LineString","coordinates":[[41.799784,41.708282],[41.799298,41.708063],[41.799395,41.707745],[41.799387,41.70734],[41.799194,41.707164],[41.798902,41.707064],[41.798617,41.706717],[41.797667,41.706453],[41.797316,41.706407],[41.797013,41.706385],[41.796121,41.706176],[41.795928,41.706113]]}},{"type":"Feature","properties":{"kind":"stream","name":""},"geometry":{"type":"LineString","coordinates":[[41.61168,41.640537],[41.611482,41.640656],[41.611384,41.640762],[41.611239,41.640922],[41.611172,41.64105],[41.611111,41.641133],[41.61106,41.641182],[41.610966,41.64127]]}},{"type":"Feature","properties":{"kind":"stream","name":""},"geometry":{"type":"LineString","coordinates":[[41.616966,41.620346],[41.616495,41.620331],[41.616217,41.620314],[41.615974,41.620373],[41.615673,41.620473],[41.615454,41.620596],[41.615377,41.620711],[41.615309,41.620964],[41.615136,41.621138],[41.61506,41.621253],[41.615053,41.621463],[41.614979,41.621674],[41.614773,41.621842],[41.614403,41.621995],[41.614012,41.622167],[41.613591,41.622406],[41.613376,41.622548],[41.613273,41.622615],[41.613175,41.62266],[41.613067,41.622709],[41.612819,41.62276],[41.612449,41.622907],[41.612086,41.62302],[41.611952,41.623056],[41.611744,41.623113],[41.611356,41.623218],[41.611198,41.623373],[41.611159,41.62341],[41.610838,41.623698],[41.610451,41.623873],[41.609923,41.624032],[41.609525,41.624143],[41.609468,41.624159]]}},{"type":"Feature","properties":{"kind":"river","name":""},"geometry":{"type":"LineString","coordinates":[[41.540252,41.480065],[41.540137,41.480191],[41.540003,41.480299],[41.539859,41.480384],[41.539684,41.480449],[41.539225,41.480598],[41.538875,41.480712],[41.53867,41.48081],[41.538505,41.480905],[41.538431,41.480995],[41.538381,41.481111],[41.538362,41.48123],[41.538365,41.481348],[41.538415,41.481464],[41.538563,41.481769],[41.538639,41.481942],[41.538653,41.482059],[41.538641,41.482183],[41.538585,41.482432],[41.538519,41.482664],[41.5385,41.48283],[41.538536,41.48296],[41.5386,41.483108],[41.538767,41.48333]]}},{"type":"Feature","properties":{"kind":"stream","name":""},"geometry":{"type":"LineString","coordinates":[[41.57987,41.577619],[41.579894,41.57754],[41.579864,41.577399],[41.579718,41.577204],[41.579101,41.576981],[41.578706,41.576975],[41.577283,41.577245],[41.577275,41.577247]]}},{"type":"Feature","properties":{"kind":"stream","name":""},"geometry":{"type":"LineString","coordinates":[[41.578167,41.560376],[41.578083,41.560418],[41.577924,41.560526],[41.577742,41.560464],[41.577544,41.560313],[41.577366,41.560299],[41.576952,41.560259],[41.576576,41.560221],[41.576358,41.560271],[41.57616,41.560236],[41.575794,41.560294],[41.575498,41.560221],[41.575342,41.560282],[41.575001,41.560372],[41.574801,41.560424],[41.57453,41.560447],[41.574432,41.56039],[41.574326,41.560349],[41.574066,41.56046],[41.573904,41.560443]]}},{"type":"Feature","properties":{"kind":"stream","name":""},"geometry":{"type":"LineString","coordinates":[[41.569472,41.568899],[41.569558,41.569236],[41.569504,41.569339],[41.569421,41.569498],[41.569338,41.56969],[41.569359,41.569918],[41.569388,41.570215],[41.569416,41.570504],[41.569455,41.570864],[41.569477,41.571059],[41.56944,41.571161],[41.569371,41.571352],[41.569309,41.57161],[41.569265,41.571795],[41.569278,41.571954],[41.569295,41.572165],[41.56931,41.572338],[41.569494,41.573093],[41.569578,41.573377],[41.569557,41.57351],[41.569526,41.573711],[41.569511,41.573812],[41.56946,41.574455],[41.569479,41.57459],[41.569561,41.575186],[41.569544,41.575296],[41.569447,41.575941],[41.569404,41.576225],[41.569383,41.576321],[41.569269,41.576829],[41.569231,41.576998],[41.569176,41.577787],[41.569146,41.578063],[41.569094,41.578217],[41.569051,41.578447],[41.569071,41.578823],[41.569094,41.579052],[41.568984,41.5792],[41.568852,41.579311],[41.568796,41.579422],[41.568703,41.579582],[41.568438,41.579763],[41.568196,41.580076],[41.567959,41.580284],[41.567696,41.580526],[41.567639,41.580743],[41.567795,41.581438],[41.567962,41.581836],[41.568043,41.582023],[41.568142,41.582253]]}},{"type":"Feature","properties":{"kind":"river","name":"აჭარისწყალი"},"geometry":{"type":"LineString","coordinates":[[41.79929,41.548493],[41.798243,41.548056],[41.797627,41.547133],[41.796709,41.546817],[41.793447,41.546676],[41.791005,41.545965],[41.789841,41.545457],[41.789364,41.544981],[41.788944,41.543929],[41.78892,41.543285],[41.789157,41.542759],[41.78909,41.54196],[41.788469,41.541022],[41.788029,41.54076],[41.78734,41.540724],[41.785714,41.541829],[41.784396,41.542907],[41.783537,41.54348],[41.783032,41.54397],[41.782814,41.544385],[41.782725,41.544504],[41.782483,41.545174],[41.781809,41.545696],[41.780591,41.546225],[41.779219,41.546323],[41.778329,41.546142],[41.777148,41.54536],[41.776854,41.544776],[41.776637,41.544345],[41.775699,41.543062],[41.774841,41.542706],[41.773622,41.542495],[41.770716,41.542781],[41.766906,41.544533],[41.766059,41.544574],[41.765062,41.544807],[41.763771,41.544998],[41.762551,41.545384],[41.761106,41.546432],[41.759733,41.546918],[41.758783,41.547101],[41.758477,41.547009],[41.757749,41.547198],[41.756956,41.547319],[41.756611,41.547396],[41.75616,41.547307],[41.755927,41.547259],[41.754958,41.546595],[41.752701,41.544572],[41.751835,41.544147],[41.751108,41.544122],[41.750445,41.544361],[41.750098,41.544561],[41.749901,41.545929],[41.749539,41.546104],[41.74637,41.546838],[41.743444,41.547317],[41.742338,41.547407],[41.739509,41.546855],[41.738225,41.546215],[41.736306,41.544946],[41.735986,41.54484],[41.731931,41.545315],[41.730765,41.545111],[41.730425,41.544699],[41.730279,41.5438],[41.729785,41.543274],[41.728996,41.54283],[41.728715,41.542673],[41.726871,41.542061],[41.724515,41.542098],[41.723385,41.54202],[41.72305,41.54202],[41.722716,41.54201],[41.722383,41.541992],[41.722051,41.541964],[41.72172,41.541927],[41.721391,41.541881],[41.721065,41.541826],[41.720742,41.541763],[41.720431,41.541692],[41.720123,41.541614],[41.71982,41.541527],[41.719521,41.541432],[41.719226,41.54133],[41.718937,41.541219],[41.718653,41.541101],[41.718375,41.540976],[41.718103,41.540843],[41.717837,41.540703],[41.717578,41.540556]]}},{"type":"Feature","properties":{"kind":"stream","name":""},"geometry":{"type":"LineString","coordinates":[[41.764611,41.65294],[41.764333,41.652917],[41.764102,41.652929],[41.76384,41.652946],[41.76365,41.652869],[41.763523,41.652863],[41.763261,41.652745],[41.762922,41.6527],[41.76252,41.65264],[41.762144,41.6526],[41.762014,41.65246],[41.761911,41.652264],[41.761553,41.652175],[41.761148,41.652086],[41.760712,41.652068],[41.760299,41.652045]]}},{"type":"Feature","properties":{"kind":"stream","name":""},"geometry":{"type":"LineString","coordinates":[[41.572394,41.529592],[41.571257,41.529062],[41.569088,41.528309],[41.566341,41.527779],[41.565311,41.527698],[41.565139,41.527714],[41.564882,41.527586],[41.564474,41.527602],[41.56397,41.527746],[41.563702,41.527819],[41.563305,41.52769],[41.562736,41.527481],[41.562114,41.527666],[41.561685,41.527425],[41.561218,41.527562],[41.560848,41.527746],[41.560462,41.5281],[41.560121,41.528154],[41.55996,41.528275],[41.559778,41.528355],[41.559694,41.528329],[41.559306,41.528408],[41.559045,41.528373],[41.558766,41.528509],[41.558359,41.528453],[41.558123,41.528477],[41.557822,41.528678],[41.557675,41.528825],[41.55709,41.529033],[41.556824,41.529176],[41.556591,41.529244],[41.556382,41.529365],[41.556108,41.529602],[41.555816,41.529835],[41.555655,41.530069],[41.55554,41.530235],[41.555022,41.530421],[41.55486,41.530611],[41.554531,41.530781],[41.554323,41.531157],[41.553761,41.531243],[41.553701,41.531359]]}},{"type":"Feature","properties":{"kind":"stream","name":""},"geometry":{"type":"LineString","coordinates":[[41.734142,41.610293],[41.733542,41.60994],[41.732984,41.60949],[41.732361,41.609378],[41.731359,41.608664],[41.731036,41.60863],[41.73083,41.608767],[41.73042,41.608894],[41.729765,41.609009],[41.729379,41.609298],[41.729078,41.609442],[41.728907,41.609619],[41.728434,41.60951],[41.728176,41.609472],[41.727851,41.609626]]}},{"type":"Feature","properties":{"kind":"stream","name":""},"geometry":{"type":"LineString","coordinates":[[41.719181,41.601356],[41.719289,41.601431],[41.719946,41.601883],[41.720431,41.60203],[41.720415,41.602246],[41.721096,41.602479],[41.721997,41.603666],[41.722383,41.604725],[41.72557,41.6056],[41.725688,41.606169],[41.725817,41.606554],[41.726053,41.606955],[41.72612,41.607214],[41.726055,41.607463],[41.726085,41.607577],[41.72605,41.607671],[41.726139,41.607766],[41.727576,41.607677],[41.727319,41.608207],[41.727748,41.609266],[41.727851,41.609626],[41.727642,41.609755],[41.727338,41.609998],[41.727147,41.610325],[41.727212,41.610581],[41.727114,41.610802],[41.726875,41.61096],[41.726247,41.611109],[41.726069,41.611205]]}},{"type":"Feature","properties":{"kind":"river","name":"ბარცხანა"},"geometry":{"type":"LineString","coordinates":[[41.680498,41.621422],[41.680434,41.621522],[41.680316,41.62161],[41.680316,41.621702],[41.680235,41.621751],[41.680074,41.621967],[41.679752,41.622104],[41.679613,41.62226],[41.67938,41.622398],[41.679321,41.622446],[41.679205,41.622533],[41.679083,41.622532]]}},{"type":"Feature","properties":{"kind":"river","name":"ბარცხანა"},"geometry":{"type":"LineString","coordinates":[[41.726069,41.611205],[41.726031,41.611305],[41.725819,41.61142],[41.72572,41.61151],[41.725605,41.611602],[41.725508,41.611748],[41.725345,41.611815],[41.724999,41.611917],[41.724725,41.612119],[41.724693,41.612302],[41.724527,41.612595],[41.724473,41.612898],[41.724047,41.613405],[41.723537,41.613687],[41.723073,41.613999],[41.722563,41.614043],[41.721997,41.614287],[41.721182,41.614476],[41.720619,41.615069],[41.720425,41.615133],[41.720195,41.61549],[41.719717,41.615488],[41.719208,41.615386],[41.718426,41.615745],[41.718017,41.615743],[41.717761,41.615654],[41.717645,41.615667],[41.71753,41.61571],[41.717152,41.615757],[41.716735,41.615884],[41.716536,41.616014],[41.716475,41.616132],[41.716472,41.616284],[41.716204,41.616284],[41.715914,41.616421],[41.715109,41.616276],[41.714884,41.616305],[41.714742,41.616329],[41.714562,41.616473],[41.714393,41.616435],[41.714262,41.616477],[41.714069,41.616645],[41.713827,41.616802],[41.713591,41.61672],[41.713361,41.616766],[41.713232,41.61682],[41.71302,41.616814],[41.712854,41.616732],[41.712577,41.616798],[41.712513,41.616974],[41.711966,41.617055],[41.710209,41.617143],[41.710032,41.617317],[41.709418,41.617606],[41.708997,41.617798],[41.708887,41.617776],[41.708565,41.617776],[41.707835,41.617488],[41.707594,41.617363],[41.707052,41.617496]]}},{"type":"Feature","properties":{"kind":"river","name":"ბარცხანა"},"geometry":{"type":"LineString","coordinates":[[41.686246,41.619224],[41.68619,41.619352],[41.685466,41.619709],[41.685238,41.619717],[41.684784,41.619786],[41.684425,41.619788]]}},{"type":"Feature","properties":{"kind":"river","name":"ბარცხანა"},"geometry":{"type":"LineString","coordinates":[[41.68039,41.621328],[41.680182,41.621586],[41.679656,41.621927],[41.679592,41.621991],[41.679522,41.622128],[41.679415,41.622288],[41.679362,41.622333],[41.679283,41.622347],[41.67924,41.622356],[41.679156,41.622371],[41.679104,41.622386]]}},{"type":"Feature","properties":{"kind":"river","name":"Mechkhristskali"},"geometry":{"type":"LineString","coordinates":[[41.794519,41.658501],[41.793698,41.658501],[41.79306,41.658462],[41.792487,41.658355],[41.792226,41.658432],[41.791457,41.658374],[41.790546,41.658102],[41.789907,41.657936],[41.78893,41.658111],[41.788279,41.65854],[41.788018,41.658919],[41.787536,41.65888],[41.786833,41.658744],[41.786416,41.658802],[41.78566,41.658783],[41.784718,41.658758],[41.783924,41.658786],[41.783579,41.658689],[41.783289,41.658675],[41.783,41.658751],[41.782607,41.658814],[41.782142,41.658821],[41.781515,41.658742],[41.781066,41.658558],[41.780857,41.65852],[41.780521,41.658311],[41.780008,41.658273],[41.77952,41.658226],[41.778798,41.658231],[41.778595,41.658505],[41.778335,41.658898],[41.778025,41.659149],[41.777651,41.659499],[41.777284,41.65975],[41.776828,41.659873],[41.776308,41.66012],[41.775985,41.660276],[41.775618,41.660531],[41.775283,41.660805],[41.775047,41.660801],[41.774526,41.660837],[41.773963,41.660861],[41.773529,41.660953],[41.773196,41.661113],[41.77289,41.661298],[41.772601,41.66145],[41.772311,41.661502],[41.772027,41.661546],[41.771732,41.661634],[41.771377,41.661691],[41.771057,41.661896],[41.770708,41.662175],[41.770354,41.662341],[41.770011,41.66245],[41.769555,41.662625],[41.769308,41.662772],[41.76934,41.662975],[41.769448,41.663174],[41.769473,41.663382],[41.76946,41.663662],[41.769321,41.663818],[41.768966,41.663969],[41.768751,41.66413],[41.768681,41.664329],[41.768567,41.664552],[41.768409,41.664741],[41.768371,41.664935],[41.768535,41.665091],[41.7687,41.665361],[41.768535,41.665545],[41.768472,41.665801],[41.768605,41.666038],[41.768396,41.666189],[41.768173,41.666388],[41.767991,41.666571],[41.767649,41.666778],[41.767378,41.666989],[41.767277,41.667194],[41.767284,41.667354],[41.767398,41.667476],[41.767372,41.667668],[41.767227,41.667754],[41.76705,41.667798],[41.766943,41.667974],[41.766991,41.668158],[41.767238,41.668407],[41.767179,41.668579],[41.767082,41.66878],[41.767107,41.669019],[41.76708,41.669125],[41.767062,41.66926],[41.767057,41.669389],[41.767035,41.669583],[41.766871,41.669718],[41.766812,41.669878],[41.766858,41.670095],[41.766988,41.67028],[41.766994,41.670288],[41.767112,41.670438],[41.767219,41.670527],[41.767303,41.670597],[41.767416,41.670767],[41.767453,41.670909],[41.767621,41.671028],[41.767966,41.671211],[41.768252,41.671374],[41.768656,41.671509],[41.76903,41.671588],[41.769314,41.67185],[41.769823,41.671934],[41.770204,41.672085],[41.770328,41.672308],[41.770522,41.672621],[41.770596,41.672941],[41.77069,41.673202],[41.770878,41.67341],[41.771319,41.673555],[41.771708,41.673678],[41.771821,41.673834],[41.771804,41.673858],[41.771738,41.673952],[41.771229,41.67413],[41.771072,41.674309],[41.770998,41.67455],[41.770974,41.674568],[41.77075,41.67474],[41.77044,41.674768],[41.770204,41.674629],[41.77012,41.674505],[41.769985,41.674303],[41.769782,41.674264],[41.769491,41.674405],[41.76901,41.674728],[41.768686,41.675141],[41.768649,41.675408],[41.768797,41.67562],[41.769167,41.675811],[41.769462,41.676022],[41.769591,41.676279],[41.769634,41.676491],[41.769494,41.676668],[41.769286,41.676799],[41.769035,41.676887],[41.768873,41.676943],[41.768712,41.677073],[41.768731,41.677255],[41.768864,41.677378],[41.769025,41.677534],[41.769084,41.677672],[41.768647,41.678042],[41.768278,41.678689],[41.76835,41.678943],[41.768762,41.679314],[41.768899,41.679524],[41.768933,41.679673],[41.768952,41.679772],[41.769653,41.680088],[41.769983,41.68014],[41.770006,41.68014],[41.77026,41.680134],[41.770396,41.680227],[41.770549,41.680421],[41.770741,41.68059],[41.770739,41.680822],[41.770693,41.681038],[41.770535,41.681247],[41.76981,41.682157],[41.769733,41.682474],[41.769709,41.682577],[41.769585,41.682803],[41.769409,41.682948],[41.769334,41.68301],[41.768957,41.683537],[41.768578,41.68383],[41.768244,41.683821],[41.767917,41.683715],[41.767761,41.683583],[41.767596,41.683676],[41.767065,41.683742],[41.766806,41.683807],[41.766587,41.684099],[41.76663,41.684336],[41.766742,41.684545],[41.766981,41.684707],[41.767046,41.684896],[41.76703,41.685023],[41.766973,41.685192],[41.766814,41.685342],[41.766355,41.685599],[41.766265,41.685775],[41.766414,41.685959],[41.766598,41.686116],[41.766696,41.686303],[41.766816,41.686408],[41.766592,41.68642],[41.765876,41.68644],[41.765845,41.686739],[41.766058,41.686883],[41.766319,41.687239],[41.766254,41.687379],[41.765815,41.687455],[41.765507,41.68772],[41.764862,41.687874],[41.764591,41.687853],[41.76422,41.687742],[41.763732,41.687609],[41.763387,41.687651],[41.763153,41.687706],[41.762976,41.687909],[41.763134,41.688153],[41.763387,41.688453],[41.763573,41.688753],[41.763611,41.68908],[41.763471,41.689457],[41.763387,41.689694],[41.763368,41.689987],[41.763306,41.690276],[41.763182,41.690579],[41.762957,41.690881],[41.762732,41.691039],[41.762506,41.691236],[41.762315,41.691425],[41.76217,41.691592],[41.762183,41.691811],[41.762359,41.692003],[41.762629,41.692176],[41.762772,41.692281],[41.762841,41.692412],[41.762815,41.692565],[41.762613,41.692667],[41.76231,41.692707],[41.762098,41.692748],[41.761938,41.692783],[41.761745,41.692814],[41.761648,41.692874],[41.76153,41.692886],[41.761331,41.692948],[41.76119,41.693014],[41.761055,41.693106],[41.760956,41.693296],[41.760829,41.693535],[41.760683,41.693753],[41.760556,41.693868],[41.760474,41.693994],[41.760416,41.694148],[41.760305,41.694367],[41.760165,41.694579],[41.760085,41.694785],[41.759994,41.695069],[41.759889,41.69545],[41.759762,41.695674],[41.759574,41.695808],[41.759414,41.695892],[41.75937,41.696012],[41.759335,41.696148],[41.759277,41.696315],[41.759304,41.696467],[41.759384,41.696722],[41.759486,41.696891],[41.75966,41.697048],[41.759834,41.697179],[41.759961,41.697313],[41.760007,41.697424],[41.75993,41.697525],[41.759768,41.697614],[41.759544,41.697766],[41.759417,41.697929],[41.759395,41.698077],[41.759423,41.698184],[41.759525,41.698343],[41.759657,41.698413],[41.75985,41.698437],[41.760162,41.698431],[41.760358,41.698421],[41.76054,41.698462],[41.760702,41.698534],[41.760882,41.698674],[41.761072,41.698804],[41.761505,41.699],[41.761781,41.699234],[41.762078,41.699516],[41.762321,41.699765],[41.762627,41.700058],[41.762889,41.700216],[41.763223,41.700391],[41.763482,41.700525],[41.763669,41.700632],[41.763755,41.700733],[41.763865,41.700933],[41.763879,41.701159],[41.763827,41.701386],[41.763686,41.701602],[41.763468,41.701761],[41.763143,41.701878],[41.762881,41.701925],[41.762713,41.702022],[41.762704,41.702129],[41.762842,41.702226],[41.763123,41.702321],[41.763322,41.702442],[41.763446,41.702607],[41.763463,41.702914],[41.76343,41.703346],[41.763358,41.703461],[41.763245,41.70348],[41.763151,41.70343],[41.76295,41.703319],[41.762765,41.703257],[41.762583,41.703239],[41.762445,41.703317],[41.762385,41.703498],[41.762274,41.703716],[41.762101,41.703885],[41.761927,41.70398],[41.761659,41.704007],[41.761323,41.70396],[41.761102,41.703957],[41.760931,41.703924],[41.760702,41.703945],[41.760509,41.70405],[41.760416,41.704153],[41.760385,41.704299],[41.76041,41.704392],[41.760451,41.704596],[41.760451,41.704906],[41.760393,41.705133],[41.760305,41.705337],[41.76012,41.705456],[41.759958,41.70546],[41.759801,41.705396],[41.759597,41.705337],[41.759348,41.705308],[41.759053,41.7053],[41.758819,41.705345],[41.758634,41.705452],[41.75838,41.70553],[41.758168,41.705541],[41.758003,41.705487],[41.757873,41.705374],[41.757787,41.705246],[41.757688,41.705207],[41.757553,41.705246],[41.757457,41.705421],[41.757355,41.705701],[41.757311,41.705987],[41.757319,41.706158],[41.7573,41.706416],[41.757286,41.706747],[41.757269,41.707062],[41.757208,41.707321],[41.757015,41.707519],[41.756726,41.707698],[41.756354,41.707859],[41.756092,41.707988],[41.755918,41.708135],[41.755766,41.708376],[41.75575,41.708602],[41.755777,41.708845],[41.755692,41.708981],[41.7554,41.70909],[41.755046,41.709117],[41.754613,41.709135],[41.754285,41.709094],[41.753759,41.708993],[41.753422,41.708944],[41.752973,41.708923],[41.752634,41.708946],[41.752231,41.708985],[41.751823,41.709036]]}},{"type":"Feature","properties":{"kind":"river","name":""},"geometry":{"type":"LineString","coordinates":[[41.761102,41.703957],[41.760975,41.704083],[41.760813,41.704209],[41.760639,41.704287],[41.760487,41.704353],[41.76041,41.704392]]}},{"type":"Feature","properties":{"kind":"stream","name":""},"geometry":{"type":"LineString","coordinates":[[41.762171,41.681446],[41.762423,41.681315],[41.762573,41.681245],[41.762732,41.681349],[41.762878,41.681507],[41.762972,41.681601],[41.763093,41.681587],[41.763134,41.681582],[41.763329,41.68151],[41.763561,41.6815],[41.76365,41.681604],[41.763764,41.681719],[41.763955,41.68174],[41.76411,41.681753],[41.764207,41.681634],[41.764464,41.681595],[41.764752,41.681674],[41.764964,41.681847],[41.765077,41.682026],[41.765187,41.682202],[41.765342,41.682314],[41.76561,41.682369],[41.765931,41.68243],[41.766224,41.682551],[41.766415,41.682727],[41.766533,41.682903],[41.76685,41.68297],[41.767092,41.683048],[41.767171,41.683073],[41.767338,41.683222],[41.767378,41.683389],[41.767488,41.683438],[41.767688,41.683486],[41.767761,41.683583]]}},{"type":"Feature","properties":{"kind":"stream","name":""},"geometry":{"type":"LineString","coordinates":[[41.799839,41.676453],[41.799292,41.677066],[41.79894,41.677844],[41.798732,41.678379],[41.798315,41.678905],[41.797872,41.679167],[41.797559,41.679459],[41.797377,41.679761],[41.797168,41.68013],[41.796856,41.680393],[41.796231,41.680821],[41.79586,41.680991]]}},{"type":"Feature","properties":{"kind":"stream","name":""},"geometry":{"type":"LineString","coordinates":[[41.78687,41.660333],[41.786419,41.660075],[41.785677,41.659818],[41.784714,41.659686],[41.784095,41.659633],[41.783636,41.659349],[41.783282,41.659197],[41.782796,41.659092],[41.782142,41.658821]]}},{"type":"Feature","properties":{"kind":"stream","name":""},"geometry":{"type":"LineString","coordinates":[[41.767057,41.669389],[41.766967,41.669471],[41.766826,41.669569],[41.766767,41.669698],[41.766812,41.669878]]}},{"type":"Feature","properties":{"kind":"stream","name":""},"geometry":{"type":"LineString","coordinates":[[41.783698,41.657666],[41.783009,41.65791],[41.782408,41.658121],[41.78178,41.658181],[41.781356,41.658372],[41.781066,41.658558]]}},{"type":"Feature","properties":{"kind":"stream","name":""},"geometry":{"type":"LineString","coordinates":[[41.778279,41.66208],[41.777775,41.662016],[41.777607,41.661934],[41.776967,41.661815],[41.776526,41.661703],[41.776212,41.661547],[41.775622,41.661344],[41.775313,41.661167],[41.775313,41.660998],[41.775283,41.660805]]}},{"type":"Feature","properties":{"kind":"stream","name":""},"geometry":{"type":"LineString","coordinates":[[41.777249,41.673962],[41.776921,41.673922],[41.776546,41.67383],[41.776288,41.673862],[41.775967,41.673786],[41.775639,41.673769],[41.775403,41.673769],[41.775183,41.673741],[41.774856,41.673749],[41.774615,41.67385],[41.774381,41.674091],[41.774313,41.674196],[41.77427,41.674218],[41.774082,41.674312],[41.773841,41.674318],[41.773605,41.674339],[41.773319,41.674281],[41.772996,41.674172],[41.772697,41.674042],[41.772678,41.674033],[41.772442,41.673911],[41.772188,41.67383],[41.771992,41.673826],[41.771821,41.673834]]}},{"type":"Feature","properties":{"kind":"stream","name":""},"geometry":{"type":"LineString","coordinates":[[41.777383,41.675132],[41.776965,41.674967],[41.776655,41.674949],[41.77635,41.674878],[41.77622,41.674827],[41.775906,41.674703],[41.775664,41.674588],[41.7754,41.674487],[41.77516,41.674331],[41.77498,41.674285],[41.774814,41.674274],[41.774656,41.674222],[41.774464,41.67417],[41.774313,41.674196]]}},{"type":"Feature","properties":{"kind":"river","name":"ზკვისწყალი"},"geometry":{"type":"LineString","coordinates":[[41.747618,41.664833],[41.74721,41.665731],[41.747467,41.666653],[41.747693,41.667238],[41.747757,41.66763],[41.747961,41.668087],[41.747812,41.668288],[41.747478,41.668736],[41.746566,41.669129],[41.746309,41.66965],[41.746234,41.669738],[41.745536,41.670035],[41.744946,41.670492],[41.744962,41.671006],[41.744469,41.671371],[41.744501,41.671642],[41.744608,41.671936],[41.744324,41.672068],[41.744101,41.672131],[41.743844,41.672265],[41.742674,41.672834],[41.742489,41.672904],[41.74194,41.673112],[41.741089,41.673523],[41.740365,41.67392],[41.739617,41.674535],[41.739355,41.674768],[41.73945,41.674811],[41.739381,41.675116],[41.739185,41.675432],[41.739072,41.675751],[41.739179,41.676017],[41.738764,41.677387],[41.738643,41.677976],[41.738474,41.678607],[41.737903,41.679114],[41.736951,41.679737],[41.736902,41.679822],[41.73687,41.679878],[41.736956,41.680122],[41.737315,41.680338],[41.737601,41.680515],[41.737645,41.680789],[41.737731,41.681097],[41.738002,41.681424],[41.738219,41.68172],[41.738753,41.682053],[41.739334,41.682561],[41.739441,41.682649],[41.73964,41.682764],[41.739792,41.682896],[41.739991,41.682942],[41.740213,41.682876],[41.740425,41.68273],[41.740656,41.682729],[41.74071,41.682732],[41.740927,41.682989],[41.741048,41.683219],[41.741098,41.683396],[41.741077,41.683556],[41.741061,41.68373],[41.740967,41.683882],[41.74101,41.684008],[41.741021,41.684041],[41.741383,41.684135],[41.741474,41.684235],[41.741536,41.684429],[41.741541,41.684515],[41.741619,41.684655],[41.741689,41.684734],[41.741785,41.68481],[41.74196,41.684998],[41.742084,41.685116],[41.742128,41.685158],[41.742287,41.685214],[41.74244,41.685144],[41.742584,41.685084],[41.742711,41.68497],[41.742665,41.684798],[41.742703,41.684706],[41.742896,41.684672],[41.743116,41.684643],[41.743341,41.684654],[41.743542,41.68472],[41.743686,41.684833],[41.74373,41.685094],[41.743803,41.685182],[41.743894,41.685317],[41.743871,41.685385],[41.74378,41.685472],[41.743732,41.685584],[41.743746,41.685638],[41.743798,41.685709],[41.74398,41.685886],[41.744148,41.686094],[41.744296,41.686281],[41.744441,41.686498],[41.744604,41.686615],[41.744841,41.686645],[41.744957,41.686671],[41.745297,41.686722],[41.745579,41.686847],[41.745763,41.686961],[41.745947,41.687151],[41.74609,41.68732],[41.746274,41.687478],[41.74639,41.687636],[41.746515,41.687867],[41.74653,41.687979],[41.746487,41.688072],[41.746346,41.688186],[41.746201,41.688267],[41.746099,41.688294],[41.74596,41.688392],[41.745847,41.688547],[41.745804,41.688718],[41.745813,41.688864],[41.74584,41.688962],[41.74589,41.68912],[41.745708,41.68919],[41.745584,41.689185],[41.745409,41.68929],[41.745293,41.689402],[41.745161,41.689432],[41.745081,41.689488],[41.745022,41.689576],[41.745004,41.689688],[41.745016,41.689802],[41.74505,41.689954],[41.745075,41.690039],[41.745062,41.690085],[41.745036,41.690124],[41.744938,41.690183],[41.744816,41.690319],[41.744682,41.690458],[41.744654,41.690553],[41.744679,41.690706],[41.744723,41.690795],[41.744767,41.69086],[41.744775,41.690933],[41.744792,41.691028],[41.744824,41.691083],[41.744896,41.691149],[41.74494,41.691291],[41.744922,41.691449],[41.744875,41.691737],[41.744849,41.691867],[41.74479,41.692047],[41.744767,41.692176],[41.744739,41.692294],[41.744678,41.692384],[41.74457,41.692447],[41.744407,41.692484],[41.744235,41.692514],[41.744126,41.692557],[41.743995,41.692609],[41.743932,41.692667],[41.743943,41.692739],[41.744003,41.692786],[41.744111,41.692838],[41.74423,41.69293],[41.744381,41.692986],[41.744501,41.693002],[41.744619,41.692972],[41.744807,41.692868],[41.744989,41.692876],[41.74515,41.692926],[41.745276,41.693027],[41.745325,41.693173],[41.745346,41.693377],[41.745365,41.693607],[41.745349,41.693691],[41.745294,41.693818],[41.745271,41.693884],[41.745286,41.693961],[41.745345,41.694028],[41.745392,41.694099],[41.745486,41.694143],[41.745588,41.694175],[41.745804,41.694319],[41.746011,41.694433],[41.746163,41.69452],[41.746197,41.694573],[41.746182,41.694612],[41.746119,41.694675],[41.746044,41.694763],[41.746008,41.694837],[41.745993,41.694981],[41.746006,41.695076],[41.746032,41.695157],[41.746079,41.695248],[41.746192,41.695302],[41.746297,41.695319],[41.746447,41.695328],[41.746563,41.695324],[41.746797,41.695306],[41.74691,41.695256],[41.747067,41.695157],[41.747227,41.695041],[41.747441,41.69493],[41.747619,41.694907],[41.747724,41.694936],[41.747784,41.695033],[41.747857,41.695161],[41.747839,41.695211],[41.747773,41.695264],[41.747616,41.69537],[41.747448,41.695493],[41.747412,41.695555],[41.747433,41.695643],[41.747498,41.695786],[41.747544,41.695883],[41.747669,41.696033],[41.747812,41.696156],[41.74797,41.696242],[41.748191,41.696332],[41.748497,41.696383],[41.748692,41.696385],[41.748904,41.696336],[41.749119,41.696236],[41.749245,41.696133],[41.749323,41.696074],[41.749437,41.696076],[41.749534,41.696141],[41.749546,41.696266],[41.749546,41.696371],[41.749486,41.696485],[41.749484,41.696553],[41.749511,41.696609],[41.749598,41.696717],[41.749621,41.696836],[41.749607,41.69697],[41.749559,41.697109],[41.749542,41.697215],[41.749601,41.697252],[41.749738,41.697251],[41.749867,41.697205],[41.749971,41.697105],[41.750099,41.697036],[41.750259,41.69704],[41.750365,41.697099],[41.7504,41.697228],[41.750376,41.697331],[41.750275,41.697429],[41.750115,41.697512],[41.749982,41.697627],[41.749928,41.697768],[41.749921,41.697888],[41.749911,41.6981],[41.749892,41.698232],[41.749911,41.698417],[41.749946,41.698665],[41.749915,41.698886],[41.749913,41.699053],[41.749986,41.69912],[41.750101,41.699158],[41.75034,41.699177],[41.750836,41.699158],[41.750969,41.699161],[41.751053,41.699198],[41.751057,41.699277],[41.750999,41.699413],[41.750813,41.699665],[41.75064,41.699907],[41.750574,41.700045],[41.750586,41.700151],[41.750663,41.700223],[41.750786,41.700259],[41.750944,41.700253],[41.751103,41.700294],[41.751248,41.700439],[41.751278,41.700555],[41.751234,41.700655],[41.751161,41.700753],[41.750986,41.700884],[41.750847,41.701075],[41.750786,41.70121],[41.75078,41.70129],[41.750834,41.701378],[41.750959,41.70151],[41.751036,41.701589],[41.751076,41.70163],[41.751149,41.70167],[41.751257,41.701731],[41.751448,41.701795],[41.751544,41.701864],[41.751573,41.701936],[41.751584,41.702084],[41.751638,41.702192],[41.75174,41.702364],[41.75179,41.702483],[41.75184,41.702643],[41.751955,41.702808],[41.75208,41.702977],[41.752192,41.703101],[41.752299,41.703178],[41.752507,41.70326],[41.752663,41.703368],[41.75273,41.703428],[41.752819,41.703457],[41.752996,41.703488],[41.753259,41.703554],[41.753461,41.70363],[41.753588,41.703707],[41.753625,41.703801],[41.753638,41.703892],[41.753599,41.704034],[41.753544,41.70416],[41.753526,41.704231],[41.753557,41.704297],[41.753698,41.704373],[41.753796,41.704486],[41.753876,41.704663],[41.753921,41.704768],[41.753946,41.704908],[41.754067,41.705093],[41.754134,41.705201],[41.754165,41.70529],[41.754246,41.705415],[41.754309,41.70556],[41.754331,41.705652],[41.754283,41.705766],[41.75418,41.70583],[41.753955,41.705916],[41.753802,41.705962],[41.753655,41.70595],[41.753515,41.70596],[41.753443,41.706032],[41.753472,41.706118],[41.753612,41.70618],[41.75366,41.706244],[41.753601,41.706328],[41.753483,41.706347],[41.753371,41.706473],[41.753306,41.706623],[41.753258,41.706751],[41.75314,41.706929],[41.753113,41.707099],[41.753153,41.707208],[41.753236,41.707274],[41.75332,41.707384],[41.75329,41.7075],[41.753228,41.7076],[41.753097,41.707636],[41.752968,41.707598],[41.752901,41.707532],[41.752904,41.707446],[41.752823,41.707412],[41.752716,41.70748],[41.752617,41.707592],[41.752566,41.707736],[41.752542,41.70791],[41.752558,41.708093],[41.752606,41.708269],[41.75263,41.708389],[41.752544,41.708507],[41.752341,41.708627],[41.752131,41.708685],[41.752021,41.708793],[41.751933,41.708918],[41.751823,41.709036],[41.751688,41.709164],[41.751544,41.709407],[41.751382,41.709668],[41.751122,41.70994],[41.750863,41.710062],[41.750552,41.710179],[41.750237,41.710295],[41.749972,41.710387],[41.749733,41.710516],[41.74957,41.710729],[41.749388,41.710974],[41.749304,41.711318],[41.749308,41.711517],[41.749327,41.711756],[41.749399,41.712025],[41.749487,41.712336],[41.749603,41.712575],[41.749832,41.712818],[41.749978,41.712908],[41.750204,41.713001],[41.750375,41.71304],[41.750392,41.713079],[41.750378,41.713209],[41.750463,41.713256],[41.750899,41.713514]]}},{"type":"Feature","properties":{"kind":"river","name":""},"geometry":{"type":"LineString","coordinates":[[41.753946,41.704908],[41.753917,41.704967],[41.753942,41.705075],[41.754026,41.705195],[41.754103,41.705266],[41.754165,41.70529]]}},{"type":"Feature","properties":{"kind":"river","name":""},"geometry":{"type":"LineString","coordinates":[[41.75078,41.70129],[41.750748,41.701362],[41.750751,41.701467],[41.750817,41.701579],[41.750896,41.70163],[41.750996,41.701637],[41.751076,41.70163]]}},{"type":"Feature","properties":{"kind":"river","name":""},"geometry":{"type":"LineString","coordinates":[[41.751161,41.700753],[41.751123,41.700878],[41.751067,41.700983],[41.751026,41.701059],[41.751005,41.701172]]}},{"type":"Feature","properties":{"kind":"stream","name":""},"geometry":{"type":"LineString","coordinates":[[41.751005,41.701172],[41.750988,41.70123],[41.750986,41.701317],[41.750949,41.701373],[41.750946,41.701425],[41.751001,41.701468],[41.751034,41.701494],[41.751024,41.701533],[41.751036,41.701589]]}},{"type":"Feature","properties":{"kind":"stream","name":""},"geometry":{"type":"LineString","coordinates":[[41.751005,41.701172],[41.751023,41.701228],[41.751078,41.70132],[41.751163,41.701438],[41.751186,41.701508],[41.751151,41.701607],[41.751149,41.70167]]}},{"type":"Feature","properties":{"kind":"stream","name":""},"geometry":{"type":"LineString","coordinates":[[41.746797,41.695306],[41.746941,41.69532],[41.747161,41.695349],[41.747314,41.695404],[41.747448,41.695493]]}},{"type":"Feature","properties":{"kind":"river","name":""},"geometry":{"type":"LineString","coordinates":[[41.745345,41.694028],[41.745422,41.694042],[41.745522,41.694103],[41.745588,41.694175]]}},{"type":"Feature","properties":{"kind":"stream","name":""},"geometry":{"type":"LineString","coordinates":[[41.744126,41.692557],[41.744112,41.692678],[41.744111,41.692838]]}},{"type":"Feature","properties":{"kind":"river","name":""},"geometry":{"type":"LineString","coordinates":[[41.744938,41.690183],[41.744811,41.690221],[41.744779,41.690242],[41.744723,41.690278],[41.74467,41.690343],[41.744666,41.690404],[41.744682,41.690458]]}},{"type":"Feature","properties":{"kind":"stream","name":""},"geometry":{"type":"LineString","coordinates":[[41.734137,41.682218],[41.734228,41.682211],[41.734561,41.681999],[41.734824,41.681911],[41.735269,41.681598],[41.736,41.681413],[41.7364,41.681347],[41.736483,41.681333],[41.736665,41.681424],[41.736802,41.681552],[41.73704,41.681712],[41.737266,41.681784],[41.737349,41.681934],[41.737545,41.68204],[41.737861,41.682127],[41.738304,41.682271],[41.738636,41.682433],[41.738843,41.682565],[41.739025,41.682589],[41.739334,41.682561]]}},{"type":"Feature","properties":{"kind":"stream","name":""},"geometry":{"type":"LineString","coordinates":[[41.747773,41.681007],[41.747767,41.681011],[41.747492,41.681153],[41.747449,41.68131],[41.747372,41.681528],[41.747183,41.681701],[41.746818,41.681961],[41.746633,41.682151],[41.746521,41.682478],[41.746439,41.682709],[41.74619,41.682841],[41.745842,41.682895],[41.745773,41.682979],[41.745778,41.683184],[41.745885,41.683258],[41.746001,41.683418],[41.746078,41.683669],[41.746121,41.68389],[41.746155,41.684022],[41.746121,41.684086],[41.746031,41.684205],[41.745868,41.68424],[41.745748,41.684278],[41.745662,41.684468],[41.745593,41.684673],[41.74543,41.684712],[41.745189,41.684644],[41.744927,41.684628],[41.744871,41.684689],[41.744871,41.68483],[41.744987,41.684953],[41.745266,41.685161],[41.745451,41.685248],[41.74549,41.685376],[41.745412,41.685476],[41.745288,41.685543],[41.74521,41.685646],[41.745124,41.685729],[41.745021,41.685742],[41.744884,41.685739],[41.744742,41.685742],[41.744678,41.685777],[41.744673,41.685851],[41.744708,41.685912],[41.744725,41.685986],[41.744772,41.686031],[41.74488,41.686089],[41.744929,41.686148],[41.744925,41.68627],[41.7449,41.686409],[41.744921,41.686539],[41.744957,41.686671]]}},{"type":"Feature","properties":{"kind":"stream","name":""},"geometry":{"type":"LineString","coordinates":[[41.784789,41.712566],[41.784759,41.712289],[41.784829,41.712056],[41.784873,41.711906],[41.785013,41.711806],[41.785154,41.711714],[41.785234,41.711624],[41.785234,41.711549],[41.78507,41.711446],[41.78492,41.711296],[41.784873,41.711136],[41.784913,41.710979],[41.785033,41.710649],[41.785174,41.710232],[41.785288,41.710059],[41.785331,41.709899],[41.785291,41.709767],[41.785184,41.709454],[41.785174,41.709294],[41.785191,41.709149],[41.785204,41.709059],[41.785157,41.709024],[41.785074,41.708982],[41.784943,41.708944],[41.784802,41.708862],[41.784745,41.708817]]}},{"type":"Feature","properties":{"kind":"stream","name":""},"geometry":{"type":"LineString","coordinates":[[41.784745,41.708817],[41.784662,41.708732]]}},{"type":"Feature","properties":{"kind":"stream","name":""},"geometry":{"type":"LineString","coordinates":[[41.784662,41.708732],[41.784588,41.708652],[41.784531,41.708577],[41.784451,41.708534],[41.784317,41.708469],[41.784243,41.708372],[41.784166,41.708327],[41.784056,41.708307],[41.783972,41.708262],[41.783859,41.708156]]}},{"type":"Feature","properties":{"kind":"river","name":"ყოროლისწყალი"},"geometry":{"type":"LineString","coordinates":[[41.774408,41.623507],[41.774739,41.623553],[41.774863,41.623733],[41.774856,41.623939],[41.774759,41.624166],[41.774697,41.624372],[41.774512,41.624629],[41.774085,41.624984],[41.773775,41.625226],[41.773465,41.625355],[41.773294,41.625544],[41.773155,41.625643],[41.772932,41.625853],[41.772354,41.626218],[41.772195,41.626565],[41.772172,41.626887],[41.772331,41.627184],[41.772535,41.627676],[41.772603,41.628074],[41.772354,41.628379],[41.771877,41.628684],[41.771628,41.628947],[41.771548,41.629328],[41.771548,41.629778],[41.771526,41.6301],[41.771174,41.630354],[41.770562,41.630566],[41.770188,41.630863],[41.770108,41.631219],[41.769949,41.631465],[41.769598,41.631727],[41.769439,41.632253],[41.769348,41.632795],[41.769258,41.633219],[41.769167,41.633431],[41.768815,41.633558],[41.768214,41.633677],[41.767556,41.633923],[41.767046,41.634135],[41.76657,41.634499],[41.766196,41.634804],[41.76598,41.635118],[41.765667,41.635362],[41.765193,41.635289],[41.764908,41.635241],[41.764621,41.635232],[41.764347,41.635284],[41.764122,41.63539],[41.763939,41.635485],[41.763815,41.635629],[41.763659,41.635689],[41.763468,41.635719],[41.763222,41.635629],[41.762974,41.635525],[41.762814,41.635522],[41.7626,41.635571],[41.762222,41.635565],[41.761752,41.635586],[41.761409,41.635556],[41.761081,41.635612],[41.760706,41.635678],[41.760482,41.635691],[41.760041,41.635705],[41.759696,41.635694],[41.759321,41.635761],[41.759015,41.635845],[41.758608,41.635926],[41.758232,41.635942],[41.757928,41.635905],[41.757633,41.635901],[41.757469,41.635951],[41.757288,41.636088],[41.757013,41.636195],[41.756629,41.636206],[41.756417,41.636255],[41.756113,41.636271],[41.755651,41.636378],[41.755363,41.636437],[41.755173,41.636426],[41.754913,41.636305],[41.754626,41.636183],[41.754372,41.636107],[41.754179,41.635919],[41.754006,41.635685],[41.753834,41.63564],[41.753704,41.63567],[41.753628,41.635773],[41.75366,41.635947],[41.753803,41.636223],[41.753918,41.636488],[41.753871,41.636735],[41.753694,41.63692],[41.753362,41.637056],[41.753,41.63711],[41.752635,41.637057],[41.75218,41.636884],[41.75174,41.636608],[41.751467,41.636267],[41.75123,41.636001],[41.750973,41.635855],[41.750497,41.635869],[41.750051,41.635944],[41.749555,41.635799],[41.749097,41.635585],[41.748669,41.635481],[41.748297,41.635543],[41.747826,41.63575],[41.747247,41.63609],[41.746724,41.636471],[41.746369,41.636721],[41.745914,41.636898],[41.74558,41.636885],[41.745225,41.63662],[41.744776,41.636312],[41.744413,41.636231],[41.744089,41.636345],[41.743177,41.63658],[41.742666,41.636779],[41.742146,41.636888],[41.741588,41.637088],[41.741126,41.637385],[41.740599,41.637677],[41.739959,41.63807],[41.739294,41.638381],[41.738648,41.638768],[41.738103,41.639053],[41.737456,41.639199],[41.736707,41.639225],[41.735576,41.639166],[41.734734,41.639253],[41.734328,41.639428],[41.733812,41.63979],[41.733442,41.640295],[41.733054,41.640819],[41.732511,41.641523],[41.732359,41.641629],[41.732153,41.641709],[41.731571,41.641632],[41.730882,41.641435],[41.73027,41.641432],[41.729739,41.641723],[41.729316,41.642015],[41.72905,41.642197],[41.728344,41.642598],[41.727872,41.642702],[41.727302,41.642777],[41.726732,41.643062],[41.726132,41.643627],[41.725912,41.644308],[41.725806,41.644626],[41.725412,41.645005],[41.724709,41.645282],[41.72354,41.645569],[41.722802,41.645613],[41.721745,41.646015],[41.721665,41.646132],[41.721348,41.646234],[41.720436,41.646294],[41.719838,41.646138],[41.719017,41.646223],[41.718555,41.646341],[41.718422,41.646589],[41.718328,41.646787],[41.718003,41.647096],[41.717502,41.647436],[41.71678,41.647847],[41.716017,41.648251],[41.715834,41.648624],[41.715471,41.648842],[41.715081,41.648963],[41.714336,41.649174],[41.713437,41.649338],[41.712486,41.649464],[41.711895,41.649628],[41.711255,41.649886],[41.710802,41.650255],[41.710441,41.650534],[41.710006,41.65067],[41.709589,41.650874],[41.70908,41.650974],[41.708275,41.650942],[41.707819,41.650709],[41.70739,41.650673],[41.707032,41.650738],[41.706758,41.650801],[41.706135,41.650773],[41.705357,41.651146],[41.704547,41.651094],[41.704332,41.650962],[41.703549,41.65107],[41.702954,41.651551],[41.701514,41.651729],[41.699487,41.651867],[41.698796,41.651775],[41.698108,41.651697],[41.697509,41.65186],[41.697171,41.652165],[41.696943,41.65259],[41.696396,41.652815],[41.695744,41.652974],[41.694982,41.653269],[41.694438,41.653925],[41.694064,41.654315],[41.693296,41.654799],[41.692846,41.655063],[41.692335,41.655541],[41.692099,41.655849],[41.691818,41.656201],[41.690935,41.656687],[41.690217,41.657083],[41.689268,41.65799],[41.688878,41.658354],[41.688779,41.658775],[41.688506,41.659038],[41.688139,41.659268],[41.687676,41.659431],[41.687159,41.659788],[41.6868,41.660239],[41.68673,41.660492],[41.686697,41.660671],[41.686558,41.661106],[41.686271,41.661382],[41.685833,41.661705],[41.685556,41.662033],[41.685394,41.662278],[41.685206,41.662495],[41.684989,41.662784],[41.684754,41.66307],[41.684416,41.663415],[41.684199,41.663621],[41.683999,41.663854],[41.68366,41.664485],[41.683346,41.664991],[41.683195,41.665242],[41.682994,41.665452],[41.682692,41.665743],[41.682181,41.66618],[41.6818,41.666388]]}},{"type":"Feature","properties":{"kind":"stream","name":"ცხენისწყალი"},"geometry":{"type":"LineString","coordinates":[[41.79855,41.648096],[41.797713,41.64808],[41.79694,41.648208],[41.795481,41.648144],[41.794258,41.647967],[41.793865,41.647831],[41.793014,41.647534],[41.792048,41.647262],[41.791147,41.646717],[41.790049,41.646056],[41.788958,41.646156],[41.78808,41.646152],[41.78735,41.64607],[41.787023,41.645985],[41.786897,41.645712],[41.786555,41.645674],[41.786198,41.64568],[41.786079,41.645587],[41.786031,41.645477],[41.785935,41.645356],[41.785433,41.645325],[41.785058,41.645345],[41.784675,41.645465],[41.783895,41.645677],[41.783382,41.645895],[41.7825,41.646172],[41.780954,41.646252],[41.779324,41.646316],[41.778594,41.646444],[41.777564,41.646444],[41.776019,41.646364],[41.774303,41.646156],[41.773359,41.645594],[41.772929,41.644953],[41.772393,41.644504],[41.772243,41.643574],[41.772135,41.643013],[41.772007,41.642628],[41.772221,41.642163],[41.772028,41.641457],[41.771728,41.641024],[41.771535,41.640543],[41.771642,41.640094],[41.771384,41.639709],[41.771084,41.639357],[41.771256,41.638988],[41.771127,41.638731],[41.77044,41.638651],[41.769775,41.638603],[41.769196,41.63825],[41.768874,41.637849],[41.768659,41.63732],[41.768144,41.637095],[41.767329,41.63663],[41.766406,41.636277],[41.765999,41.635925],[41.765667,41.635362]]}},{"type":"Feature","properties":{"kind":"stream","name":"ნამწვავისწყალი"},"geometry":{"type":"LineString","coordinates":[[41.799746,41.627368],[41.799473,41.627352],[41.799047,41.62724],[41.798741,41.627086],[41.798282,41.626862],[41.797793,41.626722],[41.797418,41.626577],[41.797143,41.626382],[41.796781,41.626031],[41.796641,41.625866],[41.796427,41.625791],[41.796212,41.625721],[41.796105,41.625581],[41.795817,41.625466],[41.795603,41.625361],[41.795516,41.625195],[41.795476,41.62502],[41.795342,41.62487],[41.795027,41.62478],[41.794692,41.62463],[41.794491,41.62449],[41.794063,41.62437],[41.793734,41.624229],[41.793326,41.624179],[41.793118,41.624064],[41.793038,41.623859],[41.792911,41.623704]]}},{"type":"Feature","properties":{"kind":"river","name":"ნამწვავისწყალი"},"geometry":{"type":"LineString","coordinates":[[41.792911,41.623704],[41.792777,41.62371],[41.792569,41.623819],[41.792295,41.623814],[41.792114,41.623904],[41.792007,41.624089],[41.791967,41.624355],[41.791886,41.624495],[41.791638,41.62464],[41.791237,41.62483],[41.791002,41.624945],[41.790694,41.624945],[41.790333,41.62498],[41.789938,41.62509],[41.789643,41.62514],[41.789201,41.625236],[41.78888,41.625361],[41.788304,41.625411],[41.787976,41.625486],[41.787701,41.625461],[41.787366,41.625476],[41.787058,41.625401],[41.78669,41.625376],[41.786348,41.625476],[41.78608,41.625661],[41.785759,41.625816],[41.785424,41.625816],[41.784922,41.625661],[41.784647,41.625671],[41.78444,41.625781],[41.784065,41.625861],[41.783757,41.625751],[41.783656,41.625591],[41.783737,41.625371],[41.783757,41.625256],[41.783542,41.62517],[41.783268,41.62515],[41.782826,41.625245],[41.782471,41.625276],[41.782357,41.62515],[41.782002,41.625236],[41.781332,41.625336],[41.780737,41.625646],[41.780381,41.625801],[41.779993,41.626101],[41.779511,41.626382],[41.779196,41.626472],[41.778861,41.626437],[41.77858,41.626517],[41.778199,41.626737],[41.777683,41.626837],[41.777214,41.626842],[41.776919,41.626742],[41.776665,41.626537],[41.776457,41.626297],[41.776263,41.626096],[41.775727,41.625981],[41.775326,41.625851],[41.775064,41.625711],[41.77485,41.625551],[41.774529,41.625526],[41.774167,41.625521],[41.773859,41.625541],[41.773551,41.625526],[41.773294,41.625544]]}},{"type":"Feature","properties":{"kind":"stream","name":""},"geometry":{"type":"LineString","coordinates":[[41.799787,41.620627],[41.799519,41.620482],[41.799261,41.620651],[41.798757,41.620699],[41.798468,41.620795],[41.798189,41.621132],[41.797781,41.621212],[41.797223,41.621308],[41.796708,41.621485],[41.796311,41.621749],[41.795763,41.622011],[41.795492,41.622106],[41.795282,41.622109],[41.795146,41.62205],[41.794983,41.622043],[41.794866,41.622127],[41.794595,41.622172],[41.794296,41.622287],[41.794198,41.622434],[41.794095,41.622552],[41.793937,41.622723],[41.793778,41.622839],[41.793546,41.622937],[41.793363,41.623074],[41.793233,41.623307],[41.792984,41.623446],[41.792853,41.623572],[41.792777,41.62371]]}},{"type":"Feature","properties":{"kind":"stream","name":""},"geometry":{"type":"LineString","coordinates":[[41.645002,41.487591],[41.645817,41.487526],[41.646654,41.487269],[41.647405,41.487398],[41.648135,41.487735],[41.648585,41.488185],[41.649186,41.48841],[41.649873,41.488362],[41.650752,41.488025],[41.651503,41.488121],[41.652254,41.488603],[41.652383,41.489005],[41.652812,41.489214],[41.653327,41.489407],[41.653585,41.489921],[41.654035,41.490243],[41.654486,41.4905],[41.654786,41.490741],[41.65543,41.490854],[41.656331,41.490757],[41.657555,41.490789],[41.658649,41.49095],[41.659421,41.490918],[41.659829,41.491175],[41.660194,41.491207],[41.660687,41.490918],[41.661567,41.49058],[41.66234,41.490854],[41.662876,41.490886],[41.663627,41.49103],[41.66455,41.4914],[41.665065,41.492091],[41.665408,41.492461],[41.665494,41.492895],[41.665773,41.493313],[41.666116,41.493473],[41.666545,41.493522],[41.667704,41.494213],[41.668498,41.494711],[41.669034,41.495225],[41.669421,41.496045],[41.669936,41.496608],[41.669936,41.497057],[41.669871,41.497861],[41.670215,41.498263],[41.67103,41.498407],[41.671867,41.498166],[41.672232,41.497507],[41.672575,41.496704],[41.673133,41.496415],[41.673948,41.496077],[41.67427,41.495659],[41.674656,41.49537],[41.675321,41.495466],[41.676158,41.495965],[41.676974,41.496527],[41.677617,41.497186],[41.678454,41.497556],[41.679677,41.497684],[41.680536,41.497556],[41.681179,41.49725],[41.681909,41.497122],[41.682939,41.497475],[41.683626,41.49762],[41.684076,41.497957],[41.68472,41.497909],[41.685943,41.498199],[41.686715,41.498665],[41.687424,41.49934],[41.687981,41.499709],[41.688647,41.499693],[41.689484,41.499372],[41.69032,41.49942],[41.6909,41.499565],[41.691629,41.499677],[41.692402,41.499693],[41.693281,41.499693],[41.69388,41.499856],[41.694172,41.499972],[41.694572,41.500133],[41.694895,41.500098],[41.695479,41.499845],[41.695895,41.499833],[41.696264,41.499879],[41.696772,41.499845],[41.697372,41.499856],[41.69808,41.499799],[41.69891,41.499845],[41.700249,41.499926],[41.701157,41.500041],[41.702095,41.500156],[41.702833,41.500156],[41.703356,41.50011],[41.703972,41.500041],[41.704726,41.499891],[41.705203,41.499799],[41.705726,41.499914],[41.706403,41.500098],[41.706695,41.50049],[41.707172,41.501009],[41.707941,41.501297],[41.708633,41.501446],[41.709341,41.501665],[41.709772,41.501988],[41.709941,41.502345],[41.710156,41.502576],[41.710603,41.502656],[41.71108,41.502495],[41.711572,41.502149],[41.71208,41.501769],[41.712587,41.501435],[41.713018,41.501239],[41.713519,41.501037]]}},{"type":"Feature","properties":{"kind":"river","name":"მაჭახლისწყალი"},"geometry":{"type":"LineString","coordinates":[[41.799712,41.516655],[41.79945,41.51678],[41.799182,41.516897],[41.798908,41.517007],[41.798629,41.517108],[41.798345,41.517202],[41.798242,41.517233],[41.798136,41.517257],[41.798027,41.517273],[41.797916,41.51728],[41.797805,41.51728],[41.797695,41.517271],[41.797618,41.51726],[41.797543,41.517245],[41.797393,41.517212],[41.797247,41.517173],[41.797122,41.517133],[41.796993,41.517101],[41.79686,41.517079],[41.796726,41.517065],[41.79659,41.517061],[41.796454,41.517065],[41.79632,41.517079],[41.796187,41.517101],[41.796063,41.517131],[41.795943,41.517168],[41.795703,41.517244],[41.795468,41.517327],[41.795306,41.51739],[41.795148,41.51746],[41.794996,41.517536],[41.794849,41.517618],[41.794709,41.517706],[41.794575,41.517799],[41.79447,41.51788],[41.79437,41.517964],[41.794275,41.518052],[41.793965,41.518298],[41.793854,41.518383],[41.793751,41.518473],[41.793655,41.518567],[41.793568,41.518666],[41.793489,41.518768],[41.793419,41.518874],[41.793357,41.518983],[41.793306,41.519095],[41.793263,41.519208],[41.793158,41.51943],[41.79313,41.519483],[41.793092,41.519534],[41.793045,41.519579],[41.792989,41.519619],[41.792927,41.519652],[41.792858,41.519678],[41.792786,41.519696],[41.792727,41.519704],[41.792667,41.519708],[41.792548,41.519713],[41.792428,41.519711],[41.792293,41.5197],[41.792158,41.519683],[41.792026,41.519659],[41.791896,41.519628],[41.791769,41.519591],[41.791646,41.519547],[41.791516,41.519493],[41.791392,41.519431],[41.791275,41.519363],[41.791164,41.519288],[41.791061,41.519208],[41.790966,41.519121],[41.790858,41.51904],[41.790756,41.518953],[41.790661,41.518862],[41.790574,41.518767],[41.790494,41.518668],[41.790423,41.518565],[41.790352,41.518445],[41.79027,41.518328],[41.790176,41.518216],[41.790072,41.51811],[41.789959,41.518009],[41.789836,41.517915],[41.789764,41.517865],[41.78969,41.517818],[41.789537,41.517729],[41.789376,41.517647],[41.789209,41.517573],[41.789103,41.517531],[41.788991,41.517496],[41.788876,41.517469],[41.788758,41.51745],[41.788638,41.51744],[41.788517,41.517437],[41.788397,41.517443],[41.78828,41.517456],[41.788166,41.517478],[41.788055,41.517509],[41.78795,41.517547],[41.787849,41.517594],[41.787756,41.517648],[41.787694,41.51769],[41.787624,41.517725],[41.787548,41.517752],[41.787468,41.51777],[41.787385,41.51778],[41.787301,41.51778],[41.78725,41.517776],[41.787199,41.517768],[41.787096,41.517764],[41.786993,41.517768],[41.786891,41.517781],[41.786826,41.517794],[41.786763,41.51781],[41.786639,41.517847],[41.78652,41.517893],[41.786408,41.517948],[41.786302,41.518009],[41.786205,41.518078],[41.786143,41.51813],[41.786085,41.518185],[41.785971,41.518297],[41.785863,41.518412],[41.785775,41.518516],[41.785692,41.518622],[41.78551,41.518828],[41.785317,41.519029],[41.785115,41.519224],[41.784912,41.519405],[41.784701,41.51958],[41.784482,41.519749],[41.784418,41.519778],[41.784349,41.519799],[41.784276,41.519812],[41.784202,41.519815],[41.784127,41.519809],[41.784056,41.519794],[41.78401,41.51978],[41.783967,41.519762],[41.783881,41.519725],[41.783798,41.519684],[41.783725,41.519643],[41.783655,41.519598],[41.78352,41.519506],[41.783392,41.519408],[41.783272,41.519304],[41.783161,41.519195],[41.783097,41.519125],[41.783037,41.519054],[41.782902,41.518918],[41.782759,41.518788],[41.782607,41.518663],[41.782469,41.51856],[41.782325,41.518462],[41.782151,41.51833],[41.781984,41.518193],[41.781823,41.518052],[41.78167,41.517907],[41.781577,41.517812],[41.781473,41.517724],[41.781361,41.517643],[41.78124,41.517569],[41.781112,41.517502],[41.780976,41.517444],[41.780898,41.517415],[41.780825,41.517378],[41.780759,41.517334],[41.780701,41.517285],[41.780653,41.51723],[41.780614,41.517172],[41.780589,41.517117],[41.780573,41.517062],[41.780521,41.516954],[41.780461,41.516849],[41.780392,41.516748],[41.780334,41.516674],[41.780269,41.516605],[41.780195,41.51654],[41.780114,41.51648],[41.780027,41.516426],[41.779934,41.516377],[41.779835,41.516335],[41.779762,41.516309],[41.779688,41.516286],[41.779544,41.516231],[41.779405,41.51617],[41.779272,41.516103],[41.779143,41.51603],[41.779021,41.515951],[41.778943,41.515896],[41.778868,41.515839],[41.778708,41.515733],[41.77854,41.515633],[41.778366,41.51554],[41.778185,41.515453],[41.778053,41.515396],[41.777917,41.515342],[41.777642,41.515239],[41.77758,41.515217],[41.777521,41.515189],[41.777468,41.515156],[41.777421,41.515117],[41.777381,41.515075],[41.777352,41.515035],[41.77733,41.514992],[41.777314,41.514948],[41.777276,41.514862],[41.777228,41.514779],[41.777172,41.514699],[41.777114,41.514631],[41.777049,41.514566],[41.776935,41.514429],[41.776831,41.514287],[41.776737,41.514142],[41.7767,41.514079],[41.776655,41.51402],[41.776602,41.513965],[41.776541,41.513914],[41.776474,41.513868],[41.776401,41.513827],[41.776329,41.513796],[41.776254,41.51377],[41.776176,41.513748],[41.776096,41.513733],[41.775694,41.513689],[41.775193,41.51364],[41.774692,41.513597],[41.774584,41.513571],[41.774479,41.513537],[41.77438,41.513495],[41.774287,41.513446],[41.774201,41.513391],[41.774151,41.513352],[41.774108,41.513309],[41.774072,41.513262],[41.774045,41.513212],[41.774027,41.51316],[41.774019,41.513106],[41.774019,41.513056],[41.774028,41.513006],[41.774029,41.512906],[41.774024,41.512805],[41.774016,41.512735],[41.773998,41.512666],[41.773969,41.512599],[41.773929,41.512535],[41.773881,41.512475],[41.773823,41.51242],[41.773772,41.51238],[41.773716,41.512343],[41.773601,41.512274],[41.773478,41.512213],[41.773348,41.51216],[41.773213,41.512115],[41.773131,41.512093],[41.773048,41.512075],[41.772881,41.512042],[41.772711,41.512018],[41.772539,41.512002],[41.772366,41.511994],[41.772194,41.511995],[41.772009,41.512005],[41.771826,41.512024],[41.771461,41.512062],[41.771097,41.512107],[41.770734,41.512161],[41.770525,41.512195],[41.770317,41.512232],[41.769902,41.512309],[41.769489,41.512391],[41.769219,41.512447],[41.768948,41.512496],[41.768674,41.512537],[41.768398,41.512571],[41.768121,41.512597],[41.767841,41.512616],[41.767562,41.512645],[41.767286,41.512683],[41.767012,41.51273],[41.766742,41.512787],[41.766525,41.51284],[41.766305,41.512885],[41.766082,41.512921],[41.765858,41.512949],[41.765631,41.512969],[41.765403,41.51298],[41.76519,41.512982],[41.764977,41.512978],[41.764764,41.512965],[41.76446,41.512948],[41.764158,41.512929],[41.763651,41.51289],[41.763398,41.512864],[41.763145,41.512842],[41.762789,41.512818],[41.762432,41.512801],[41.762253,41.512798],[41.762075,41.512791],[41.761837,41.512777],[41.7616,41.512757],[41.761364,41.51273],[41.761246,41.512717],[41.761129,41.512698],[41.761009,41.512673],[41.76089,41.512643],[41.760774,41.512608],[41.760719,41.512586],[41.760661,41.512568],[41.760583,41.512552],[41.760502,41.512543],[41.760421,41.512542],[41.76034,41.512549],[41.760261,41.512565],[41.760185,41.512587],[41.759855,41.512682],[41.759522,41.51277],[41.759186,41.512852],[41.75883,41.513051],[41.758467,41.513243],[41.758335,41.51331],[41.75821,41.513384],[41.758092,41.513465],[41.757983,41.513552],[41.757883,41.513645],[41.757794,41.51374],[41.757697,41.51383],[41.757592,41.513915],[41.757479,41.513994],[41.757359,41.514068],[41.757259,41.514122],[41.757153,41.51417],[41.757042,41.514211],[41.756927,41.514245],[41.756809,41.514273],[41.756688,41.514293],[41.756592,41.514303],[41.756495,41.514307],[41.756399,41.514304],[41.756303,41.514295],[41.756208,41.514279],[41.756116,41.514257],[41.756048,41.514237],[41.755982,41.514212],[41.755843,41.514175],[41.7557,41.514147],[41.755555,41.514129],[41.755408,41.514119],[41.755322,41.514117],[41.755237,41.514119],[41.755065,41.514125],[41.754894,41.514138],[41.754724,41.514157],[41.754646,41.514168],[41.754567,41.514172],[41.754487,41.51417],[41.754408,41.514162],[41.754331,41.514147],[41.75425,41.514124],[41.754173,41.514093],[41.754101,41.514056],[41.754036,41.514013],[41.753873,41.513918],[41.753717,41.513815],[41.753569,41.513707],[41.753429,41.513593],[41.753323,41.513497],[41.753223,41.513398],[41.753009,41.513209],[41.752787,41.513024],[41.752557,41.512845],[41.752325,41.512676],[41.752099,41.5125],[41.75188,41.51232],[41.751669,41.512135],[41.751546,41.512022],[41.751425,41.511907],[41.751175,41.511681],[41.750921,41.511459],[41.750698,41.51127],[41.750481,41.511077],[41.750271,41.510881],[41.750067,41.51068],[41.749907,41.510517],[41.749739,41.510358],[41.749562,41.510204],[41.74946,41.510123],[41.749376,41.510057],[41.749183,41.509915],[41.749083,41.509846],[41.748976,41.509784],[41.748862,41.509728],[41.748743,41.50968],[41.748618,41.509639],[41.74849,41.509606],[41.748421,41.509592],[41.748351,41.50958],[41.74821,41.509561],[41.748067,41.509551],[41.747923,41.509548],[41.74778,41.509552],[41.747671,41.509561],[41.747563,41.509578],[41.747458,41.509602],[41.747356,41.509633],[41.747259,41.509672],[41.747167,41.509717],[41.747081,41.509768],[41.747002,41.509826],[41.746944,41.509876],[41.746891,41.509929],[41.74677,41.510027],[41.746642,41.510119],[41.746506,41.510204],[41.746372,41.510278],[41.746233,41.510345],[41.746088,41.510407],[41.745664,41.510601],[41.745363,41.510732],[41.745067,41.510869],[41.744776,41.511012],[41.74449,41.51116],[41.744229,41.511303],[41.743975,41.511453],[41.743726,41.511608],[41.743484,41.511769],[41.74339,41.511834],[41.743305,41.511907],[41.743229,41.511985],[41.743164,41.512068],[41.74311,41.512155],[41.743073,41.512235],[41.743044,41.512317],[41.743025,41.5124],[41.742949,41.512647],[41.742882,41.512895],[41.742846,41.513048],[41.742813,41.513203],[41.742752,41.513512],[41.742744,41.513559],[41.742726,41.513604],[41.742698,41.513646],[41.742662,41.513684],[41.742619,41.513717],[41.742568,41.513745],[41.742516,41.513766],[41.74246,41.51378],[41.742401,41.513788],[41.742342,41.513789],[41.742283,41.513784],[41.742227,41.513771],[41.741992,41.51373],[41.741756,41.513695],[41.741518,41.513665],[41.74128,41.513642],[41.741074,41.513626],[41.740868,41.513617],[41.740661,41.513614],[41.740455,41.513618],[41.740248,41.513628],[41.740115,41.513638],[41.739981,41.51364],[41.739846,41.513635],[41.739713,41.513622],[41.739608,41.513606],[41.739504,41.513586],[41.739293,41.513556],[41.739081,41.513531],[41.738868,41.513512],[41.738724,41.513503],[41.738579,41.513496],[41.738346,41.513488],[41.738114,41.513474],[41.737882,41.513454],[41.737652,41.513427],[41.737425,41.513394],[41.7372,41.513356],[41.737088,41.51334],[41.736974,41.513334],[41.736859,41.513336],[41.736746,41.513347],[41.736635,41.513367],[41.736527,41.513395],[41.736443,41.513423],[41.736363,41.513457],[41.736286,41.513495],[41.736214,41.513538],[41.736061,41.513651],[41.735902,41.513758],[41.735737,41.513861],[41.735631,41.513922],[41.735523,41.51398],[41.735318,41.514107],[41.735121,41.514241],[41.734932,41.514382],[41.734822,41.514471],[41.734704,41.514554],[41.734578,41.514631],[41.734445,41.514701],[41.734346,41.514747],[41.734244,41.51479],[41.734049,41.514886],[41.733861,41.514988],[41.733715,41.515075],[41.733574,41.515166],[41.733438,41.515262],[41.733374,41.51531],[41.733303,41.515352],[41.733225,41.515387],[41.733142,41.515416],[41.733056,41.515436],[41.732994,41.515446],[41.732931,41.515452],[41.732808,41.515477],[41.732689,41.51551],[41.732575,41.515553],[41.732467,41.515603],[41.732407,41.515636],[41.732351,41.515671],[41.732228,41.515732],[41.732156,41.515764],[41.732079,41.51579],[41.731999,41.51581],[41.731917,41.515822],[41.73155,41.515874],[41.731183,41.515923],[41.730909,41.515989],[41.73054,41.516084],[41.730174,41.516184],[41.729809,41.516288],[41.729579,41.516356],[41.729346,41.516418],[41.72911,41.516473],[41.728871,41.516523],[41.72863,41.516565],[41.728504,41.516585],[41.728377,41.516597],[41.728248,41.516602],[41.728119,41.516599],[41.727991,41.516589],[41.727865,41.516572],[41.72774,41.516548],[41.727652,41.516526],[41.727566,41.516501],[41.727388,41.516461],[41.727208,41.516431],[41.727025,41.516408],[41.726912,41.516399],[41.726799,41.516392],[41.726572,41.516386],[41.726345,41.516389],[41.726118,41.516402],[41.725961,41.516417],[41.725806,41.516441],[41.725654,41.516473],[41.725506,41.516515],[41.725376,41.516559],[41.72525,41.516611],[41.724992,41.516702],[41.72473,41.516788],[41.724498,41.516859],[41.724263,41.516927],[41.723793,41.517061],[41.723321,41.51719],[41.723044,41.517263],[41.722763,41.517327],[41.722479,41.517383],[41.722192,41.517431],[41.722038,41.517452],[41.721882,41.517466],[41.721726,41.517471],[41.721569,41.517469],[41.721413,41.517458],[41.721258,41.51744],[41.72113,41.517418],[41.720999,41.517403],[41.720868,41.517395],[41.720736,41.517395],[41.720604,41.517403],[41.720474,41.517417],[41.720345,41.517439],[41.720233,41.517464],[41.720125,41.517496],[41.720021,41.517536],[41.719923,41.517583],[41.719831,41.517637],[41.719746,41.517697],[41.719687,41.517745],[41.719633,41.517796],[41.719584,41.51785],[41.719426,41.518005],[41.719181,41.518259],[41.718946,41.518517],[41.718722,41.518781],[41.718507,41.51905],[41.718303,41.519323],[41.718153,41.519536],[41.71801,41.519751]]}},{"type":"Feature","properties":{"kind":"stream","name":""},"geometry":{"type":"LineString","coordinates":[[41.769982,41.552706],[41.770206,41.552625],[41.770304,41.552471],[41.770281,41.552387],[41.770202,41.552286]]}},{"type":"Feature","properties":{"kind":"stream","name":""},"geometry":{"type":"LineString","coordinates":[[41.771249,41.556725],[41.77136,41.556539],[41.771408,41.556469],[41.771309,41.556323],[41.770982,41.556257]]}},{"type":"Feature","properties":{"kind":"stream","name":""},"geometry":{"type":"LineString","coordinates":[[41.707763,41.526912],[41.708403,41.526912],[41.70924,41.526961],[41.709866,41.526955],[41.710448,41.526917],[41.710797,41.526922],[41.711043,41.526962],[41.711166,41.527035],[41.711236,41.52711],[41.711465,41.527141],[41.711575,41.527114],[41.711606,41.526938],[41.711585,41.526793],[41.711648,41.526661],[41.711815,41.526575]]}},{"type":"Feature","properties":{"kind":"stream","name":""},"geometry":{"type":"LineString","coordinates":[[41.703086,41.523162],[41.704263,41.523516],[41.705062,41.523786],[41.705982,41.524037],[41.706498,41.524443],[41.707228,41.524835],[41.70807,41.525182],[41.708586,41.525376],[41.709257,41.525665],[41.709978,41.525987],[41.710572,41.526238],[41.71107,41.526308],[41.711577,41.526463],[41.711815,41.526575],[41.71221,41.526709],[41.712506,41.526736],[41.71274,41.526847],[41.7129,41.526949],[41.712938,41.527122],[41.712699,41.527268],[41.712403,41.527426],[41.712395,41.527575],[41.712288,41.527754],[41.712257,41.527912],[41.712147,41.528101],[41.712143,41.528256],[41.712333,41.528326],[41.712584,41.528419]]}},{"type":"Feature","properties":{"kind":"stream","name":""},"geometry":{"type":"LineString","coordinates":[[41.697023,41.521276],[41.697608,41.52219],[41.69831,41.523329],[41.699731,41.524505],[41.700367,41.525619],[41.7004,41.526558],[41.701019,41.527872],[41.701838,41.528749],[41.702005,41.529387],[41.702323,41.52975],[41.703025,41.529988],[41.703476,41.529963],[41.704128,41.530213],[41.704697,41.530413],[41.705315,41.530513],[41.7059,41.530676],[41.706586,41.530676],[41.707138,41.530551],[41.708174,41.530676],[41.709111,41.530589],[41.710298,41.530504],[41.710516,41.530357],[41.711379,41.530486],[41.71212,41.530513],[41.712822,41.530338],[41.713134,41.5303],[41.713185,41.530277]]}},{"type":"Feature","properties":{"kind":"stream","name":""},"geometry":{"type":"LineString","coordinates":[[41.694858,41.532686],[41.696319,41.532317],[41.69701,41.532125],[41.698274,41.532036],[41.699202,41.531578],[41.700169,41.531755],[41.70086,41.531711],[41.702045,41.531253],[41.703111,41.530632],[41.704128,41.530213]]}},{"type":"Feature","properties":{"kind":"stream","name":""},"geometry":{"type":"LineString","coordinates":[[41.685493,41.565417],[41.684914,41.565873],[41.684666,41.566243],[41.684084,41.566624],[41.683429,41.566744],[41.682832,41.567201],[41.682687,41.567582],[41.682891,41.567909],[41.682483,41.567942],[41.68209,41.567963],[41.681639,41.568094],[41.680926,41.56805],[41.680213,41.568116],[41.67947,41.568388],[41.678873,41.568758],[41.678117,41.568933],[41.677812,41.568904],[41.677447,41.568748],[41.676909,41.568791],[41.676399,41.568889],[41.675861,41.568878],[41.675319,41.56887],[41.674625,41.568475]]}},{"type":"Feature","properties":{"kind":"stream","name":""},"geometry":{"type":"LineString","coordinates":[[41.684084,41.566624],[41.68423,41.567016],[41.684142,41.567364],[41.683633,41.567659],[41.683211,41.567811],[41.682891,41.567909]]}},{"type":"Feature","properties":{"kind":"stream","name":""},"geometry":{"type":"LineString","coordinates":[[41.669945,41.561646],[41.669785,41.561866],[41.669661,41.562095],[41.669576,41.562372],[41.669446,41.562621],[41.669424,41.56282],[41.669443,41.562921],[41.669512,41.563069],[41.669554,41.563191],[41.669634,41.563302],[41.669796,41.563358],[41.670034,41.563387],[41.67029,41.563459],[41.67036,41.563488],[41.670607,41.563589],[41.670916,41.563758],[41.67112,41.563833],[41.671214,41.563853],[41.671459,41.563886],[41.671677,41.563905],[41.671892,41.563872],[41.672201,41.563857],[41.672493,41.563839],[41.672772,41.563855],[41.672984,41.563928],[41.673155,41.56408],[41.673296,41.564227],[41.67334,41.564363],[41.673365,41.564505],[41.67331,41.564606],[41.673227,41.56471],[41.67313,41.564755],[41.673097,41.564831],[41.673015,41.564908],[41.672753,41.565048],[41.67251,41.565143],[41.672311,41.56518],[41.672097,41.565206],[41.671893,41.565298],[41.671631,41.565471],[41.671554,41.565494],[41.671389,41.565626],[41.671281,41.565779],[41.671108,41.565957],[41.67092,41.566121],[41.670662,41.566248],[41.670397,41.566291],[41.670135,41.566282],[41.669916,41.566245],[41.669344,41.566102],[41.66912,41.566116],[41.668945,41.566015],[41.668908,41.565928],[41.668754,41.565716],[41.66867,41.56554],[41.668477,41.565353],[41.668169,41.565221],[41.667952,41.565164],[41.667668,41.565157],[41.667427,41.565157],[41.667227,41.565255],[41.667065,41.565281],[41.666856,41.565217],[41.666615,41.565008],[41.666379,41.564755],[41.666325,41.564615],[41.665995,41.56443],[41.665574,41.564322],[41.664995,41.564326],[41.664913,41.564319],[41.664802,41.56431],[41.66463,41.564262],[41.664415,41.564374],[41.664233,41.56447],[41.66397,41.564663],[41.66375,41.564687],[41.663407,41.564514],[41.663209,41.564478],[41.662962,41.564543],[41.662817,41.564583],[41.662704,41.564551],[41.662543,41.564422],[41.66227,41.56441],[41.661792,41.564466],[41.661363,41.564555],[41.661122,41.564555],[41.660805,41.564454],[41.66043,41.564406],[41.660076,41.564478],[41.659673,41.564635],[41.659394,41.564775],[41.65918,41.564932],[41.658938,41.565229],[41.658735,41.565574],[41.658656,41.565979],[41.658292,41.566447],[41.657727,41.567046],[41.65747,41.567362],[41.657156,41.567636],[41.656942,41.567859],[41.656749,41.568255],[41.656605,41.568707],[41.656412,41.569205],[41.65623,41.56955],[41.655908,41.569887],[41.654824,41.570858],[41.653033,41.572375],[41.652131,41.573186],[41.651809,41.573571],[41.651638,41.573925],[41.651638,41.574125],[41.651665,41.57488]]}},{"type":"Feature","properties":{"kind":"stream","name":""},"geometry":{"type":"LineString","coordinates":[[41.67334,41.564363],[41.673271,41.56441],[41.673205,41.564476],[41.673147,41.564584],[41.673108,41.564668],[41.67313,41.564755]]}},{"type":"Feature","properties":{"kind":"stream","name":""},"geometry":{"type":"LineString","coordinates":[[41.678097,41.566524],[41.678085,41.567473],[41.677824,41.568116],[41.677447,41.568748]]}},{"type":"Feature","properties":{"kind":"stream","name":""},"geometry":{"type":"LineString","coordinates":[[41.798984,41.529011],[41.798293,41.528647],[41.79777,41.5282],[41.796855,41.527515],[41.79622,41.527025],[41.796126,41.526648],[41.795827,41.526466],[41.795659,41.525962],[41.795211,41.525627],[41.794987,41.525333],[41.794426,41.524983],[41.79429,41.524893],[41.793773,41.52455],[41.793418,41.524298],[41.792969,41.523837],[41.79282,41.523361],[41.792484,41.522802],[41.792185,41.522368],[41.791979,41.521557],[41.792185,41.52069],[41.792954,41.519975]]}},{"type":"Feature","properties":{"kind":"stream","name":""},"geometry":{"type":"LineString","coordinates":[[41.792887,41.528174],[41.793014,41.527818],[41.79314,41.527285],[41.793568,41.526753],[41.793692,41.52662],[41.793931,41.526362],[41.793916,41.526054],[41.794074,41.525782],[41.793979,41.525533],[41.794169,41.525296],[41.794169,41.525071],[41.79429,41.524893]]}},{"type":"Feature","properties":{"kind":"stream","name":""},"geometry":{"type":"LineString","coordinates":[[41.798139,41.523555],[41.797316,41.52339],[41.796668,41.523472],[41.796381,41.523433],[41.79583,41.523354],[41.794786,41.523141],[41.793947,41.522975],[41.793239,41.5229],[41.792982,41.522892],[41.792571,41.522584],[41.792185,41.522368]]}},{"type":"Feature","properties":{"kind":"stream","name":""},"geometry":{"type":"LineString","coordinates":[[41.784768,41.587443],[41.785623,41.5876],[41.786062,41.587553],[41.787168,41.587724],[41.788149,41.587818],[41.788712,41.587802],[41.789819,41.588099],[41.790236,41.588224],[41.790758,41.588177],[41.791196,41.587974],[41.791989,41.588068],[41.792448,41.587958],[41.792824,41.588177],[41.79297,41.588536],[41.793129,41.588689],[41.793392,41.588764],[41.793474,41.588659],[41.793659,41.588505],[41.794097,41.588005],[41.793993,41.587646],[41.794181,41.58749],[41.794869,41.587116],[41.795161,41.586663],[41.795454,41.586163],[41.795913,41.585914],[41.796184,41.585383],[41.796455,41.584696],[41.796664,41.584274],[41.796852,41.584056],[41.797186,41.584087],[41.797415,41.583822],[41.797708,41.5834],[41.79873,41.583104],[41.799586,41.582948]]}},{"type":"Feature","properties":{"kind":"stream","name":""},"geometry":{"type":"LineString","coordinates":[[41.602032,41.631926],[41.602018,41.632094],[41.601987,41.632171],[41.601872,41.632272],[41.601839,41.632319]]}},{"type":"Feature","properties":{"kind":"stream","name":""},"geometry":{"type":"LineString","coordinates":[[41.605875,41.63598],[41.605819,41.636018],[41.605701,41.636082],[41.605589,41.636152]]}},{"type":"Feature","properties":{"kind":"stream","name":""},"geometry":{"type":"LineString","coordinates":[[41.742115,41.486996],[41.740878,41.487314],[41.739623,41.487248],[41.739093,41.487592],[41.737803,41.487513],[41.737238,41.487155],[41.736478,41.48693],[41.735276,41.486692],[41.734604,41.486454],[41.733579,41.48648],[41.731688,41.486904],[41.730186,41.487394],[41.729179,41.487513],[41.728048,41.487235],[41.726935,41.486811],[41.726245,41.486308],[41.725521,41.485871],[41.724814,41.485527],[41.724301,41.48513],[41.723807,41.485024],[41.723365,41.485183],[41.722658,41.485169],[41.721686,41.485196],[41.720997,41.485474],[41.720817,41.485443],[41.720537,41.485394],[41.72032,41.485045],[41.720238,41.485054]]}},{"type":"Feature","properties":{"kind":"stream","name":""},"geometry":{"type":"LineString","coordinates":[[41.745402,41.49061],[41.74436,41.490862],[41.743511,41.491153],[41.742451,41.491153],[41.741656,41.49118],[41.741161,41.491484],[41.740719,41.491603],[41.740295,41.492013],[41.739341,41.492212],[41.738563,41.492358],[41.738068,41.492623],[41.737308,41.492689],[41.73676,41.492927],[41.736142,41.493298],[41.735151,41.49357],[41.734286,41.493695],[41.733615,41.493311],[41.732413,41.492874],[41.732183,41.492759],[41.731724,41.49253],[41.731035,41.492477],[41.729992,41.492],[41.728631,41.49163],[41.727624,41.491391],[41.726705,41.490981],[41.725804,41.490544],[41.725485,41.490306],[41.725291,41.490028],[41.724743,41.489896],[41.723736,41.489816],[41.723223,41.489843],[41.723121,41.490064],[41.722948,41.490277],[41.722711,41.490293],[41.722446,41.4902],[41.722022,41.489988],[41.721138,41.48975],[41.720078,41.489452],[41.719883,41.489353]]}},{"type":"Feature","properties":{"kind":"stream","name":""},"geometry":{"type":"LineString","coordinates":[[41.740348,41.502536],[41.741797,41.503489],[41.742062,41.504125],[41.742698,41.504641],[41.743441,41.505091],[41.744147,41.50611],[41.745049,41.507155],[41.745508,41.50783],[41.746251,41.508651],[41.746694,41.509443],[41.747002,41.509826]]}},{"type":"Feature","properties":{"kind":"stream","name":""},"geometry":{"type":"LineString","coordinates":[[41.744554,41.495548],[41.745785,41.496877],[41.746766,41.497815],[41.746745,41.498644],[41.747038,41.501098],[41.748144,41.501613],[41.749417,41.502348],[41.750335,41.503036],[41.750523,41.503458]]}},{"type":"Feature","properties":{"kind":"stream","name":""},"geometry":{"type":"LineString","coordinates":[[41.738126,41.498753],[41.738702,41.499514],[41.738919,41.4998],[41.739879,41.500738],[41.740463,41.50116],[41.741361,41.501129],[41.743823,41.501035],[41.745138,41.500847],[41.74614,41.500832],[41.747038,41.501098]]}},{"type":"Feature","properties":{"kind":"stream","name":""},"geometry":{"type":"LineString","coordinates":[[41.78042,41.498842],[41.780085,41.499241],[41.779611,41.499537],[41.779275,41.499966],[41.779058,41.500409],[41.779393,41.501237],[41.779453,41.502021],[41.779137,41.502672],[41.778643,41.503441],[41.778011,41.503929],[41.777399,41.504668],[41.777123,41.505186],[41.776708,41.505452],[41.775819,41.505585],[41.775346,41.506043],[41.775504,41.506605],[41.775346,41.50696],[41.774714,41.507492],[41.774773,41.507921],[41.774734,41.508483],[41.7742,41.509104],[41.773825,41.509488],[41.773608,41.509976],[41.772917,41.51045],[41.772838,41.510775],[41.7727,41.511322],[41.772183,41.511518]]}},{"type":"Feature","properties":{"kind":"stream","name":""},"geometry":{"type":"LineString","coordinates":[[41.78275,41.50455],[41.782888,41.505452],[41.783224,41.506354],[41.783303,41.507049],[41.78352,41.507685],[41.7835,41.508202],[41.783658,41.508734],[41.783994,41.509074],[41.783955,41.509547],[41.7835,41.509976],[41.783263,41.510583],[41.783184,41.511041],[41.783125,41.51212],[41.78356,41.512697],[41.784053,41.513377],[41.783955,41.513998],[41.784468,41.514648],[41.784942,41.515062],[41.785238,41.516068],[41.785672,41.51629],[41.786146,41.516792],[41.787114,41.517354],[41.787624,41.517725]]}},{"type":"Feature","properties":{"kind":"stream","name":""},"geometry":{"type":"LineString","coordinates":[[41.797125,41.504653],[41.796967,41.505156],[41.797223,41.505511],[41.797548,41.505656],[41.797584,41.505845],[41.797356,41.506114],[41.797512,41.50641],[41.797668,41.506599],[41.797608,41.506904],[41.797704,41.507703],[41.797356,41.508026],[41.797009,41.508161],[41.796865,41.508466],[41.796949,41.508699],[41.797141,41.508951],[41.797596,41.509157],[41.797644,41.509552],[41.797848,41.509956],[41.798291,41.510369],[41.798723,41.511033],[41.798687,41.511473],[41.798351,41.511841],[41.79816,41.512281],[41.798316,41.512667],[41.798567,41.513125],[41.798614,41.513457],[41.798709,41.513663],[41.798691,41.514055],[41.798898,41.514332],[41.798863,41.51468],[41.798948,41.514979],[41.798868,41.515293],[41.798978,41.515487],[41.799065,41.515704],[41.79897,41.515853],[41.798898,41.515967],[41.799009,41.516165],[41.799428,41.51635],[41.799613,41.516488],[41.799712,41.516655]]}},{"type":"Feature","properties":{"kind":"stream","name":""},"geometry":{"type":"LineString","coordinates":[[41.784164,41.496598],[41.785368,41.497678],[41.786612,41.49852],[41.787205,41.498875],[41.787876,41.498994],[41.788844,41.499556],[41.789633,41.499837],[41.790779,41.500147],[41.791233,41.500487],[41.792378,41.500798],[41.792852,41.501626],[41.793069,41.502173],[41.793938,41.502513],[41.794708,41.503179],[41.794984,41.503637],[41.795794,41.503785],[41.796347,41.504229],[41.796682,41.504495],[41.797125,41.504653]]}},{"type":"Feature","properties":{"kind":"stream","name":""},"geometry":{"type":"LineString","coordinates":[[41.799644,41.503475],[41.799111,41.503948],[41.797998,41.504239],[41.797125,41.504653]]}},{"type":"Feature","properties":{"kind":"stream","name":""},"geometry":{"type":"LineString","coordinates":[[41.791173,41.484795],[41.791331,41.485565],[41.791805,41.485979],[41.792141,41.486748],[41.792872,41.487665],[41.793227,41.48839],[41.794254,41.488952],[41.794609,41.489528],[41.795359,41.490268],[41.796544,41.4908],[41.797077,41.491762],[41.797393,41.492723],[41.798124,41.493655],[41.798451,41.494378],[41.798538,41.494572],[41.799348,41.495237]]}},{"type":"Feature","properties":{"kind":"stream","name":""},"geometry":{"type":"LineString","coordinates":[[41.663498,41.540362],[41.663804,41.540847],[41.664544,41.541466],[41.665247,41.542136],[41.666079,41.542939],[41.666454,41.543501],[41.666653,41.543871],[41.666599,41.54414],[41.666433,41.544381],[41.66647,41.544585],[41.666824,41.544722],[41.667167,41.544838],[41.66757,41.545119],[41.667881,41.545396],[41.668128,41.545902],[41.668479,41.546396],[41.66859,41.546716],[41.668646,41.546997],[41.66865,41.547215],[41.668808,41.547454],[41.668722,41.547701],[41.668925,41.547942],[41.668855,41.548143],[41.668848,41.548272],[41.668851,41.548354],[41.668804,41.548539],[41.668773,41.548775],[41.668733,41.548983],[41.668697,41.549198],[41.668683,41.549346],[41.668727,41.549463],[41.668773,41.549645],[41.668729,41.549929],[41.668758,41.550226],[41.668546,41.550551],[41.668291,41.55085],[41.667951,41.551246],[41.667669,41.551491],[41.666904,41.551916],[41.666574,41.552118],[41.666136,41.552472],[41.665812,41.552715],[41.665548,41.552779],[41.665365,41.553068],[41.665365,41.553257],[41.665521,41.553405]]}},{"type":"Feature","properties":{"kind":"stream","name":""},"geometry":{"type":"LineString","coordinates":[[41.649689,41.589474],[41.649658,41.58989],[41.649599,41.590203],[41.649647,41.590723]]}},{"type":"Feature","properties":{"kind":"stream","name":""},"geometry":{"type":"LineString","coordinates":[[41.676169,41.588646],[41.675933,41.588638],[41.675571,41.588741],[41.675386,41.588662],[41.675241,41.588538],[41.675128,41.588406],[41.674949,41.588452],[41.674758,41.588498],[41.674493,41.588424],[41.674254,41.58836],[41.674082,41.588366],[41.673854,41.588305],[41.67361,41.588249],[41.673441,41.588209],[41.673331,41.588233],[41.67317,41.588466],[41.673079,41.58851],[41.672937,41.588506],[41.67269,41.58857],[41.672572,41.588598],[41.672283,41.588502],[41.672194,41.588542],[41.672127,41.588672],[41.672033,41.588698],[41.671886,41.588701],[41.671797,41.588662],[41.671776,41.588546],[41.671703,41.58853],[41.671582,41.58862],[41.671368,41.588725],[41.670974,41.588731],[41.670727,41.588841],[41.67073,41.588989],[41.670681,41.589044],[41.670429,41.589084],[41.669925,41.589172],[41.669828,41.589274],[41.669638,41.589354],[41.669362,41.589437],[41.669211,41.589435],[41.669077,41.589403],[41.668908,41.589449],[41.668724,41.58945]]}},{"type":"Feature","properties":{"kind":"stream","name":""},"geometry":{"type":"LineString","coordinates":[[41.676325,41.597176],[41.676083,41.597107],[41.675858,41.596971],[41.675713,41.596979],[41.675547,41.596811],[41.675096,41.596895],[41.674823,41.596915],[41.674581,41.596823],[41.67442,41.596839],[41.674275,41.596863],[41.674141,41.596771],[41.673921,41.596831],[41.67376,41.596863],[41.673669,41.59673],[41.673342,41.59667],[41.673079,41.596602],[41.672789,41.596582],[41.672747,41.596313],[41.672639,41.596209],[41.672425,41.596149],[41.672146,41.596141],[41.671867,41.596113],[41.671663,41.595984],[41.671609,41.595856],[41.671727,41.595712],[41.671861,41.595607],[41.671792,41.595479],[41.67155,41.595371],[41.671384,41.595322],[41.67118,41.595194],[41.6711,41.595082],[41.671202,41.595066],[41.671379,41.595098],[41.671545,41.595058],[41.67154,41.594917],[41.671475,41.594701],[41.671282,41.59458],[41.671164,41.59446],[41.671121,41.594267],[41.671255,41.594227],[41.671491,41.594275],[41.671641,41.594227],[41.671609,41.594087],[41.671411,41.59395],[41.67133,41.593918],[41.67125,41.593722],[41.671169,41.593625],[41.671143,41.593276],[41.67089,41.592935],[41.670917,41.592783],[41.671062,41.592711],[41.671261,41.592658],[41.671271,41.592546],[41.671196,41.592418],[41.670933,41.592221],[41.670751,41.592173],[41.670434,41.592149],[41.670349,41.592028],[41.670445,41.591772],[41.670397,41.59172],[41.670198,41.591788],[41.67,41.591808],[41.66985,41.591702],[41.669809,41.591631],[41.669855,41.591535],[41.670016,41.591338],[41.67015,41.59113],[41.670333,41.590949],[41.670338,41.590805],[41.670274,41.590761],[41.670032,41.590648],[41.669742,41.590725],[41.669506,41.59068],[41.669399,41.590588],[41.669533,41.590344],[41.669297,41.590135],[41.669131,41.590079],[41.669045,41.589978],[41.669088,41.589834],[41.669024,41.589742],[41.668761,41.589613],[41.668724,41.58945]]}},{"type":"Feature","properties":{"kind":"stream","name":""},"geometry":{"type":"LineString","coordinates":[[41.770964,41.481962],[41.769762,41.48312],[41.768732,41.485113],[41.768131,41.486527],[41.766329,41.488392],[41.766329,41.489806],[41.765556,41.491285],[41.763925,41.492314],[41.762466,41.492764],[41.761093,41.494757],[41.761908,41.497039],[41.760793,41.498325],[41.760305,41.499203],[41.760278,41.500446],[41.759928,41.501378],[41.759936,41.502349],[41.759505,41.504303],[41.759355,41.50542],[41.758953,41.506468],[41.758652,41.507539],[41.758381,41.50837],[41.757853,41.509557],[41.757488,41.510489],[41.757043,41.511451],[41.757106,41.51172]]}},{"type":"Feature","properties":{"kind":"stream","name":""},"geometry":{"type":"LineString","coordinates":[[41.603578,41.585188],[41.603071,41.585481],[41.602561,41.585701],[41.602103,41.586107],[41.601778,41.586644],[41.601555,41.586995],[41.601445,41.587252],[41.601351,41.587543],[41.601201,41.587643],[41.600678,41.58783],[41.600203,41.587886]]}},{"type":"Feature","properties":{"kind":"stream","name":""},"geometry":{"type":"LineString","coordinates":[[41.735996,41.701807],[41.736105,41.702115],[41.736136,41.702438],[41.736152,41.70274]]}},{"type":"Feature","properties":{"kind":"stream","name":""},"geometry":{"type":"LineString","coordinates":[[41.7359,41.70167],[41.735996,41.701807]]}},{"type":"Feature","properties":{"kind":"stream","name":""},"geometry":{"type":"LineString","coordinates":[[41.735914,41.706097],[41.735833,41.706311],[41.735726,41.7066],[41.73549,41.706607],[41.735447,41.706551],[41.735608,41.706367],[41.735565,41.706279],[41.7352,41.706607],[41.734921,41.707048],[41.734739,41.707128],[41.734589,41.707392],[41.734471,41.707801],[41.734331,41.707977],[41.734353,41.708089],[41.734374,41.708306],[41.734653,41.708346],[41.734449,41.708754],[41.73431,41.709267],[41.734192,41.709491],[41.734245,41.709755],[41.734439,41.709795],[41.73461,41.7101],[41.734514,41.710204],[41.734617,41.710832],[41.734321,41.710941],[41.734342,41.711101],[41.73416,41.711165],[41.734149,41.711453],[41.734009,41.711437],[41.733881,41.711621],[41.73372,41.711557],[41.733635,41.711606],[41.733627,41.711669],[41.733643,41.711706],[41.73363,41.71175],[41.733581,41.711765],[41.733534,41.711754],[41.733465,41.711768],[41.733355,41.711849],[41.733303,41.711947],[41.733268,41.712044],[41.733326,41.712123],[41.73338,41.712149],[41.733523,41.712118],[41.733554,41.71214],[41.733533,41.712191],[41.733433,41.712231],[41.733385,41.712409],[41.73331,41.712483],[41.733216,41.712519],[41.73317,41.712524],[41.733081,41.712561],[41.733045,41.712595],[41.732852,41.712705]]}},{"type":"Feature","properties":{"kind":"stream","name":""},"geometry":{"type":"LineString","coordinates":[[41.736152,41.70274],[41.736138,41.703067]]}},{"type":"Feature","properties":{"kind":"stream","name":""},"geometry":{"type":"LineString","coordinates":[[41.719688,41.489306],[41.719442,41.489181],[41.718611,41.488876],[41.717976,41.488703],[41.717602,41.488663],[41.717338,41.488669],[41.717087,41.48873],[41.716943,41.488736],[41.716658,41.488681],[41.716579,41.488712],[41.716419,41.488811],[41.716387,41.488985],[41.716424,41.489102],[41.716423,41.48926],[41.716352,41.489413]]}},{"type":"Feature","properties":{"kind":"stream","name":""},"geometry":{"type":"LineString","coordinates":[[41.719883,41.489353],[41.719688,41.489306]]}},{"type":"Feature","properties":{"kind":"stream","name":""},"geometry":{"type":"LineString","coordinates":[[41.719817,41.485021],[41.719388,41.484818],[41.719265,41.484759],[41.718523,41.484769],[41.718275,41.484772],[41.718,41.484715],[41.717763,41.484666],[41.717621,41.484984],[41.717621,41.485514],[41.717338,41.486652],[41.716879,41.487288],[41.716023,41.487758],[41.715252,41.488058]]}},{"type":"Feature","properties":{"kind":"stream","name":""},"geometry":{"type":"LineString","coordinates":[[41.720238,41.485054],[41.719817,41.485021]]}},{"type":"Feature","properties":{"kind":"stream","name":""},"geometry":{"type":"LineString","coordinates":[[41.595666,41.587174],[41.595408,41.587324]]}},{"type":"Feature","properties":{"kind":"stream","name":""},"geometry":{"type":"LineString","coordinates":[[41.595408,41.587324],[41.595151,41.587474],[41.595034,41.587512],[41.594769,41.5876],[41.594271,41.587682],[41.593799,41.587843],[41.593539,41.588105],[41.59337,41.588276],[41.592833,41.588677],[41.592554,41.589303],[41.591975,41.589881],[41.591803,41.590491],[41.59116,41.591197],[41.590744,41.591322],[41.590234,41.591288],[41.590001,41.591325],[41.589851,41.591434],[41.589485,41.591617],[41.589264,41.591785],[41.588901,41.591907],[41.588349,41.592208],[41.587385,41.592511],[41.586932,41.592689],[41.586054,41.593115],[41.584658,41.593677]]}},{"type":"Feature","properties":{"kind":"stream","name":""},"geometry":{"type":"LineString","coordinates":[[41.650722,41.600201],[41.650603,41.600106],[41.650009,41.599658],[41.649634,41.599399],[41.64911,41.598222],[41.649,41.59814],[41.646677,41.597067],[41.646527,41.597028],[41.646279,41.59726],[41.645734,41.597768],[41.64564,41.597856],[41.645261,41.59792],[41.645211,41.597915],[41.643917,41.597339],[41.643161,41.596972],[41.642885,41.596839],[41.64281,41.596821]]}},{"type":"Feature","properties":{"kind":"stream","name":""},"geometry":{"type":"LineString","coordinates":[[41.64281,41.596821],[41.642124,41.59677],[41.640856,41.596942]]}},{"type":"Feature","properties":{"kind":"stream","name":""},"geometry":{"type":"LineString","coordinates":[[41.640856,41.596942],[41.640617,41.597001]]}},{"type":"Feature","properties":{"kind":"river","name":"მეჯინისწყალი"},"geometry":{"type":"LineString","coordinates":[[41.668724,41.58945],[41.668575,41.589231],[41.66848,41.589029],[41.668225,41.588829],[41.66803,41.588212],[41.667834,41.587936],[41.667664,41.587699],[41.667681,41.587554],[41.667838,41.587427],[41.667902,41.587222],[41.667806,41.586929],[41.667888,41.586723],[41.667943,41.586584],[41.667839,41.586504],[41.667643,41.586433],[41.667156,41.58626],[41.666849,41.58593],[41.66662,41.585731],[41.666423,41.585665],[41.666276,41.585669],[41.666103,41.585671],[41.665896,41.585679],[41.665535,41.585785],[41.665063,41.585911],[41.664786,41.586021],[41.663733,41.586495],[41.663468,41.586622],[41.66289,41.586967],[41.662305,41.587317],[41.662197,41.587428],[41.662109,41.587519],[41.661964,41.587597],[41.661524,41.587881],[41.66117,41.587979],[41.660924,41.587972],[41.660778,41.587901],[41.660357,41.587839],[41.660128,41.587821],[41.660078,41.58782],[41.660033,41.587821],[41.659802,41.587846],[41.659341,41.587959],[41.659065,41.588025],[41.658864,41.588111],[41.658718,41.588265],[41.658575,41.588411],[41.658392,41.588556],[41.657994,41.588925],[41.6578,41.589088],[41.65762,41.589259],[41.657415,41.589449],[41.657249,41.589605],[41.657039,41.589849],[41.656838,41.590043],[41.656605,41.590277],[41.656317,41.590522],[41.656045,41.590775],[41.655791,41.591008],[41.655642,41.59121],[41.655563,41.591401],[41.655374,41.591707],[41.655203,41.591946],[41.655035,41.592193],[41.654939,41.592393],[41.654876,41.592452],[41.654736,41.592478],[41.654635,41.592458],[41.654389,41.592402],[41.654119,41.592347],[41.653608,41.592338],[41.652753,41.592256],[41.652344,41.592339]]}},{"type":"Feature","properties":{"kind":"river","name":"მეჯინისწყალი"},"geometry":{"type":"LineString","coordinates":[[41.641682,41.596454],[41.640908,41.596817]]}},{"type":"Feature","properties":{"kind":"stream","name":"სკურკუბა"},"geometry":{"type":"LineString","coordinates":[[41.674595,41.655282],[41.673926,41.655736]]}},{"type":"Feature","properties":{"kind":"stream","name":""},"geometry":{"type":"LineString","coordinates":[[41.629933,41.611034],[41.629911,41.611044],[41.629681,41.611147],[41.629564,41.611238],[41.629442,41.61141],[41.629426,41.611561],[41.629341,41.611676],[41.62922,41.611785],[41.629159,41.611852],[41.628804,41.612274],[41.628503,41.612516],[41.628307,41.61272],[41.628197,41.612888],[41.627809,41.613318],[41.627746,41.61336]]}},{"type":"Feature","properties":{"kind":"stream","name":""},"geometry":{"type":"LineString","coordinates":[[41.621966,41.619869],[41.621878,41.619991]]}},{"type":"Feature","properties":{"kind":"stream","name":""},"geometry":{"type":"LineString","coordinates":[[41.622036,41.619772],[41.621966,41.619869]]}},{"type":"Feature","properties":{"kind":"stream","name":""},"geometry":{"type":"LineString","coordinates":[[41.624622,41.616864],[41.624006,41.617366],[41.623467,41.61782],[41.622925,41.618504],[41.622476,41.619112],[41.622063,41.619735],[41.622036,41.619772]]}},{"type":"Feature","properties":{"kind":"stream","name":""},"geometry":{"type":"LineString","coordinates":[[41.62514,41.61645],[41.624622,41.616864]]}},{"type":"Feature","properties":{"kind":"stream","name":""},"geometry":{"type":"LineString","coordinates":[[41.625747,41.615973],[41.625376,41.61625],[41.62514,41.61645]]}},{"type":"Feature","properties":{"kind":"stream","name":""},"geometry":{"type":"LineString","coordinates":[[41.625842,41.615902],[41.625747,41.615973]]}},{"type":"Feature","properties":{"kind":"stream","name":""},"geometry":{"type":"LineString","coordinates":[[41.627683,41.613402],[41.627545,41.613495],[41.627438,41.613596],[41.627303,41.613738],[41.627037,41.613994],[41.626884,41.614131],[41.626746,41.614285],[41.626691,41.614373],[41.626622,41.614628],[41.626271,41.615513],[41.625884,41.615871],[41.625842,41.615902]]}},{"type":"Feature","properties":{"kind":"stream","name":""},"geometry":{"type":"LineString","coordinates":[[41.627746,41.61336],[41.627683,41.613402]]}},{"type":"Feature","properties":{"kind":"stream","name":""},"geometry":{"type":"LineString","coordinates":[[41.633978,41.607569],[41.632557,41.608523],[41.63236,41.608659],[41.632258,41.608755],[41.631692,41.609402],[41.631553,41.609553],[41.631425,41.609645],[41.631286,41.609737],[41.631201,41.609825],[41.631121,41.609945],[41.630973,41.610159],[41.630698,41.610495],[41.630475,41.610728],[41.63046,41.610742]]}},{"type":"Feature","properties":{"kind":"stream","name":""},"geometry":{"type":"LineString","coordinates":[[41.630069,41.610973],[41.629933,41.611034]]}},{"type":"Feature","properties":{"kind":"stream","name":""},"geometry":{"type":"LineString","coordinates":[[41.630373,41.61082],[41.630251,41.610892],[41.630143,41.610939],[41.630069,41.610973]]}},{"type":"Feature","properties":{"kind":"stream","name":""},"geometry":{"type":"LineString","coordinates":[[41.63046,41.610742],[41.630373,41.61082]]}},{"type":"Feature","properties":{"kind":"stream","name":""},"geometry":{"type":"LineString","coordinates":[[41.599204,41.598157],[41.599278,41.598121]]}},{"type":"Feature","properties":{"kind":"stream","name":""},"geometry":{"type":"LineString","coordinates":[[41.616894,41.591661],[41.61802,41.59135],[41.618117,41.591294],[41.618174,41.591249],[41.618141,41.591196],[41.61808,41.591193],[41.616754,41.591469],[41.615865,41.591721],[41.61568,41.59179],[41.615596,41.5918],[41.61554,41.591794],[41.615488,41.591752]]}},{"type":"Feature","properties":{"kind":"stream","name":""},"geometry":{"type":"LineString","coordinates":[[41.620435,41.590663],[41.619813,41.590797],[41.619203,41.590931],[41.618728,41.591043],[41.618561,41.591101],[41.618386,41.591186],[41.61826,41.59125],[41.618174,41.591249]]}},{"type":"Feature","properties":{"kind":"stream","name":""},"geometry":{"type":"LineString","coordinates":[[41.615386,41.591462],[41.61533,41.591395],[41.615176,41.591327]]}},{"type":"Feature","properties":{"kind":"stream","name":""},"geometry":{"type":"LineString","coordinates":[[41.615488,41.591752],[41.615386,41.591462]]}},{"type":"Feature","properties":{"kind":"stream","name":""},"geometry":{"type":"LineString","coordinates":[[41.6034,41.599676],[41.603322,41.599734],[41.602756,41.599851],[41.602565,41.599808],[41.602183,41.599835],[41.602041,41.599898],[41.601907,41.599946],[41.60173,41.599872],[41.601517,41.599697],[41.601284,41.59957],[41.601036,41.599565],[41.600739,41.599639]]}},{"type":"Feature","properties":{"kind":"stream","name":""},"geometry":{"type":"LineString","coordinates":[[41.601584,41.60219],[41.601048,41.601901],[41.600747,41.601789],[41.599911,41.602013],[41.598923,41.602013],[41.598194,41.601965],[41.597486,41.602222],[41.596971,41.602719],[41.596413,41.603297],[41.596048,41.603473],[41.595211,41.603345],[41.594868,41.603072],[41.594761,41.602784],[41.59446,41.602639],[41.593961,41.602511]]}},{"type":"Feature","properties":{"kind":"stream","name":""},"geometry":{"type":"LineString","coordinates":[[41.599417,41.604684],[41.599117,41.604901],[41.598501,41.604929],[41.598022,41.60495],[41.5974,41.60495],[41.596713,41.604805],[41.596048,41.603473]]}},{"type":"Feature","properties":{"kind":"stream","name":""},"geometry":{"type":"LineString","coordinates":[[41.654762,41.604488],[41.654704,41.604475],[41.65456,41.604417],[41.654488,41.60438],[41.654136,41.6042],[41.652995,41.603575],[41.652533,41.602929],[41.652291,41.602554],[41.652084,41.602231],[41.652043,41.601796],[41.651979,41.601732]]}},{"type":"Feature","properties":{"kind":"stream","name":""},"geometry":{"type":"LineString","coordinates":[[41.650817,41.600276],[41.650722,41.600201]]}},{"type":"Feature","properties":{"kind":"stream","name":""},"geometry":{"type":"LineString","coordinates":[[41.646131,41.620045],[41.646088,41.620102],[41.645993,41.620182],[41.645916,41.620231],[41.645755,41.620261],[41.645564,41.620364],[41.645219,41.620646],[41.645113,41.62071],[41.645022,41.620782],[41.644923,41.620869],[41.644727,41.621008],[41.644652,41.621053],[41.644469,41.621141],[41.64435,41.621176],[41.644207,41.621167],[41.643989,41.621089],[41.643759,41.620993],[41.643665,41.620971],[41.6436,41.620947],[41.643575,41.620905],[41.643516,41.620778],[41.643395,41.620722],[41.643234,41.62068],[41.64302,41.620548],[41.642561,41.620341],[41.64235,41.620246],[41.642311,41.620221],[41.642281,41.620192],[41.642051,41.620126],[41.6419,41.620068],[41.641827,41.620068],[41.641464,41.619966],[41.641092,41.619903],[41.640935,41.619867]]}},{"type":"Feature","properties":{"kind":"stream","name":""},"geometry":{"type":"LineString","coordinates":[[41.640935,41.619867],[41.640777,41.619822]]}},{"type":"Feature","properties":{"kind":"stream","name":""},"geometry":{"type":"LineString","coordinates":[[41.628929,41.59238],[41.627021,41.592911],[41.626622,41.593031],[41.626749,41.593232]]}},{"type":"Feature","properties":{"kind":"stream","name":""},"geometry":{"type":"LineString","coordinates":[[41.620422,41.594656],[41.619243,41.594905],[41.617766,41.595276],[41.617237,41.595409],[41.616807,41.595517],[41.616274,41.595652],[41.615508,41.595799],[41.615283,41.595841],[41.614641,41.595988],[41.613612,41.596071],[41.613471,41.596223]]}},{"type":"Feature","properties":{"kind":"stream","name":""},"geometry":{"type":"LineString","coordinates":[[41.613359,41.596343],[41.613169,41.596662],[41.612952,41.596917],[41.611898,41.597445],[41.611682,41.597586]]}},{"type":"Feature","properties":{"kind":"stream","name":""},"geometry":{"type":"LineString","coordinates":[[41.613471,41.596223],[41.613359,41.596343]]}},{"type":"Feature","properties":{"kind":"stream","name":""},"geometry":{"type":"LineString","coordinates":[[41.713302,41.530226],[41.713504,41.530138],[41.713831,41.530083],[41.714036,41.530097],[41.714311,41.530059],[41.714939,41.530015]]}},{"type":"Feature","properties":{"kind":"stream","name":""},"geometry":{"type":"LineString","coordinates":[[41.713185,41.530277],[41.713302,41.530226]]}},{"type":"Feature","properties":{"kind":"stream","name":""},"geometry":{"type":"LineString","coordinates":[[41.712687,41.528441],[41.713106,41.528534],[41.713729,41.52871],[41.714113,41.528858],[41.714184,41.528961],[41.714064,41.529067],[41.714051,41.529159],[41.714122,41.529196],[41.715125,41.52948]]}},{"type":"Feature","properties":{"kind":"stream","name":""},"geometry":{"type":"LineString","coordinates":[[41.712584,41.528419],[41.712687,41.528441]]}},{"type":"Feature","properties":{"kind":"stream","name":""},"geometry":{"type":"LineString","coordinates":[[41.59105,41.612219],[41.58798,41.612949],[41.587023,41.61319],[41.585068,41.613684],[41.584935,41.613717],[41.584859,41.613788]]}},{"type":"Feature","properties":{"kind":"stream","name":""},"geometry":{"type":"LineString","coordinates":[[41.584037,41.607982],[41.583841,41.60801],[41.583163,41.608299],[41.582272,41.608516],[41.581468,41.608596],[41.580567,41.608644],[41.580288,41.608628],[41.580095,41.608444],[41.579901,41.608211],[41.579635,41.607709],[41.579473,41.60757],[41.57881,41.606609],[41.578416,41.605769],[41.578007,41.605086],[41.577962,41.604984],[41.577965,41.604893]]}},{"type":"Feature","properties":{"kind":"stream","name":""},"geometry":{"type":"LineString","coordinates":[[41.584053,41.60761],[41.584244,41.60765],[41.584226,41.607801],[41.584322,41.607938]]}},{"type":"Feature","properties":{"kind":"stream","name":""},"geometry":{"type":"LineString","coordinates":[[41.584253,41.60564],[41.584146,41.605881],[41.583963,41.606178],[41.583813,41.606475],[41.583813,41.606788],[41.583942,41.607141],[41.584081,41.607357],[41.584124,41.60747],[41.584053,41.60761]]}},{"type":"Feature","properties":{"kind":"stream","name":""},"geometry":{"type":"LineString","coordinates":[[41.590522,41.604253],[41.590435,41.604295],[41.590248,41.604352],[41.590076,41.604408],[41.589817,41.604481],[41.58941,41.604592],[41.58909,41.604675],[41.588671,41.604693],[41.588252,41.604869],[41.588129,41.605025],[41.588018,41.6052],[41.587882,41.605394],[41.587599,41.605633],[41.587359,41.605788],[41.586897,41.605853],[41.586576,41.605997],[41.586028,41.606189],[41.585556,41.606438],[41.58517,41.606703],[41.584988,41.607],[41.584902,41.607529],[41.584762,41.607706],[41.584322,41.607938],[41.58413,41.608006]]}},{"type":"Feature","properties":{"kind":"stream","name":""},"geometry":{"type":"LineString","coordinates":[[41.58413,41.608006],[41.584037,41.607982]]}},{"type":"Feature","properties":{"kind":"stream","name":""},"geometry":{"type":"LineString","coordinates":[[41.579887,41.604335],[41.578839,41.604833],[41.577965,41.604893],[41.57792,41.604856],[41.577689,41.604763],[41.57744,41.604724],[41.577269,41.604652],[41.576725,41.604629],[41.576624,41.60484],[41.576203,41.605397],[41.575627,41.60571],[41.575344,41.605561],[41.57416,41.60474]]}},{"type":"Feature","properties":{"kind":"stream","name":""},"geometry":{"type":"LineString","coordinates":[[41.582294,41.604218],[41.58219,41.604328]]}},{"type":"Feature","properties":{"kind":"stream","name":""},"geometry":{"type":"LineString","coordinates":[[41.582707,41.604316],[41.582734,41.604424]]}},{"type":"Feature","properties":{"kind":"stream","name":""},"geometry":{"type":"LineString","coordinates":[[41.582974,41.605913],[41.582915,41.605889]]}},{"type":"Feature","properties":{"kind":"stream","name":""},"geometry":{"type":"LineString","coordinates":[[41.582369,41.603828],[41.582408,41.603918],[41.582344,41.603937],[41.58239,41.603984],[41.582359,41.604069]]}},{"type":"Feature","properties":{"kind":"stream","name":""},"geometry":{"type":"LineString","coordinates":[[41.581019,41.60676],[41.580692,41.606599],[41.580206,41.606725],[41.579776,41.60699],[41.579702,41.607276],[41.579711,41.607542],[41.579702,41.607647],[41.579635,41.607709]]}},{"type":"Feature","properties":{"kind":"stream","name":""},"geometry":{"type":"LineString","coordinates":[[41.648711,41.620181],[41.648632,41.620185],[41.648493,41.620189],[41.648217,41.620158],[41.648143,41.620123],[41.648092,41.620079],[41.648075,41.620045],[41.64809,41.620021],[41.648144,41.619988],[41.648164,41.619939],[41.648137,41.619881],[41.648106,41.619846],[41.648002,41.619853],[41.647868,41.619847],[41.647807,41.619832],[41.647751,41.619808],[41.647694,41.619751],[41.647666,41.619691],[41.647628,41.619671],[41.647559,41.619677],[41.647371,41.619708],[41.647341,41.619746],[41.647264,41.619743],[41.647185,41.619751],[41.647019,41.619784],[41.646937,41.619787],[41.646858,41.619763],[41.646769,41.619754],[41.646687,41.619766]]}},{"type":"Feature","properties":{"kind":"stream","name":""},"geometry":{"type":"LineString","coordinates":[[41.646146,41.619958],[41.646131,41.620045]]}},{"type":"Feature","properties":{"kind":"stream","name":""},"geometry":{"type":"LineString","coordinates":[[41.649677,41.619732],[41.64954,41.619782],[41.649352,41.619842],[41.64917,41.619932],[41.649067,41.620042],[41.648915,41.62011],[41.648823,41.620146]]}},{"type":"Feature","properties":{"kind":"stream","name":""},"geometry":{"type":"LineString","coordinates":[[41.648823,41.620146],[41.648711,41.620181]]}},{"type":"Feature","properties":{"kind":"stream","name":""},"geometry":{"type":"LineString","coordinates":[[41.681346,41.636085],[41.681311,41.636289],[41.681422,41.636516],[41.681478,41.636739],[41.681446,41.636855],[41.681292,41.637032],[41.681072,41.637404],[41.680968,41.637534],[41.68086,41.637574],[41.680681,41.637613],[41.680536,41.637613],[41.680413,41.637618],[41.680344,41.637654]]}},{"type":"Feature","properties":{"kind":"stream","name":""},"geometry":{"type":"LineString","coordinates":[[41.706905,41.684758],[41.706936,41.684821],[41.706916,41.684863],[41.70689,41.684952],[41.706803,41.685025],[41.706694,41.685058]]}},{"type":"Feature","properties":{"kind":"stream","name":""},"geometry":{"type":"LineString","coordinates":[[41.706694,41.685058],[41.706592,41.685089]]}},{"type":"Feature","properties":{"kind":"stream","name":""},"geometry":{"type":"LineString","coordinates":[[41.638413,41.624551],[41.63834,41.624593],[41.638271,41.624642],[41.63819,41.624724],[41.638104,41.624803],[41.638023,41.62487],[41.637966,41.624927],[41.637885,41.624973],[41.637787,41.625006],[41.63771,41.625022],[41.637629,41.625013],[41.637559,41.624965],[41.634952,41.62272],[41.634274,41.62215],[41.634258,41.62207]]}},{"type":"Feature","properties":{"kind":"stream","name":""},"geometry":{"type":"LineString","coordinates":[[41.685505,41.662678],[41.685103,41.662751],[41.684989,41.662784]]}},{"type":"Feature","properties":{"kind":"stream","name":""},"geometry":{"type":"LineString","coordinates":[[41.602998,41.590159],[41.602414,41.590092],[41.601872,41.589926],[41.601576,41.589843],[41.601231,41.589744],[41.600941,41.589776],[41.600867,41.589873],[41.600861,41.589956],[41.600812,41.590058],[41.600664,41.590081],[41.600491,41.590076],[41.60027,41.590177],[41.599955,41.590357],[41.599943,41.5905],[41.599838,41.590694],[41.599684,41.590781],[41.599438,41.590827],[41.599216,41.590919],[41.599074,41.591044],[41.597875,41.591787],[41.597457,41.59203],[41.597209,41.59229],[41.596869,41.592523],[41.596721,41.592443],[41.59648,41.592364],[41.595907,41.592501],[41.595447,41.592687],[41.595028,41.593004],[41.594513,41.593365],[41.594379,41.593578],[41.594406,41.593718],[41.594315,41.593943],[41.594449,41.594192],[41.594513,41.594521],[41.594277,41.594882],[41.593859,41.595171],[41.592991,41.595549],[41.592566,41.596462]]}},{"type":"Feature","properties":{"kind":"stream","name":""},"geometry":{"type":"LineString","coordinates":[[41.594969,41.586358],[41.594964,41.586737],[41.59502,41.587088],[41.595031,41.587423],[41.595034,41.587512]]}},{"type":"Feature","properties":{"kind":"stream","name":""},"geometry":{"type":"LineString","coordinates":[[41.593463,41.587183],[41.593477,41.588039],[41.593539,41.588105]]}},{"type":"Feature","properties":{"kind":"stream","name":""},"geometry":{"type":"LineString","coordinates":[[41.573003,41.586981],[41.573222,41.589314],[41.573357,41.590753]]}},{"type":"Feature","properties":{"kind":"stream","name":""},"geometry":{"type":"LineString","coordinates":[[41.577094,41.587045],[41.577264,41.588946],[41.577292,41.589259],[41.57731,41.58946],[41.577332,41.589609],[41.577353,41.589757],[41.577388,41.590061],[41.577401,41.590175]]}},{"type":"Feature","properties":{"kind":"stream","name":""},"geometry":{"type":"LineString","coordinates":[[41.578453,41.591728],[41.578698,41.591722],[41.579203,41.591713],[41.579955,41.591681],[41.580319,41.591699],[41.58088,41.591745],[41.582377,41.592105],[41.582506,41.592054],[41.58417,41.592427],[41.585466,41.592834],[41.585581,41.59287],[41.585769,41.592929],[41.585977,41.593037],[41.586054,41.593115]]}},{"type":"Feature","properties":{"kind":"stream","name":""},"geometry":{"type":"LineString","coordinates":[[41.589807,41.598753],[41.589468,41.598959],[41.588826,41.599313],[41.588228,41.599613],[41.587889,41.59984],[41.587506,41.600166],[41.587078,41.600433],[41.58673,41.6007],[41.58648,41.600793],[41.586385,41.600805],[41.586266,41.60082],[41.585989,41.60068],[41.585784,41.600653],[41.585294,41.600606]]}},{"type":"Feature","properties":{"kind":"stream","name":""},"geometry":{"type":"LineString","coordinates":[[41.586817,41.600107],[41.586614,41.6004],[41.586534,41.600647],[41.586385,41.600805]]}},{"type":"Feature","properties":{"kind":"stream","name":""},"geometry":{"type":"LineString","coordinates":[[41.581848,41.596664],[41.581656,41.59662],[41.581399,41.596534],[41.581271,41.596448],[41.581142,41.596337],[41.580737,41.596311],[41.580405,41.596311],[41.58025,41.596433],[41.580203,41.59662],[41.58025,41.596711],[41.580115,41.596928],[41.579892,41.59708],[41.57974,41.597257]]}},{"type":"Feature","properties":{"kind":"stream","name":""},"geometry":{"type":"LineString","coordinates":[[41.584872,41.596414],[41.584605,41.596652],[41.584144,41.596728],[41.583694,41.59669],[41.583355,41.59659],[41.58314,41.596498],[41.582925,41.596452],[41.582692,41.596504]]}},{"type":"Feature","properties":{"kind":"stream","name":""},"geometry":{"type":"LineString","coordinates":[[41.584851,41.596131],[41.584411,41.596062],[41.584062,41.596023],[41.583865,41.595991],[41.583683,41.595962],[41.583294,41.595878],[41.582987,41.595709],[41.582833,41.595602],[41.582602,41.595593]]}},{"type":"Feature","properties":{"kind":"stream","name":""},"geometry":{"type":"LineString","coordinates":[[41.584657,41.597977],[41.584165,41.597923],[41.583755,41.5981],[41.583058,41.597839],[41.58271,41.59774],[41.582392,41.597686],[41.58231,41.597594],[41.582177,41.597533],[41.58187,41.597487],[41.58169,41.597514]]}},{"type":"Feature","properties":{"kind":"stream","name":""},"geometry":{"type":"LineString","coordinates":[[41.582392,41.597686],[41.582157,41.597793],[41.582023,41.598084],[41.58186,41.598199],[41.581614,41.598276],[41.581399,41.598242]]}},{"type":"Feature","properties":{"kind":"stream","name":""},"geometry":{"type":"LineString","coordinates":[[41.583755,41.5981],[41.583909,41.598238],[41.584062,41.598383],[41.584144,41.598521],[41.583878,41.59872],[41.583478,41.598873],[41.583263,41.598981],[41.582802,41.599223]]}},{"type":"Feature","properties":{"kind":"stream","name":""},"geometry":{"type":"LineString","coordinates":[[41.581355,41.597911],[41.581075,41.598079],[41.58089,41.598273],[41.58073,41.598486]]}},{"type":"Feature","properties":{"kind":"stream","name":""},"geometry":{"type":"LineString","coordinates":[[41.589495,41.594785],[41.58941,41.594898],[41.58929,41.594933],[41.58914,41.594978],[41.589078,41.595011],[41.589035,41.595055],[41.589032,41.595133],[41.589046,41.595255],[41.589012,41.595326]]}},{"type":"Feature","properties":{"kind":"stream","name":""},"geometry":{"type":"LineString","coordinates":[[41.570064,41.566847],[41.569979,41.566854],[41.569865,41.566891],[41.569721,41.567003],[41.569587,41.567152],[41.569537,41.567285],[41.569527,41.567401],[41.569472,41.567501],[41.569434,41.567535],[41.569398,41.567568],[41.569343,41.567691],[41.569348,41.567828],[41.569348,41.568007],[41.569313,41.568334],[41.569338,41.568494]]}},{"type":"Feature","properties":{"kind":"stream","name":""},"geometry":{"type":"LineString","coordinates":[[41.569338,41.568494],[41.569472,41.568899]]}},{"type":"Feature","properties":{"kind":"stream","name":""},"geometry":{"type":"LineString","coordinates":[[41.566369,41.56561],[41.566569,41.568151],[41.566546,41.56828],[41.566501,41.568376],[41.566425,41.568416],[41.565365,41.568539]]}},{"type":"Feature","properties":{"kind":"stream","name":""},"geometry":{"type":"LineString","coordinates":[[41.582443,41.585551],[41.581733,41.58516],[41.581079,41.584923],[41.580556,41.584839],[41.579828,41.584797],[41.578819,41.584741],[41.578296,41.584811],[41.577679,41.584825],[41.577175,41.584741],[41.576801,41.584629],[41.576166,41.584615],[41.575251,41.584615],[41.57428,41.584476],[41.573719,41.584224],[41.573177,41.583945],[41.572729,41.583763],[41.572262,41.583553],[41.57172,41.583302],[41.571291,41.583204],[41.570768,41.583204],[41.570076,41.583274],[41.569292,41.583469],[41.569121,41.583521],[41.568792,41.583621],[41.568437,41.583859],[41.568231,41.583978],[41.568026,41.584027],[41.567911,41.583749],[41.567844,41.58357],[41.567749,41.583525],[41.567725,41.583378],[41.56782,41.58314],[41.567637,41.583045],[41.56753,41.582906],[41.567346,41.582704]]}},{"type":"Feature","properties":{"kind":"stream","name":""},"geometry":{"type":"LineString","coordinates":[[41.572297,41.586737],[41.572056,41.586663],[41.571462,41.586547],[41.571023,41.586526],[41.570485,41.586346],[41.570117,41.586229],[41.569876,41.586134],[41.569621,41.586081],[41.56931,41.586081],[41.568984,41.586081],[41.568729,41.586197],[41.568347,41.586377]]}},{"type":"Feature","properties":{"kind":"stream","name":""},"geometry":{"type":"LineString","coordinates":[[41.565924,41.557425],[41.565008,41.557582],[41.564911,41.557622]]}},{"type":"Feature","properties":{"kind":"stream","name":""},"geometry":{"type":"LineString","coordinates":[[41.564793,41.557701],[41.564744,41.557734],[41.564532,41.557804],[41.56435,41.557843]]}},{"type":"Feature","properties":{"kind":"stream","name":""},"geometry":{"type":"LineString","coordinates":[[41.564911,41.557622],[41.564793,41.557701]]}},{"type":"Feature","properties":{"kind":"stream","name":""},"geometry":{"type":"LineString","coordinates":[[41.566123,41.557375],[41.565924,41.557425]]}},{"type":"Feature","properties":{"kind":"stream","name":""},"geometry":{"type":"LineString","coordinates":[[41.568904,41.556961],[41.568554,41.557078],[41.568239,41.557164],[41.567676,41.557174],[41.5673,41.557215],[41.566896,41.557231],[41.566738,41.557252],[41.566123,41.557375]]}},{"type":"Feature","properties":{"kind":"stream","name":""},"geometry":{"type":"LineString","coordinates":[[41.580529,41.579769],[41.579866,41.579392],[41.579708,41.579298],[41.579545,41.57913],[41.579399,41.578918],[41.579326,41.578756],[41.57926,41.578562],[41.579252,41.578413],[41.579301,41.578249],[41.579395,41.578084],[41.579765,41.577719],[41.57978,41.577705]]}},{"type":"Feature","properties":{"kind":"stream","name":""},"geometry":{"type":"LineString","coordinates":[[41.57978,41.577705],[41.57987,41.577619]]}},{"type":"Feature","properties":{"kind":"stream","name":""},"geometry":{"type":"LineString","coordinates":[[41.577161,41.577278],[41.576695,41.577405],[41.575893,41.577525],[41.575397,41.5777],[41.575192,41.577773],[41.574861,41.577876],[41.57463,41.57781],[41.574423,41.577714]]}},{"type":"Feature","properties":{"kind":"stream","name":""},"geometry":{"type":"LineString","coordinates":[[41.577275,41.577247],[41.577161,41.577278]]}},{"type":"Feature","properties":{"kind":"stream","name":""},"geometry":{"type":"LineString","coordinates":[[41.646556,41.619792],[41.646449,41.619816],[41.646433,41.619834],[41.646268,41.619871],[41.646221,41.619877],[41.646175,41.619897],[41.64615,41.619923],[41.646146,41.619958]]}},{"type":"Feature","properties":{"kind":"stream","name":""},"geometry":{"type":"LineString","coordinates":[[41.646687,41.619766],[41.646556,41.619792]]}},{"type":"Feature","properties":{"kind":"stream","name":""},"geometry":{"type":"LineString","coordinates":[[41.651899,41.601652],[41.651865,41.601619],[41.651496,41.601464],[41.651369,41.601054],[41.651046,41.600477],[41.650885,41.60033],[41.650817,41.600276]]}},{"type":"Feature","properties":{"kind":"stream","name":""},"geometry":{"type":"LineString","coordinates":[[41.651979,41.601732],[41.651899,41.601652]]}},{"type":"Feature","properties":{"kind":"stream","name":""},"geometry":{"type":"LineString","coordinates":[[41.658877,41.605928],[41.658273,41.605602],[41.658107,41.605539],[41.657986,41.605487],[41.65789,41.605447],[41.657563,41.605361],[41.657375,41.605325],[41.657107,41.605253],[41.657053,41.605231],[41.657023,41.605209],[41.65694,41.60511],[41.656887,41.605076],[41.65675,41.604998],[41.656691,41.604976],[41.6566,41.604964],[41.656476,41.604912],[41.656305,41.604816],[41.656117,41.604737],[41.656018,41.604703],[41.655918,41.604663],[41.655723,41.604569],[41.655572,41.604483],[41.655425,41.604433],[41.655218,41.60438],[41.655098,41.604374],[41.654964,41.604479]]}},{"type":"Feature","properties":{"kind":"stream","name":""},"geometry":{"type":"LineString","coordinates":[[41.654964,41.604479],[41.654762,41.604488]]}},{"type":"Feature","properties":{"kind":"stream","name":""},"geometry":{"type":"LineString","coordinates":[[41.705354,41.669028],[41.705264,41.669108],[41.705248,41.669232],[41.705228,41.669451],[41.705199,41.669536],[41.705049,41.669649],[41.704927,41.669703],[41.704837,41.669706],[41.704618,41.66967],[41.703809,41.669548],[41.703626,41.669539],[41.70351,41.669564]]}},{"type":"Feature","properties":{"kind":"stream","name":""},"geometry":{"type":"LineString","coordinates":[[41.695877,41.677606],[41.695788,41.677658],[41.695685,41.677777],[41.695653,41.677937],[41.695709,41.678038],[41.695779,41.678133],[41.695779,41.678195],[41.69568,41.678248]]}},{"type":"Feature","properties":{"kind":"stream","name":""},"geometry":{"type":"LineString","coordinates":[[41.6979,41.677135],[41.697326,41.677269],[41.695877,41.677606]]}},{"type":"Feature","properties":{"kind":"stream","name":""},"geometry":{"type":"LineString","coordinates":[[41.698949,41.679836],[41.698434,41.679914],[41.698117,41.680021]]}},{"type":"Feature","properties":{"kind":"stream","name":""},"geometry":{"type":"LineString","coordinates":[[41.697768,41.680107],[41.697584,41.68015],[41.697404,41.68029],[41.697471,41.680573],[41.697336,41.680649]]}},{"type":"Feature","properties":{"kind":"stream","name":""},"geometry":{"type":"LineString","coordinates":[[41.697876,41.680077],[41.697768,41.680107]]}},{"type":"Feature","properties":{"kind":"stream","name":""},"geometry":{"type":"LineString","coordinates":[[41.697968,41.680056],[41.697876,41.680077]]}},{"type":"Feature","properties":{"kind":"stream","name":""},"geometry":{"type":"LineString","coordinates":[[41.698117,41.680021],[41.697968,41.680056]]}},{"type":"Feature","properties":{"kind":"stream","name":""},"geometry":{"type":"LineString","coordinates":[[41.799127,41.656599],[41.799061,41.656587],[41.799016,41.656585],[41.79893,41.65658],[41.798583,41.656465],[41.798354,41.656358],[41.798044,41.656238],[41.797741,41.656182],[41.797592,41.656053],[41.79719,41.655738],[41.796762,41.655521],[41.796155,41.655197],[41.795802,41.654887],[41.795586,41.654595],[41.795418,41.654248],[41.79522,41.653901],[41.795084,41.65354],[41.795053,41.653198],[41.795039,41.653071],[41.795021,41.652913],[41.79488,41.652697],[41.794772,41.652303],[41.794689,41.652017],[41.794464,41.651597],[41.794275,41.651311],[41.794017,41.651123],[41.793699,41.650952],[41.793477,41.650842],[41.793329,41.650676],[41.793056,41.65066],[41.792687,41.650615],[41.792383,41.65061],[41.791896,41.650599],[41.791652,41.650466],[41.791378,41.650306],[41.790928,41.650229],[41.79058,41.650085],[41.790285,41.649947],[41.78996,41.649643],[41.789693,41.649329],[41.789575,41.649152],[41.78962,41.648925],[41.789368,41.648854],[41.789102,41.648881],[41.788718,41.649003],[41.788489,41.649042],[41.788363,41.649031],[41.788223,41.649053],[41.788119,41.649042],[41.787979,41.64892],[41.787779,41.648782],[41.787617,41.648727],[41.787499,41.648671],[41.787262,41.648594],[41.787063,41.64844],[41.786811,41.648418],[41.786597,41.648401],[41.786457,41.648329],[41.786324,41.648202],[41.786013,41.648125],[41.785718,41.648053],[41.785592,41.647926],[41.785466,41.6477],[41.785429,41.647523],[41.785459,41.647379],[41.785385,41.647252],[41.78523,41.647186],[41.78506,41.647147],[41.784883,41.647114],[41.784809,41.647042],[41.784676,41.64686],[41.784469,41.64675],[41.784284,41.646579],[41.784025,41.646512],[41.783804,41.646435],[41.783604,41.646391],[41.783486,41.646308],[41.783434,41.646159],[41.783382,41.645895]]}},{"type":"Feature","properties":{"kind":"stream","name":""},"geometry":{"type":"LineString","coordinates":[[41.789271,41.605567],[41.78902,41.605665],[41.788723,41.605734],[41.788472,41.6057],[41.788026,41.605616],[41.787617,41.605547],[41.787143,41.605491],[41.786762,41.605463],[41.786464,41.605526],[41.786111,41.6057],[41.785888,41.605832],[41.785544,41.605873],[41.785191,41.605859],[41.784596,41.606082],[41.784318,41.606297],[41.784085,41.606554],[41.783779,41.606846],[41.78336,41.607013],[41.783072,41.6072],[41.782654,41.607298],[41.782468,41.607451],[41.78231,41.607791],[41.78192,41.607979],[41.781567,41.608257],[41.78126,41.608375],[41.781121,41.608625],[41.780944,41.608785],[41.780805,41.609014],[41.780712,41.609188],[41.78047,41.609299],[41.780219,41.609431],[41.780061,41.609556],[41.780006,41.609653],[41.779979,41.609811]]}},{"type":"Feature","properties":{"kind":"stream","name":""},"geometry":{"type":"LineString","coordinates":[[41.788397,41.604852],[41.788323,41.604949],[41.788137,41.605102],[41.787691,41.605269],[41.787422,41.60538],[41.787143,41.605491]]}},{"type":"Feature","properties":{"kind":"river","name":"მეჯინისწყალი"},"geometry":{"type":"LineString","coordinates":[[41.652344,41.592339],[41.652207,41.592389],[41.651966,41.592455],[41.651589,41.592482],[41.651367,41.592491],[41.651237,41.592509],[41.650759,41.592568],[41.650618,41.592551],[41.650241,41.592586],[41.650025,41.592638],[41.649909,41.592631],[41.649538,41.592669],[41.649358,41.592641],[41.649178,41.592691],[41.648953,41.59274],[41.648715,41.592813],[41.648576,41.592882],[41.648519,41.592971],[41.648457,41.593019],[41.648264,41.593079],[41.648109,41.593119],[41.647911,41.593137],[41.647611,41.593235],[41.647349,41.593379],[41.64718,41.593499],[41.647005,41.593577],[41.646842,41.593728],[41.646747,41.593774],[41.646619,41.593826],[41.646441,41.593912],[41.646093,41.594081],[41.64593,41.594161],[41.645428,41.594425],[41.645301,41.594474],[41.645197,41.594529],[41.645054,41.594536],[41.644988,41.594577],[41.644701,41.594754],[41.644134,41.595027],[41.643742,41.595238],[41.643597,41.595382],[41.643433,41.595471],[41.643309,41.595495],[41.643116,41.595575],[41.643092,41.595622],[41.643006,41.595732],[41.642943,41.595807],[41.642808,41.595878]]}},{"type":"Feature","properties":{"kind":"stream","name":""},"geometry":{"type":"LineString","coordinates":[[41.757345,41.669447],[41.757704,41.669355],[41.758231,41.669276],[41.758689,41.669249],[41.758943,41.669253],[41.759259,41.66936],[41.759686,41.669392],[41.759946,41.669475],[41.760027,41.669683],[41.759989,41.669836],[41.760101,41.669933],[41.760386,41.670007],[41.760596,41.669942],[41.760788,41.669979],[41.761036,41.669892],[41.761203,41.669915],[41.761383,41.669979],[41.761643,41.669961],[41.761996,41.670146],[41.762151,41.670188],[41.762405,41.670192],[41.762652,41.670313],[41.762881,41.670424],[41.763104,41.670442],[41.763346,41.670303],[41.763432,41.670296],[41.763556,41.670285],[41.763934,41.670437],[41.764232,41.670391],[41.764566,41.670535],[41.764795,41.670683],[41.764962,41.670692],[41.765148,41.670576],[41.765402,41.670474],[41.765706,41.670456],[41.765922,41.670447],[41.766182,41.670525],[41.766288,41.670701],[41.766523,41.670757],[41.76682,41.670678],[41.767219,41.670527]]}},{"type":"Feature","properties":{"kind":"stream","name":""},"geometry":{"type":"LineString","coordinates":[[41.771226,41.666627],[41.770946,41.666536],[41.770762,41.666407],[41.770526,41.666331],[41.770352,41.666331],[41.770207,41.666259],[41.770101,41.666125],[41.770014,41.666078],[41.76983,41.66606],[41.769637,41.66606],[41.769449,41.666082],[41.769231,41.666031],[41.76898,41.666042],[41.768782,41.66601],[41.768605,41.666038]]}},{"type":"Feature","properties":{"kind":"stream","name":""},"geometry":{"type":"LineString","coordinates":[[41.756586,41.68384],[41.756583,41.684038],[41.756639,41.684652],[41.756774,41.684941],[41.757008,41.685273],[41.757159,41.68559],[41.757574,41.685843],[41.757794,41.685905],[41.758134,41.686085],[41.758336,41.686163],[41.758597,41.686192],[41.758933,41.686287],[41.759198,41.686342],[41.759341,41.686446],[41.759602,41.686675],[41.759903,41.686802],[41.760248,41.686904],[41.760385,41.686958],[41.760474,41.687021],[41.760636,41.687388],[41.760822,41.687735],[41.761015,41.687911],[41.761447,41.688145],[41.761757,41.688449],[41.762368,41.688736],[41.762592,41.688718],[41.762819,41.688815],[41.76317,41.688774]]}},{"type":"Feature","properties":{"kind":"stream","name":""},"geometry":{"type":"LineString","coordinates":[[41.594981,41.6244],[41.595173,41.624483],[41.595431,41.624564]]}},{"type":"Feature","properties":{"kind":"stream","name":""},"geometry":{"type":"LineString","coordinates":[[41.595626,41.624601],[41.59578,41.624611],[41.596104,41.624674],[41.596192,41.624694]]}},{"type":"Feature","properties":{"kind":"stream","name":""},"geometry":{"type":"LineString","coordinates":[[41.596323,41.624731],[41.596558,41.624819],[41.59667,41.624883],[41.596877,41.625048]]}},{"type":"Feature","properties":{"kind":"stream","name":""},"geometry":{"type":"LineString","coordinates":[[41.59698,41.625197],[41.59704,41.6253],[41.597065,41.625358],[41.597108,41.625455],[41.597224,41.625886],[41.597265,41.626041]]}},{"type":"Feature","properties":{"kind":"stream","name":""},"geometry":{"type":"LineString","coordinates":[[41.597289,41.626159],[41.597413,41.626647]]}},{"type":"Feature","properties":{"kind":"stream","name":""},"geometry":{"type":"LineString","coordinates":[[41.600362,41.629088],[41.600773,41.629199],[41.600804,41.629205]]}},{"type":"Feature","properties":{"kind":"stream","name":""},"geometry":{"type":"LineString","coordinates":[[41.600077,41.629011],[41.60028,41.629066]]}},{"type":"Feature","properties":{"kind":"stream","name":""},"geometry":{"type":"LineString","coordinates":[[41.60028,41.629066],[41.600362,41.629088]]}},{"type":"Feature","properties":{"kind":"stream","name":""},"geometry":{"type":"LineString","coordinates":[[41.600961,41.629235],[41.600989,41.629241],[41.601525,41.629344]]}},{"type":"Feature","properties":{"kind":"stream","name":""},"geometry":{"type":"LineString","coordinates":[[41.600804,41.629205],[41.600961,41.629235]]}},{"type":"Feature","properties":{"kind":"stream","name":""},"geometry":{"type":"LineString","coordinates":[[41.799497,41.600698],[41.799411,41.600417],[41.799232,41.600159],[41.799111,41.600034],[41.798984,41.599853],[41.798973,41.599689],[41.799002,41.599426],[41.798961,41.599284],[41.798904,41.599176],[41.798955,41.599073],[41.799157,41.598948],[41.799244,41.598814],[41.799186,41.598655],[41.799007,41.598478],[41.798973,41.598163],[41.798794,41.597849],[41.798627,41.597801],[41.798552,41.597724],[41.798523,41.597633],[41.798512,41.597413],[41.798488,41.597189],[41.798471,41.596913],[41.798437,41.596685],[41.79839,41.596508],[41.7982,41.596439],[41.798131,41.596323],[41.798125,41.596155],[41.798235,41.595935],[41.79812,41.595594],[41.797941,41.595267],[41.797601,41.594874],[41.797388,41.594521],[41.797365,41.594297],[41.797048,41.593905],[41.796903,41.593732],[41.796719,41.593577],[41.796581,41.5934],[41.796661,41.593206],[41.796558,41.592853],[41.796419,41.592633],[41.796206,41.592413],[41.796131,41.592176],[41.796056,41.592042],[41.795889,41.591896],[41.795733,41.591784],[41.795434,41.591693],[41.795157,41.591706],[41.795007,41.591814],[41.794827,41.591863],[41.794589,41.591775],[41.794364,41.591632],[41.794236,41.591529],[41.793775,41.591307],[41.793641,41.591116],[41.793451,41.590872],[41.793321,41.590689],[41.793212,41.590499],[41.793123,41.590282],[41.79312,41.590135],[41.793235,41.590028],[41.79326,41.589954],[41.793295,41.589808],[41.793425,41.589705],[41.793575,41.589645],[41.79367,41.589545],[41.793819,41.589493],[41.793911,41.589393],[41.79393,41.589303],[41.79388,41.589245],[41.793704,41.589168],[41.793546,41.589122],[41.7935,41.589044],[41.793469,41.588884],[41.793392,41.588764]]}},{"type":"Feature","properties":{"kind":"stream","name":"ჯოჭოსწყლი"},"geometry":{"type":"LineString","coordinates":[[41.75627,41.600653],[41.756112,41.600594],[41.755997,41.600442],[41.755759,41.60031],[41.755635,41.600066],[41.755503,41.600027],[41.755274,41.600034],[41.75515,41.599987],[41.754789,41.599882],[41.754392,41.599875],[41.754057,41.599928],[41.753722,41.599776],[41.753448,41.59977],[41.753175,41.599638],[41.752866,41.599625],[41.752743,41.599453],[41.752778,41.599236],[41.752575,41.598945],[41.752258,41.598893],[41.751905,41.598906],[41.75135,41.5988],[41.751156,41.598642],[41.751138,41.598431],[41.750838,41.598339],[41.750371,41.598391],[41.750053,41.598286],[41.749886,41.598075],[41.749727,41.59791],[41.74933,41.597752],[41.749101,41.59733],[41.748528,41.597],[41.747787,41.596736],[41.746826,41.59609],[41.746852,41.595773],[41.746676,41.595602],[41.746658,41.595272],[41.745759,41.594718],[41.745318,41.59456],[41.744453,41.59425],[41.743025,41.593973],[41.742487,41.594026],[41.742108,41.59398],[41.741773,41.594032],[41.741543,41.59396],[41.741376,41.593736],[41.741129,41.59361],[41.740591,41.593228],[41.74015,41.592713],[41.739753,41.592318],[41.739471,41.592073],[41.739101,41.592027],[41.738677,41.592027],[41.738351,41.591915],[41.737875,41.591566],[41.737328,41.590946],[41.737213,41.590768],[41.73709,41.59053],[41.736579,41.590201],[41.736235,41.590029],[41.735388,41.589917],[41.734541,41.589732],[41.733563,41.589409],[41.733122,41.589369],[41.732742,41.589389],[41.732372,41.589514],[41.732072,41.589521],[41.731605,41.58927],[41.731164,41.589178],[41.73067,41.589224],[41.730167,41.589422],[41.729691,41.589561],[41.72888,41.589561],[41.728236,41.589534],[41.727372,41.58933],[41.72642,41.588927],[41.725979,41.588545],[41.725643,41.58809],[41.725185,41.587806],[41.724647,41.587674],[41.724153,41.587193],[41.723889,41.586784],[41.723599,41.586296],[41.722808,41.585758],[41.722417,41.585562],[41.722004,41.585409],[41.721639,41.585181],[41.721215,41.585],[41.72085,41.58498],[41.720437,41.585012],[41.720091,41.585148],[41.719995,41.585203],[41.719811,41.585203],[41.719567,41.585262],[41.719442,41.585236],[41.719292,41.585205],[41.719106,41.585129],[41.718872,41.58512],[41.718702,41.585137],[41.718521,41.585059],[41.718305,41.584897],[41.718216,41.584697],[41.71816,41.584619],[41.718015,41.584522],[41.717854,41.58448],[41.717618,41.584483],[41.717516,41.584543],[41.717355,41.584573],[41.717255,41.584651],[41.717225,41.584691],[41.717177,41.584725],[41.717106,41.584716],[41.717014,41.584634],[41.716874,41.584598],[41.716663,41.584587],[41.716335,41.584494],[41.716078,41.584418],[41.715961,41.584378],[41.715849,41.584361],[41.715689,41.584364],[41.715523,41.584347],[41.715416,41.584319],[41.71506,41.584418],[41.71494,41.584473],[41.714782,41.584513],[41.714506,41.584548],[41.714253,41.584545],[41.714013,41.584545],[41.713894,41.584294],[41.713773,41.584185],[41.71325,41.584145],[41.713007,41.584029],[41.712672,41.583822],[41.71261,41.583622],[41.712718,41.58335],[41.712668,41.583149],[41.712689,41.582952],[41.712647,41.582818],[41.712559,41.582671],[41.712555,41.582473],[41.712442,41.582186],[41.712388,41.581979],[41.71248,41.581681],[41.71259,41.581529],[41.712724,41.581335],[41.71289,41.581186],[41.713034,41.581095],[41.713185,41.580896],[41.713326,41.580777],[41.713352,41.580647],[41.713474,41.580484],[41.713481,41.580277],[41.713455,41.580127],[41.71357,41.579997],[41.713647,41.579823],[41.713608,41.57968],[41.713588,41.579605],[41.713536,41.579472],[41.713366,41.579351]]}},{"type":"Feature","properties":{"kind":"stream","name":""},"geometry":{"type":"LineString","coordinates":[[41.656272,41.61921],[41.656114,41.619184],[41.656082,41.619158],[41.656015,41.619152],[41.655956,41.619142],[41.655902,41.61912],[41.65583,41.619068],[41.655768,41.619034],[41.655701,41.619022],[41.65563,41.619019],[41.655602,41.619018],[41.655575,41.619007],[41.655544,41.618985],[41.655515,41.618978],[41.655484,41.618972],[41.655456,41.618958],[41.655426,41.618939],[41.655293,41.6189],[41.655217,41.618883],[41.65519,41.618872],[41.655171,41.618854],[41.655149,41.618839],[41.655083,41.618813],[41.655035,41.618802],[41.655021,41.618792],[41.655008,41.618744],[41.654982,41.618733],[41.654953,41.618734],[41.654906,41.618739],[41.654658,41.618742],[41.654616,41.618718],[41.654585,41.618677],[41.654533,41.618642],[41.654479,41.618622],[41.654427,41.618604],[41.654396,41.618604],[41.654349,41.618602],[41.654298,41.61858],[41.654251,41.618532],[41.654241,41.618506],[41.654237,41.618498],[41.654221,41.618479],[41.654195,41.618467],[41.654164,41.618467],[41.654133,41.618461],[41.65409,41.618439],[41.654064,41.618425],[41.65403,41.618418],[41.653999,41.618414],[41.653899,41.618414],[41.653869,41.61841],[41.653849,41.618403],[41.653825,41.618391],[41.653742,41.618376],[41.653648,41.618387],[41.653624,41.6184],[41.653578,41.618415],[41.653456,41.618406],[41.653421,41.618262],[41.653362,41.618236],[41.65329,41.618214],[41.65322,41.618165],[41.653156,41.618119],[41.65304,41.618077],[41.652954,41.618061],[41.652804,41.618055],[41.652584,41.618065],[41.652528,41.618083],[41.652448,41.618105],[41.652413,41.618101],[41.652375,41.618105],[41.652332,41.618117],[41.652321,41.618149],[41.652313,41.618184],[41.652268,41.618187],[41.652144,41.618178]]}},{"type":"Feature","properties":{"kind":"stream","name":""},"geometry":{"type":"LineString","coordinates":[[41.659722,41.606685],[41.659684,41.606651]]}},{"type":"Feature","properties":{"kind":"stream","name":""},"geometry":{"type":"LineString","coordinates":[[41.659774,41.607371],[41.659834,41.607162],[41.659801,41.607035],[41.659797,41.606996],[41.659797,41.606972],[41.659761,41.606806],[41.659753,41.606777],[41.659738,41.606701],[41.659722,41.606685]]}},{"type":"Feature","properties":{"kind":"stream","name":""},"geometry":{"type":"LineString","coordinates":[[41.659684,41.606651],[41.659679,41.606628],[41.659614,41.606487],[41.659614,41.606434],[41.659621,41.606397],[41.659632,41.606376],[41.659643,41.606355],[41.65963,41.606317],[41.65961,41.606292],[41.659598,41.60627],[41.659577,41.606252],[41.659547,41.606248],[41.659523,41.606234],[41.659495,41.606242],[41.659466,41.606245],[41.659441,41.606231],[41.659423,41.606212],[41.659394,41.606205],[41.659365,41.606204],[41.659321,41.606199],[41.659259,41.606177],[41.659235,41.606163],[41.659201,41.606135],[41.659161,41.60611],[41.65911,41.606073],[41.659095,41.606026]]}},{"type":"Feature","properties":{"kind":"stream","name":""},"geometry":{"type":"LineString","coordinates":[[41.659624,41.607374],[41.659713,41.607378]]}},{"type":"Feature","properties":{"kind":"stream","name":""},"geometry":{"type":"LineString","coordinates":[[41.659713,41.607378],[41.659774,41.607371]]}},{"type":"Feature","properties":{"kind":"stream","name":""},"geometry":{"type":"LineString","coordinates":[[41.658995,41.605987],[41.658877,41.605928]]}},{"type":"Feature","properties":{"kind":"stream","name":""},"geometry":{"type":"LineString","coordinates":[[41.664241,41.604938],[41.664102,41.605006],[41.663986,41.605006],[41.663839,41.604964],[41.663775,41.604972],[41.663319,41.605132],[41.662973,41.605295],[41.662804,41.605339],[41.662694,41.605415],[41.662318,41.605501],[41.662126,41.605502],[41.661975,41.605437],[41.661813,41.605421],[41.661707,41.605525],[41.661609,41.605678],[41.661559,41.60572],[41.661492,41.605737],[41.661375,41.605712],[41.661173,41.605727],[41.661064,41.605775],[41.660954,41.605785],[41.660885,41.605834],[41.660728,41.605812],[41.660564,41.605883],[41.660339,41.60578],[41.660078,41.605748],[41.659917,41.605837],[41.65983,41.605829],[41.659683,41.605887],[41.659612,41.60586],[41.659553,41.605865],[41.659301,41.606015],[41.659095,41.606026],[41.658995,41.605987]]}},{"type":"Feature","properties":{"kind":"stream","name":""},"geometry":{"type":"LineString","coordinates":[[41.640067,41.620433],[41.640015,41.620423],[41.639956,41.620449],[41.639903,41.620487],[41.639796,41.620536],[41.639726,41.620568],[41.639688,41.620558],[41.639632,41.620572],[41.639573,41.620602],[41.639503,41.620596],[41.639326,41.620501],[41.639159,41.620437]]}},{"type":"Feature","properties":{"kind":"stream","name":""},"geometry":{"type":"LineString","coordinates":[[41.643451,41.621111],[41.643408,41.621146],[41.643105,41.621113],[41.642786,41.620922],[41.642631,41.620767],[41.642494,41.620704],[41.642439,41.620649],[41.642089,41.620725],[41.641996,41.620715],[41.641807,41.620531],[41.641473,41.6204],[41.641287,41.620272],[41.641154,41.62018],[41.641113,41.620151],[41.641119,41.620116],[41.641263,41.620136],[41.641684,41.620289],[41.641925,41.620334],[41.642159,41.620306],[41.642311,41.620221]]}},{"type":"Feature","properties":{"kind":"stream","name":""},"geometry":{"type":"LineString","coordinates":[[41.643641,41.621274],[41.643665,41.62125]]}},{"type":"Feature","properties":{"kind":"stream","name":""},"geometry":{"type":"LineString","coordinates":[[41.64359,41.621319],[41.643623,41.62129]]}},{"type":"Feature","properties":{"kind":"stream","name":""},"geometry":{"type":"LineString","coordinates":[[41.65715,41.622799],[41.657268,41.622867],[41.657437,41.622909],[41.65756,41.623028],[41.657665,41.623038],[41.657734,41.623062],[41.657761,41.623096],[41.657825,41.623108],[41.658072,41.623066],[41.658201,41.62315],[41.658244,41.623146],[41.658239,41.6231],[41.658263,41.623084],[41.658305,41.623104],[41.658389,41.623082],[41.658423,41.623094],[41.658442,41.62315],[41.658279,41.623228],[41.658528,41.623317],[41.658467,41.623377],[41.65852,41.623397],[41.658617,41.623375],[41.658609,41.623337],[41.658654,41.623323],[41.658858,41.623447],[41.659024,41.623459],[41.659048,41.623501],[41.659124,41.623487],[41.659156,41.623537],[41.659234,41.623527],[41.65929,41.623491],[41.65933,41.623553],[41.659499,41.623565],[41.659553,41.623615],[41.659609,41.623629],[41.659641,41.623565],[41.659781,41.623529],[41.65981,41.623549],[41.659799,41.623619],[41.659877,41.623655],[41.660006,41.623663],[41.660068,41.623702],[41.660095,41.623776],[41.660349,41.623892],[41.660462,41.623894],[41.660596,41.623772],[41.660937,41.623782],[41.661264,41.623703],[41.661347,41.623711],[41.661556,41.623786],[41.661591,41.623834],[41.661631,41.62382],[41.661642,41.62378],[41.661682,41.623756],[41.66187,41.62374],[41.661921,41.623756],[41.662034,41.623874],[41.662173,41.62395],[41.66223,41.624045],[41.662301,41.624029],[41.662454,41.624051],[41.662675,41.623988],[41.662816,41.624031],[41.662842,41.62408],[41.662879,41.624088],[41.66294,41.624048],[41.662959,41.624056],[41.662892,41.624157],[41.662919,41.624217],[41.663037,41.624225],[41.663064,41.624163],[41.663123,41.624163],[41.663144,41.624207],[41.663117,41.624281],[41.663139,41.624299],[41.663203,41.624289],[41.66323,41.624249],[41.663378,41.624229],[41.663391,41.624151],[41.663442,41.624167],[41.663463,41.624239],[41.663493,41.624253],[41.663643,41.624217],[41.663713,41.624351]]}},{"type":"Feature","properties":{"kind":"stream","name":""},"geometry":{"type":"LineString","coordinates":[[41.658979,41.614745],[41.658869,41.61468],[41.658681,41.614644],[41.658566,41.614654],[41.658517,41.61462],[41.658477,41.614624],[41.658467,41.61465],[41.658356,41.614666],[41.658239,41.614638],[41.658091,41.61464],[41.658,41.614672],[41.657863,41.614646],[41.657753,41.614668],[41.657699,41.614644],[41.657635,41.614646],[41.65749,41.61472],[41.657159,41.614721],[41.656554,41.614722],[41.656404,41.614749],[41.656061,41.614809],[41.655908,41.614803],[41.655843,41.614769],[41.655666,41.614741],[41.65563,41.614747],[41.6555,41.614773],[41.655363,41.614831],[41.655149,41.614967],[41.655139,41.614973],[41.65499,41.615067],[41.654913,41.615085],[41.654765,41.615059],[41.65455,41.615067],[41.65425,41.615019],[41.653984,41.615039],[41.653692,41.615107],[41.653579,41.615243],[41.653538,41.615257],[41.653484,41.615274],[41.653413,41.615414],[41.653362,41.615426],[41.653343,41.615472],[41.653373,41.615537],[41.65325,41.615627],[41.653121,41.615873],[41.652946,41.615916],[41.652745,41.615893],[41.652676,41.615865],[41.652584,41.615873],[41.65249,41.615833],[41.652289,41.615793],[41.651935,41.615787],[41.65186,41.615766],[41.65171,41.615725],[41.65112,41.615677],[41.650892,41.615759],[41.650688,41.615793],[41.650557,41.615918],[41.650393,41.615986],[41.650149,41.61617],[41.650034,41.616365],[41.650133,41.616591],[41.650138,41.61671],[41.650264,41.616824],[41.65031,41.616954],[41.650248,41.617125],[41.650114,41.617153],[41.649999,41.617309],[41.650015,41.617444],[41.649937,41.617626],[41.649948,41.617694],[41.650079,41.617821],[41.650058,41.617913],[41.650079,41.618015],[41.649958,41.618137],[41.649945,41.61828],[41.650034,41.618456],[41.650069,41.618472],[41.650122,41.618452],[41.650192,41.618458],[41.65027,41.618563],[41.65038,41.618586],[41.650436,41.618633],[41.650457,41.618739],[41.650388,41.618813],[41.650369,41.618931],[41.650371,41.618958],[41.650418,41.618976],[41.650422,41.618978],[41.650468,41.618996],[41.650574,41.618987],[41.650667,41.61898],[41.650685,41.618927],[41.650661,41.618803],[41.650712,41.618729],[41.650846,41.618671],[41.650937,41.618667]]}},{"type":"Feature","properties":{"kind":"stream","name":""},"geometry":{"type":"LineString","coordinates":[[41.664402,41.604555],[41.664279,41.604577],[41.664206,41.604539],[41.664198,41.604495],[41.664059,41.604507],[41.664091,41.604394],[41.664054,41.604324],[41.664011,41.604274],[41.663879,41.604278],[41.663852,41.604228],[41.663954,41.604134],[41.663952,41.604085],[41.663887,41.604081],[41.663748,41.60415],[41.663665,41.604124],[41.663635,41.60409],[41.663453,41.604186],[41.663359,41.604176],[41.663303,41.604196],[41.66319,41.60418],[41.663147,41.60415],[41.663131,41.604099],[41.662994,41.60413],[41.662989,41.604035],[41.662943,41.604037],[41.662911,41.604099],[41.662876,41.60409],[41.662812,41.603969],[41.662771,41.603959],[41.662579,41.604026],[41.662487,41.604057],[41.662433,41.604051],[41.662399,41.604116],[41.662256,41.604059],[41.662203,41.604059],[41.662055,41.604186],[41.661943,41.604228],[41.661859,41.604206],[41.661728,41.60421],[41.661639,41.604248],[41.661487,41.604252],[41.661302,41.60421],[41.661232,41.604158],[41.661122,41.604154]]}},{"type":"Feature","properties":{"kind":"stream","name":""},"geometry":{"type":"LineString","coordinates":[[41.645908,41.610128],[41.645841,41.610106],[41.645785,41.610112],[41.645715,41.610132],[41.645637,41.61014],[41.645565,41.610178],[41.645452,41.610245],[41.645318,41.610268],[41.645235,41.610299],[41.645173,41.610321],[41.645047,41.610391],[41.644983,41.610397],[41.644932,41.610379],[41.644876,41.610359],[41.644819,41.610353],[41.644795,41.610341],[41.644776,41.610309],[41.644795,41.610264],[41.644795,41.610236],[41.644771,41.610214],[41.644707,41.610198],[41.644677,41.610188],[41.644656,41.610144],[41.644637,41.610122],[41.644605,41.610108],[41.644573,41.610086],[41.644551,41.610058],[41.64453,41.610002],[41.644538,41.609952],[41.644519,41.609853],[41.644511,41.609789],[41.644492,41.609727],[41.644479,41.609697],[41.644347,41.609647],[41.64431,41.609619],[41.644278,41.609579],[41.644245,41.609547],[41.644216,41.609521],[41.644165,41.609504],[41.644146,41.60949],[41.644138,41.609468],[41.644087,41.609458],[41.644001,41.60943],[41.643867,41.609374],[41.643779,41.609338],[41.643693,41.609326],[41.643658,41.60932],[41.643596,41.609342],[41.643527,41.609338],[41.64347,41.609322],[41.6434,41.609324],[41.643333,41.609316],[41.643234,41.609284],[41.643178,41.60925],[41.643148,41.60922],[41.643081,41.609186],[41.643017,41.609167],[41.642939,41.609147],[41.642923,41.609135],[41.642875,41.609109],[41.642818,41.609109],[41.64273,41.609121],[41.642652,41.609121],[41.642566,41.609147],[41.642438,41.609178],[41.642338,41.609194],[41.642269,41.609194],[41.64221,41.60917],[41.642159,41.609144],[41.642124,41.609119],[41.642081,41.609113],[41.642011,41.609125],[41.641917,41.609117],[41.641805,41.609077],[41.641735,41.609065],[41.641662,41.609081],[41.64159,41.609113],[41.641518,41.609113],[41.641424,41.609099],[41.641378,41.609103],[41.64129,41.609101],[41.641188,41.609079],[41.641113,41.609075],[41.641027,41.609101],[41.640922,41.609135],[41.640869,41.609161],[41.640826,41.60921],[41.640734,41.609242],[41.640549,41.609272],[41.640465,41.609284]]}},{"type":"Feature","properties":{"kind":"stream","name":""},"geometry":{"type":"LineString","coordinates":[[41.65388,41.607559],[41.653829,41.607491],[41.653746,41.607445],[41.653663,41.607433],[41.653582,41.607409],[41.653494,41.607385],[41.653384,41.607387],[41.653303,41.607312],[41.653343,41.607254],[41.653444,41.607164],[41.653596,41.60702],[41.653655,41.606968],[41.653716,41.606881],[41.653762,41.606831],[41.653826,41.606741],[41.653883,41.606697],[41.65395,41.606681],[41.653987,41.606641],[41.653982,41.606564],[41.653944,41.606508],[41.653966,41.606436],[41.654033,41.606376],[41.654086,41.606348],[41.654175,41.60633],[41.654258,41.606292],[41.65436,41.606225],[41.654457,41.606089],[41.654483,41.606023],[41.654581,41.605878],[41.654623,41.605792],[41.654597,41.605647],[41.654561,41.605475],[41.654537,41.605311],[41.654575,41.605207],[41.654567,41.605132],[41.654569,41.605078],[41.654588,41.605006],[41.654588,41.60494],[41.654591,41.604804],[41.654591,41.604727],[41.65454,41.604661],[41.654513,41.604605],[41.654508,41.604527],[41.65456,41.604417]]}},{"type":"Feature","properties":{"kind":"stream","name":""},"geometry":{"type":"LineString","coordinates":[[41.653984,41.608865],[41.654076,41.608934],[41.654153,41.608993],[41.654218,41.609007],[41.654278,41.609054],[41.654331,41.609131],[41.654395,41.609173],[41.654432,41.609208],[41.654451,41.609238],[41.654486,41.60928],[41.654553,41.609302],[41.654572,41.609322],[41.654567,41.609346],[41.65455,41.60938],[41.654564,41.60942],[41.654623,41.60944],[41.654655,41.609434],[41.654698,41.609396],[41.654856,41.60931],[41.655049,41.609238],[41.655119,41.609254],[41.655194,41.609294],[41.655259,41.609328],[41.655318,41.609334],[41.655377,41.609322],[41.655441,41.609312],[41.655521,41.609318],[41.655602,41.60929],[41.655664,41.60922],[41.655707,41.609173],[41.65576,41.60915],[41.655889,41.609105],[41.655937,41.609091],[41.656015,41.609031],[41.656066,41.608975],[41.656103,41.608965],[41.65616,41.608949],[41.656195,41.608939],[41.656254,41.608963],[41.656318,41.608967],[41.65638,41.608963],[41.656428,41.608943],[41.656468,41.608885],[41.656466,41.608827],[41.656463,41.608738],[41.656447,41.608624],[41.656441,41.608576],[41.656428,41.608441],[41.656412,41.608377],[41.656385,41.608313],[41.65631,41.608293],[41.656272,41.608277],[41.656267,41.608199],[41.656246,41.608159],[41.6562,41.608099],[41.656168,41.608063],[41.656112,41.608047],[41.656071,41.608028],[41.656071,41.607996],[41.656085,41.60794],[41.656063,41.60788],[41.656077,41.607834],[41.65612,41.6078],[41.656136,41.607776],[41.65612,41.607748],[41.656093,41.607716],[41.656077,41.607684],[41.656093,41.607645],[41.656109,41.607601],[41.656141,41.607563],[41.656144,41.607515],[41.656173,41.607475],[41.656179,41.607447],[41.656165,41.607413],[41.656141,41.607401],[41.656079,41.607391],[41.656026,41.607365],[41.655994,41.607329],[41.656004,41.607306],[41.656036,41.60729],[41.65609,41.607278],[41.656122,41.607246],[41.65612,41.607204],[41.65609,41.607144],[41.656039,41.607026],[41.656042,41.606923],[41.656074,41.606833],[41.656058,41.606755],[41.656069,41.606693],[41.656074,41.606627],[41.656066,41.606566],[41.656036,41.606516],[41.655948,41.606466],[41.655889,41.606434],[41.655865,41.606416],[41.655846,41.606336],[41.655811,41.606251],[41.655763,41.606227],[41.655733,41.606207],[41.655672,41.606091],[41.655575,41.606027],[41.655411,41.606019],[41.65524,41.605985],[41.655126,41.605944],[41.655068,41.605931],[41.65502,41.60588],[41.654922,41.605816],[41.654811,41.605769],[41.654748,41.605731],[41.654597,41.605647]]}},{"type":"Feature","properties":{"kind":"stream","name":""},"geometry":{"type":"LineString","coordinates":[[41.664338,41.610704],[41.66433,41.61071],[41.66429,41.610732],[41.664233,41.610814],[41.664177,41.610872],[41.664032,41.610884],[41.663962,41.61087],[41.663944,41.610824],[41.663997,41.610746],[41.66397,41.610694],[41.663911,41.610611],[41.663847,41.610583],[41.663777,41.610597],[41.663777,41.610656],[41.663807,41.610704],[41.663839,41.61075],[41.66386,41.610796],[41.663868,41.610864],[41.663826,41.61089],[41.663756,41.610902],[41.663702,41.610918],[41.663651,41.6109],[41.663598,41.610818],[41.663504,41.610587],[41.663531,41.610457],[41.663608,41.610347],[41.6636,41.610293],[41.663581,41.610214],[41.663544,41.610182],[41.663278,41.610128],[41.663168,41.610082],[41.663072,41.610056],[41.663032,41.61001],[41.662946,41.610002],[41.662911,41.609972],[41.662871,41.60992],[41.662796,41.609893],[41.662737,41.609843],[41.662675,41.609807],[41.662637,41.609787],[41.662578,41.609783],[41.662519,41.609769],[41.662463,41.609711],[41.662391,41.609633],[41.662337,41.609583],[41.662299,41.609575],[41.662273,41.609581],[41.662262,41.609607],[41.662278,41.609661],[41.662286,41.609709],[41.662203,41.609725],[41.662152,41.609718],[41.662066,41.609695],[41.662069,41.609639],[41.66205,41.609615],[41.662042,41.609593],[41.662061,41.609553],[41.662063,41.609519],[41.662042,41.609492],[41.662061,41.609464],[41.662085,41.609432],[41.662063,41.609392],[41.662074,41.609336],[41.662081,41.609278],[41.662208,41.60919],[41.662232,41.609158],[41.662234,41.609082],[41.662254,41.609052],[41.662258,41.609017],[41.662226,41.608999],[41.6622,41.608989],[41.662163,41.608967],[41.662152,41.608945],[41.662158,41.608923],[41.662161,41.608908],[41.662138,41.608895],[41.662108,41.608889],[41.662045,41.608885],[41.662019,41.608895],[41.661999,41.608911],[41.661979,41.608929],[41.661952,41.608941],[41.66187,41.608952],[41.661839,41.60895],[41.66181,41.60894],[41.661782,41.608921],[41.661766,41.608901],[41.661755,41.608873],[41.661749,41.608851],[41.661704,41.60881],[41.661661,41.608775],[41.661641,41.608738],[41.661645,41.608716],[41.661642,41.608692],[41.661625,41.608675],[41.661583,41.608654],[41.661489,41.608613],[41.661462,41.608601],[41.6614,41.60859],[41.661369,41.60859],[41.661334,41.608592],[41.661304,41.608593],[41.661237,41.608607],[41.661209,41.608604],[41.661181,41.608595],[41.661162,41.608576],[41.661131,41.608539],[41.661096,41.608525],[41.661067,41.608523],[41.660972,41.608527],[41.660875,41.608539],[41.660832,41.608553],[41.660804,41.608559],[41.660768,41.60856],[41.66073,41.608548],[41.660655,41.608515],[41.660533,41.608429],[41.660441,41.608363],[41.660329,41.608333],[41.660046,41.608377],[41.65999,41.608387],[41.659936,41.608403],[41.659804,41.608404],[41.659657,41.608429],[41.659553,41.608399],[41.659487,41.60831],[41.659545,41.607986],[41.659462,41.607781],[41.659488,41.607626],[41.659458,41.607535],[41.659562,41.607457],[41.659562,41.607392],[41.659597,41.607373],[41.659624,41.607374]]}},{"type":"Feature","properties":{"kind":"stream","name":""},"geometry":{"type":"LineString","coordinates":[[41.659684,41.610557],[41.659588,41.610547],[41.659529,41.610557],[41.659494,41.610553],[41.659486,41.610527],[41.659496,41.610413],[41.659526,41.610327],[41.65959,41.610259],[41.659614,41.610248],[41.659695,41.610242],[41.659767,41.610248],[41.659875,41.610247],[41.659939,41.61022],[41.659985,41.610166],[41.660017,41.610146],[41.660081,41.610154],[41.660159,41.610192],[41.660229,41.610212],[41.660269,41.610192],[41.660325,41.610186],[41.6604,41.610174],[41.660451,41.610142],[41.660446,41.61007],[41.660414,41.609994],[41.660392,41.609912],[41.660357,41.609825],[41.660272,41.609763],[41.66021,41.609625],[41.660234,41.609549],[41.66028,41.60946],[41.660277,41.609392],[41.660229,41.609322],[41.660103,41.609248],[41.659947,41.609155],[41.659867,41.609025],[41.659875,41.608869],[41.65988,41.60879],[41.659926,41.608714],[41.659993,41.608582],[41.659995,41.608505],[41.660006,41.608462],[41.659936,41.608403]]}},{"type":"Feature","properties":{"kind":"stream","name":""},"geometry":{"type":"LineString","coordinates":[[41.650648,41.613369],[41.650519,41.613387],[41.650447,41.613419],[41.650361,41.613433],[41.650208,41.613483],[41.650042,41.613533],[41.649999,41.613577],[41.64998,41.613604],[41.649921,41.613627],[41.649865,41.613688],[41.649832,41.613732],[41.649789,41.61376],[41.649782,41.613812],[41.649816,41.613838],[41.649857,41.613848],[41.64994,41.613882],[41.65001,41.613896],[41.650093,41.613908],[41.650178,41.613952],[41.650267,41.613985],[41.650353,41.614029],[41.650425,41.614085],[41.650495,41.614189],[41.650532,41.614233],[41.650573,41.614255],[41.650594,41.614297],[41.650602,41.614335],[41.650626,41.614382],[41.650675,41.614398],[41.650766,41.614408],[41.650827,41.614436],[41.650846,41.614462],[41.650854,41.614506],[41.650878,41.61455],[41.650945,41.614602],[41.651013,41.614626],[41.651106,41.61462],[41.651195,41.614584],[41.651257,41.614538],[41.651337,41.614484],[41.65138,41.614458],[41.651423,41.614426],[41.651474,41.614353],[41.651511,41.614319],[41.651565,41.614289],[41.651651,41.614277],[41.651718,41.614239],[41.651823,41.614181],[41.651871,41.614151],[41.651938,41.614079],[41.651975,41.614023],[41.652005,41.61392],[41.652053,41.613878],[41.652102,41.613832],[41.652179,41.613832],[41.652238,41.613852],[41.652289,41.613904],[41.652402,41.613926],[41.652456,41.613916],[41.652488,41.613884],[41.652576,41.613894],[41.652635,41.613924],[41.652718,41.613918],[41.652818,41.613892],[41.652871,41.61389],[41.652906,41.613902],[41.652991,41.61391],[41.653078,41.613958]]}},{"type":"Feature","properties":{"kind":"stream","name":""},"geometry":{"type":"LineString","coordinates":[[41.663179,41.606318],[41.662946,41.606366],[41.662838,41.606316],[41.662806,41.606248],[41.66277,41.606246],[41.662738,41.606244],[41.662706,41.606275],[41.662652,41.606279],[41.662549,41.606187],[41.662321,41.606135],[41.662246,41.606081],[41.662232,41.605979],[41.66194,41.605967],[41.661897,41.605937],[41.661889,41.605822],[41.661752,41.605706],[41.661701,41.60568],[41.661609,41.605678]]}},{"type":"Feature","properties":{"kind":"stream","name":""},"geometry":{"type":"LineString","coordinates":[[41.658614,41.613186],[41.658646,41.61325],[41.65863,41.613301],[41.658517,41.613409],[41.658531,41.613453],[41.65892,41.613463],[41.659008,41.613473],[41.659032,41.613509],[41.658981,41.613559],[41.659003,41.613692],[41.658831,41.613788],[41.658788,41.613856],[41.65881,41.613928],[41.658775,41.614041],[41.658831,41.614087],[41.659328,41.614154],[41.659483,41.614209],[41.660097,41.614159],[41.660333,41.614169],[41.660505,41.614059],[41.660698,41.614017]]}},{"type":"Feature","properties":{"kind":"stream","name":""},"geometry":{"type":"LineString","coordinates":[[41.639997,41.61705],[41.639865,41.617056],[41.639825,41.617079],[41.639769,41.617089],[41.639707,41.617073],[41.639645,41.617071],[41.639549,41.617055],[41.639509,41.617038],[41.639463,41.617029],[41.639404,41.617016],[41.639377,41.616974],[41.63935,41.616936],[41.639291,41.61693],[41.639211,41.616898],[41.639171,41.61688],[41.639093,41.616858],[41.639045,41.616826],[41.638983,41.616818],[41.638921,41.616804],[41.638868,41.61678],[41.638725,41.616645],[41.638653,41.616636],[41.638618,41.616631],[41.638597,41.616591],[41.638514,41.616559],[41.638487,41.616551]]}},{"type":"Feature","properties":{"kind":"stream","name":""},"geometry":{"type":"LineString","coordinates":[[41.643231,41.611733],[41.64266,41.611666],[41.642344,41.611614],[41.642121,41.611612],[41.642067,41.611608],[41.642008,41.611604],[41.64196,41.61161],[41.641901,41.611608],[41.641815,41.611578],[41.641705,41.611572],[41.64167,41.611594],[41.641617,41.611614],[41.641574,41.611582],[41.641512,41.611584],[41.641477,41.611622],[41.641472,41.611644],[41.641467,41.61169],[41.641408,41.611674],[41.641389,41.61163],[41.641327,41.611634],[41.64133,41.611692],[41.641322,41.611736],[41.641233,41.611747],[41.641161,41.611733],[41.641102,41.611745],[41.64104,41.611753],[41.640984,41.611731],[41.640922,41.611702],[41.640906,41.611658],[41.640879,41.611616],[41.640847,41.611608],[41.640826,41.611606],[41.640764,41.61161],[41.640751,41.611566],[41.640716,41.61153],[41.640611,41.611558],[41.640563,41.611532],[41.640587,41.61149],[41.640568,41.611448],[41.640512,41.611434],[41.640464,41.611462],[41.640421,41.611494],[41.640359,41.611494],[41.640313,41.611486],[41.640286,41.611448],[41.640292,41.611404],[41.640289,41.611357],[41.640225,41.611347],[41.640152,41.611376],[41.640099,41.611394],[41.640037,41.611384],[41.639986,41.611382],[41.63994,41.611353],[41.63989,41.611301],[41.639812,41.611239],[41.639632,41.611165],[41.639452,41.611113],[41.639409,41.611109],[41.63935,41.611113],[41.639283,41.611151],[41.639136,41.611183],[41.639071,41.611179],[41.63897,41.611153],[41.638913,41.611133],[41.638886,41.611119],[41.638854,41.611081],[41.638833,41.611041],[41.638776,41.611019],[41.638715,41.611021],[41.638699,41.611067],[41.63868,41.611113],[41.638621,41.611131],[41.638559,41.611129],[41.638503,41.611107],[41.638342,41.611057],[41.638275,41.611035],[41.638208,41.610996],[41.63809,41.610946],[41.638017,41.610916],[41.637907,41.610866],[41.637822,41.610836],[41.637717,41.610816],[41.637653,41.610814],[41.637594,41.610828],[41.637543,41.610854],[41.637481,41.610864],[41.63743,41.610864],[41.637384,41.610894],[41.637366,41.610936],[41.63732,41.610968],[41.637258,41.610964],[41.636896,41.610868],[41.636676,41.610818]]}},{"type":"Feature","properties":{"kind":"stream","name":""},"geometry":{"type":"LineString","coordinates":[[41.652995,41.623882],[41.65293,41.623852],[41.652753,41.6238],[41.652729,41.62376],[41.652724,41.6237],[41.652705,41.623667],[41.652662,41.623637],[41.652606,41.623623],[41.652582,41.623575],[41.652603,41.623541],[41.652606,41.623459],[41.652499,41.623306],[41.652389,41.62324],[41.652284,41.623202],[41.65212,41.623176],[41.651949,41.62314],[41.651887,41.62312],[41.651699,41.62311],[41.651654,41.62309],[41.651613,41.623044],[41.651576,41.623018],[41.651482,41.623014],[41.651375,41.623022],[41.65123,41.622903],[41.651195,41.622884],[41.651136,41.622873],[41.651058,41.622811],[41.650948,41.622817],[41.650889,41.622811],[41.650833,41.622765],[41.650782,41.622753],[41.650728,41.622699],[41.650693,41.622697],[41.650597,41.622613],[41.650591,41.622589],[41.650602,41.622545],[41.650554,41.622518],[41.650481,41.622512],[41.650455,41.622501],[41.650439,41.622482],[41.650433,41.622428],[41.650409,41.622388],[41.650337,41.622298],[41.650272,41.622238],[41.650213,41.622228],[41.650125,41.622228],[41.649969,41.622148],[41.649972,41.622092],[41.650007,41.621959],[41.649993,41.621927],[41.64995,41.621883],[41.649964,41.621841],[41.650055,41.62168],[41.650047,41.621656],[41.649991,41.621626],[41.64995,41.621478],[41.649993,41.621374],[41.650039,41.621313],[41.650044,41.621273],[41.650017,41.621225],[41.650004,41.621157],[41.65001,41.621107],[41.650044,41.621059],[41.6502,41.6209],[41.650237,41.62084],[41.650229,41.620784],[41.650122,41.620684],[41.65001,41.620646],[41.649929,41.620604],[41.649897,41.62057],[41.649878,41.62052],[41.649875,41.620469],[41.649843,41.620433],[41.649792,41.620409],[41.649339,41.620301],[41.649084,41.620229],[41.64902,41.620191],[41.648915,41.62011]]}},{"type":"Feature","properties":{"kind":"stream","name":""},"geometry":{"type":"LineString","coordinates":[[41.662343,41.617657],[41.662326,41.617646],[41.662289,41.617592],[41.662278,41.617552],[41.662232,41.617548],[41.662181,41.617572],[41.662112,41.61756],[41.662042,41.617534],[41.66191,41.61748],[41.661873,41.617446],[41.661798,41.61743],[41.661763,41.617381],[41.661704,41.617371],[41.661615,41.617367],[41.661578,41.617343],[41.661524,41.617347],[41.661479,41.617351],[41.661441,41.617391],[41.661398,41.617442],[41.661406,41.61749],[41.661417,41.617538],[41.661403,41.617564],[41.661342,41.61756],[41.661304,41.617546],[41.661251,41.617542],[41.661213,41.617518],[41.66117,41.61747],[41.661183,41.617404],[41.661189,41.617339],[41.661181,41.617237],[41.661165,41.617203],[41.661055,41.617127],[41.660982,41.617113],[41.660939,41.617127],[41.660867,41.617127],[41.660821,41.617109],[41.660803,41.617083],[41.660765,41.617075],[41.660752,41.617089],[41.660711,41.617103],[41.660695,41.617069],[41.660679,41.617047],[41.660647,41.617033],[41.660618,41.617044],[41.660572,41.617071],[41.660516,41.617049],[41.660475,41.617008],[41.660441,41.616994],[41.660408,41.616988],[41.660352,41.616986],[41.660247,41.616986],[41.660162,41.616986],[41.660151,41.617016],[41.660127,41.617038],[41.660086,41.617036],[41.660019,41.617014],[41.660003,41.61699],[41.659958,41.616992],[41.659931,41.617004],[41.659928,41.617029],[41.659875,41.617038]]}},{"type":"Feature","properties":{"kind":"stream","name":""},"geometry":{"type":"LineString","coordinates":[[41.660698,41.6129],[41.660709,41.612994],[41.660711,41.613112],[41.660703,41.613156],[41.660655,41.613202],[41.660628,41.613242],[41.660642,41.613287],[41.660677,41.613323],[41.660717,41.613359],[41.660738,41.613419],[41.660644,41.613533],[41.660631,41.613611],[41.660663,41.613718],[41.660709,41.613838],[41.660722,41.613882],[41.660725,41.613928],[41.660717,41.613974],[41.660698,41.614017],[41.660695,41.614063],[41.66073,41.614103],[41.66077,41.614135],[41.660787,41.614179],[41.660792,41.614223],[41.660787,41.614329],[41.660795,41.614373],[41.660797,41.614526],[41.660803,41.61457],[41.660803,41.61464],[41.660824,41.614696],[41.660827,41.614991],[41.660843,41.615057],[41.660819,41.61515],[41.660851,41.615342],[41.660867,41.615559],[41.660878,41.615717],[41.66087,41.615761],[41.660875,41.615799],[41.660902,41.615841],[41.660907,41.615863],[41.66091,41.615907],[41.660918,41.615952],[41.660913,41.616002],[41.66091,41.616046],[41.660953,41.616078],[41.660996,41.61611],[41.661025,41.616176]]}},{"type":"Feature","properties":{"kind":"stream","name":""},"geometry":{"type":"LineString","coordinates":[[41.655623,41.614181],[41.655546,41.614175],[41.655492,41.614249],[41.655356,41.614281],[41.655197,41.614319],[41.655058,41.614326],[41.655031,41.614327],[41.654937,41.614398],[41.654851,41.614422],[41.654652,41.614373],[41.654427,41.614408],[41.654117,41.614414],[41.654112,41.614514],[41.653993,41.614539],[41.653891,41.614636],[41.653873,41.614688],[41.653799,41.614718],[41.653676,41.614694],[41.653641,41.614736],[41.65363,41.614965],[41.653523,41.615105],[41.653569,41.61519]]}},{"type":"Feature","properties":{"kind":"stream","name":""},"geometry":{"type":"LineString","coordinates":[[41.653078,41.613958],[41.653081,41.614131],[41.653223,41.614532],[41.653199,41.614644],[41.653231,41.614726],[41.653225,41.614811],[41.653303,41.614881],[41.65341,41.615095],[41.653569,41.61519],[41.653579,41.615243]]}},{"type":"Feature","properties":{"kind":"stream","name":""},"geometry":{"type":"LineString","coordinates":[[41.659808,41.617033],[41.65977,41.617006],[41.659781,41.616962],[41.659743,41.61694],[41.659689,41.616944],[41.659668,41.61697],[41.659673,41.617014],[41.659641,41.617056],[41.659582,41.617033],[41.659585,41.616986],[41.659593,41.61693],[41.659553,41.616906],[41.659475,41.616902]]}},{"type":"Feature","properties":{"kind":"stream","name":""},"geometry":{"type":"LineString","coordinates":[[41.659875,41.617038],[41.659808,41.617033]]}},{"type":"Feature","properties":{"kind":"stream","name":""},"geometry":{"type":"LineString","coordinates":[[41.663364,41.617786],[41.663356,41.617789],[41.663284,41.617877],[41.663286,41.617897],[41.6633,41.617941],[41.663281,41.617983],[41.663222,41.617985],[41.663184,41.617953],[41.663152,41.617933],[41.663117,41.617939],[41.663024,41.617913],[41.662914,41.617925],[41.662895,41.617989],[41.662868,41.618025],[41.662809,41.618013],[41.662777,41.617949],[41.662737,41.617891],[41.662669,41.617863],[41.662576,41.617863],[41.662511,41.617847],[41.662498,41.617782],[41.662476,41.617746],[41.662467,41.61774]]}},{"type":"Feature","properties":{"kind":"stream","name":""},"geometry":{"type":"LineString","coordinates":[[41.662467,41.61774],[41.662343,41.617657]]}},{"type":"Feature","properties":{"kind":"stream","name":""},"geometry":{"type":"LineString","coordinates":[[41.664247,41.617744],[41.664198,41.617772],[41.664153,41.617776],[41.664139,41.617722],[41.664075,41.617706],[41.664046,41.617746],[41.663989,41.617752],[41.663968,41.617688],[41.663962,41.617648],[41.663936,41.617606],[41.663906,41.617594],[41.66385,41.617606],[41.663866,41.61765],[41.663877,41.617674],[41.663839,41.61766],[41.663783,41.617654],[41.663799,41.617696],[41.66375,41.617736],[41.663624,41.617718],[41.663488,41.617742]]}},{"type":"Feature","properties":{"kind":"stream","name":""},"geometry":{"type":"LineString","coordinates":[[41.663488,41.617742],[41.663364,41.617786]]}},{"type":"Feature","properties":{"kind":"stream","name":""},"geometry":{"type":"LineString","coordinates":[[41.7176,41.700296],[41.717375,41.700485],[41.717128,41.700601],[41.716817,41.700693],[41.716394,41.700655],[41.716026,41.700513],[41.7158,41.700473],[41.715646,41.700516],[41.715538,41.70057],[41.715517,41.700606],[41.715445,41.70077],[41.715398,41.70084],[41.715327,41.700913]]}},{"type":"Feature","properties":{"kind":"stream","name":""},"geometry":{"type":"LineString","coordinates":[[41.599057,41.628546],[41.599798,41.628905]]}},{"type":"Feature","properties":{"kind":"stream","name":""},"geometry":{"type":"LineString","coordinates":[[41.549481,41.532568],[41.549182,41.532598]]}},{"type":"Feature","properties":{"kind":"stream","name":""},"geometry":{"type":"LineString","coordinates":[[41.549911,41.532573],[41.549481,41.532568]]}},{"type":"Feature","properties":{"kind":"stream","name":""},"geometry":{"type":"LineString","coordinates":[[41.571354,41.531776],[41.570474,41.531519],[41.569272,41.531351],[41.567835,41.531592],[41.566976,41.531592],[41.564766,41.530845],[41.562266,41.53029],[41.561397,41.53029],[41.560979,41.530708],[41.560662,41.530727],[41.560274,41.530745],[41.559949,41.530749],[41.559756,41.530741]]}},{"type":"Feature","properties":{"kind":"stream","name":""},"geometry":{"type":"LineString","coordinates":[[41.557524,41.521286],[41.557127,41.521142]]}},{"type":"Feature","properties":{"kind":"stream","name":""},"geometry":{"type":"LineString","coordinates":[[41.558055,41.52207],[41.557787,41.521531],[41.557524,41.521286]]}},{"type":"Feature","properties":{"kind":"stream","name":""},"geometry":{"type":"LineString","coordinates":[[41.553599,41.52153],[41.553461,41.521472]]}},{"type":"Feature","properties":{"kind":"stream","name":""},"geometry":{"type":"LineString","coordinates":[[41.553978,41.521705],[41.553599,41.52153]]}},{"type":"Feature","properties":{"kind":"stream","name":""},"geometry":{"type":"LineString","coordinates":[[41.556268,41.53391],[41.555818,41.533696],[41.555078,41.533326],[41.554477,41.532981],[41.554016,41.532596],[41.553683,41.532411],[41.553532,41.532302]]}},{"type":"Feature","properties":{"kind":"stream","name":""},"geometry":{"type":"LineString","coordinates":[[41.556563,41.51999],[41.556392,41.519694],[41.556188,41.519545],[41.555885,41.519397],[41.555722,41.519351]]}},{"type":"Feature","properties":{"kind":"stream","name":""},"geometry":{"type":"LineString","coordinates":[[41.556652,41.520082],[41.556563,41.51999]]}},{"type":"Feature","properties":{"kind":"stream","name":""},"geometry":{"type":"LineString","coordinates":[[41.557127,41.521142],[41.556811,41.520841],[41.556773,41.520588],[41.556725,41.52015],[41.556652,41.520082]]}},{"type":"Feature","properties":{"kind":"stream","name":""},"geometry":{"type":"LineString","coordinates":[[41.56261,41.521126],[41.562159,41.521013],[41.561623,41.520965],[41.56135,41.520928],[41.560968,41.520772],[41.560324,41.520379],[41.559241,41.520387],[41.558885,41.520336],[41.558307,41.520122],[41.557858,41.520113],[41.557814,41.519945],[41.557733,41.519656],[41.557385,41.519511],[41.556972,41.519399],[41.556789,41.519202],[41.556457,41.519085],[41.556103,41.51925],[41.555722,41.519351],[41.554595,41.519218],[41.553694,41.519174],[41.553078,41.519204],[41.55275,41.519254],[41.552101,41.519359],[41.551527,41.519121],[41.551017,41.519174],[41.550819,41.519415],[41.550505,41.519744],[41.550331,41.519852],[41.55018,41.519909]]}},{"type":"Feature","properties":{"kind":"stream","name":""},"geometry":{"type":"LineString","coordinates":[[41.551953,41.520912],[41.551736,41.520863]]}},{"type":"Feature","properties":{"kind":"stream","name":""},"geometry":{"type":"LineString","coordinates":[[41.55294,41.521144],[41.551953,41.520912]]}},{"type":"Feature","properties":{"kind":"stream","name":""},"geometry":{"type":"LineString","coordinates":[[41.553461,41.521472],[41.553302,41.521399],[41.553041,41.521231],[41.55294,41.521144]]}},{"type":"Feature","properties":{"kind":"stream","name":""},"geometry":{"type":"LineString","coordinates":[[41.55018,41.519909],[41.549681,41.520017],[41.549164,41.520154],[41.548638,41.520174]]}},{"type":"Feature","properties":{"kind":"stream","name":""},"geometry":{"type":"LineString","coordinates":[[41.550261,41.520055],[41.55018,41.519909]]}},{"type":"Feature","properties":{"kind":"stream","name":""},"geometry":{"type":"LineString","coordinates":[[41.547495,41.520467],[41.547054,41.520563]]}},{"type":"Feature","properties":{"kind":"stream","name":""},"geometry":{"type":"LineString","coordinates":[[41.548638,41.520174],[41.547495,41.520467]]}},{"type":"Feature","properties":{"kind":"stream","name":""},"geometry":{"type":"LineString","coordinates":[[41.55338,41.522283],[41.553286,41.522186],[41.553045,41.522114],[41.552718,41.521831],[41.552409,41.521561],[41.55234,41.521365],[41.55202,41.521214]]}},{"type":"Feature","properties":{"kind":"stream","name":""},"geometry":{"type":"LineString","coordinates":[[41.553434,41.522513],[41.55338,41.522283]]}},{"type":"Feature","properties":{"kind":"stream","name":""},"geometry":{"type":"LineString","coordinates":[[41.551865,41.521005],[41.551736,41.520863],[41.5512,41.520696],[41.550781,41.520431],[41.550642,41.520338],[41.550261,41.520055]]}},{"type":"Feature","properties":{"kind":"stream","name":""},"geometry":{"type":"LineString","coordinates":[[41.55202,41.521214],[41.551865,41.521005]]}},{"type":"Feature","properties":{"kind":"stream","name":""},"geometry":{"type":"LineString","coordinates":[[41.558538,41.524901],[41.558211,41.5246],[41.557931,41.524446],[41.557571,41.524271],[41.557379,41.524143],[41.557293,41.524064],[41.557208,41.52404],[41.556674,41.523811],[41.556328,41.523644],[41.556062,41.523425],[41.555896,41.523269],[41.555652,41.523168],[41.555217,41.52318],[41.554402,41.523048],[41.553884,41.522869],[41.553522,41.522634],[41.553434,41.522513]]}},{"type":"Feature","properties":{"kind":"stream","name":""},"geometry":{"type":"LineString","coordinates":[[41.688798,41.595088],[41.689007,41.595042],[41.689064,41.594897],[41.689089,41.594701],[41.68902,41.594606],[41.688902,41.594585],[41.688816,41.594457],[41.688875,41.594383],[41.689147,41.594237],[41.689834,41.594205],[41.690354,41.594121],[41.690697,41.593752],[41.691278,41.593704],[41.692152,41.593366],[41.692515,41.593105],[41.693099,41.592615],[41.693496,41.591801],[41.693528,41.591376],[41.693561,41.590895],[41.693455,41.589879],[41.693182,41.589416],[41.693084,41.589033],[41.693396,41.588737],[41.69372,41.588579],[41.693142,41.58818],[41.69334,41.587902],[41.69332,41.587659],[41.693113,41.587526],[41.692636,41.587501],[41.692127,41.587126],[41.691876,41.586657],[41.691749,41.586381],[41.691654,41.586174],[41.691619,41.586099],[41.691563,41.586038],[41.691746,41.585968],[41.691796,41.585873],[41.692134,41.58521],[41.692381,41.584638],[41.692114,41.584415],[41.691887,41.584075],[41.691738,41.583931],[41.691636,41.583833]]}},{"type":"Feature","properties":{"kind":"stream","name":""},"geometry":{"type":"LineString","coordinates":[[41.691636,41.583833],[41.691643,41.583511],[41.691926,41.583075],[41.6923,41.582798],[41.692599,41.582673],[41.69275,41.582436],[41.692716,41.581809],[41.692429,41.581142],[41.692147,41.580281],[41.692082,41.579892],[41.691983,41.579591],[41.692301,41.579151],[41.692203,41.578638],[41.693158,41.577898],[41.692626,41.577293],[41.692227,41.576779],[41.692113,41.576633],[41.691881,41.576297],[41.69173,41.575839],[41.691797,41.575482]]}},{"type":"Feature","properties":{"kind":"stream","name":""},"geometry":{"type":"LineString","coordinates":[[41.691797,41.575482],[41.69195,41.575194],[41.69193,41.574917],[41.69156,41.574619],[41.691088,41.574382],[41.690674,41.574093],[41.690484,41.573972],[41.690393,41.573859],[41.690349,41.573309],[41.690301,41.572908],[41.689672,41.572389],[41.689256,41.572087],[41.689046,41.571863],[41.689018,41.571519],[41.689146,41.570975]]}},{"type":"Feature","properties":{"kind":"stream","name":""},"geometry":{"type":"LineString","coordinates":[[41.665521,41.553405],[41.666204,41.553792],[41.666408,41.554219],[41.666418,41.554489],[41.666324,41.554726],[41.665781,41.555032],[41.665628,41.55531],[41.665638,41.555618],[41.666295,41.555925],[41.666528,41.556864],[41.66679,41.55737],[41.667142,41.557412],[41.667573,41.557633],[41.66793,41.558159],[41.668121,41.55856],[41.668558,41.558999],[41.669004,41.559248],[41.669663,41.559485],[41.670276,41.559779],[41.670463,41.560181],[41.670406,41.560673],[41.670615,41.560886],[41.670927,41.561226],[41.67083,41.561475],[41.670439,41.561843],[41.670245,41.562191],[41.670475,41.562362],[41.670609,41.562523],[41.670592,41.562948],[41.670537,41.563141],[41.670367,41.563356],[41.67036,41.563488]]}},{"type":"Feature","properties":{"kind":"stream","name":""},"geometry":{"type":"LineString","coordinates":[[41.668945,41.566015],[41.668449,41.565601],[41.668264,41.56553],[41.668027,41.56549],[41.667616,41.565613],[41.667477,41.565616],[41.667177,41.565711],[41.66673,41.565853],[41.666488,41.566032],[41.665816,41.565878],[41.665059,41.565995],[41.664839,41.566323],[41.664189,41.566552],[41.663247,41.567031],[41.662932,41.567478]]}},{"type":"Feature","properties":{"kind":"river","name":""},"geometry":{"type":"LineString","coordinates":[[41.708376,41.506918],[41.708376,41.506991],[41.708458,41.507105],[41.708533,41.507223],[41.70861,41.507274],[41.708765,41.507339],[41.709035,41.507427],[41.709287,41.507484],[41.709556,41.50752]]}},{"type":"Feature","properties":{"kind":"stream","name":""},"geometry":{"type":"LineString","coordinates":[[41.649673,41.589359],[41.649689,41.589474]]}},{"type":"Feature","properties":{"kind":"stream","name":""},"geometry":{"type":"LineString","coordinates":[[41.649647,41.589228],[41.649673,41.589359]]}},{"type":"Feature","properties":{"kind":"stream","name":""},"geometry":{"type":"LineString","coordinates":[[41.799861,41.6548],[41.798887,41.6538],[41.798242,41.653171],[41.79754,41.652471],[41.797033,41.652053],[41.796937,41.651974],[41.796387,41.651506],[41.796086,41.651162],[41.795618,41.650559]]}},{"type":"Feature","properties":{"kind":"stream","name":""},"geometry":{"type":"LineString","coordinates":[[41.799859,41.651993],[41.798896,41.651598],[41.798263,41.651371],[41.798133,41.651324],[41.797471,41.651097],[41.796395,41.650702],[41.795618,41.650559],[41.795074,41.649828],[41.794791,41.649214],[41.794253,41.648431],[41.793865,41.647831]]}},{"type":"Feature","properties":{"kind":"river","name":"მეჯინისწყალი"},"geometry":{"type":"LineString","coordinates":[[41.640908,41.596817],[41.640617,41.597001],[41.640267,41.597217],[41.640175,41.597293]]}},{"type":"Feature","properties":{"kind":"river","name":"მეჯინისწყალი"},"geometry":{"type":"LineString","coordinates":[[41.640175,41.597293],[41.639961,41.59753]]}},{"type":"Feature","properties":{"kind":"river","name":"მეჯინისწყალი"},"geometry":{"type":"LineString","coordinates":[[41.642402,41.596091],[41.641682,41.596454]]}},{"type":"Feature","properties":{"kind":"river","name":"მეჯინისწყალი"},"geometry":{"type":"LineString","coordinates":[[41.642808,41.595878],[41.642634,41.595969],[41.642402,41.596091]]}},{"type":"Feature","properties":{"kind":"stream","name":""},"geometry":{"type":"LineString","coordinates":[[41.571155,41.558532],[41.571028,41.5586],[41.570781,41.55868],[41.570066,41.55894],[41.569628,41.559074],[41.569312,41.559141],[41.568385,41.559227],[41.56701,41.55942],[41.567002,41.55948],[41.567422,41.560639],[41.567537,41.560769],[41.567807,41.561418],[41.567921,41.561731]]}},{"type":"Feature","properties":{"kind":"stream","name":""},"geometry":{"type":"LineString","coordinates":[[41.709952,41.683173],[41.708574,41.6837],[41.708334,41.68371],[41.708287,41.683743],[41.708223,41.683771],[41.708125,41.683766]]}},{"type":"Feature","properties":{"kind":"stream","name":""},"geometry":{"type":"LineString","coordinates":[[41.708125,41.683766],[41.708051,41.683771]]}},{"type":"Feature","properties":{"kind":"river","name":""},"geometry":{"type":"LineString","coordinates":[[41.626998,41.580771],[41.62695,41.581055],[41.6268,41.581344],[41.626591,41.58148],[41.626623,41.581741],[41.626661,41.582146],[41.62669,41.582288]]}},{"type":"Feature","properties":{"kind":"stream","name":""},"geometry":{"type":"LineString","coordinates":[[41.596388,41.587079],[41.595666,41.587174]]}},{"type":"Feature","properties":{"kind":"stream","name":""},"geometry":{"type":"LineString","coordinates":[[41.596864,41.587134],[41.596388,41.587079]]}},{"type":"Feature","properties":{"kind":"stream","name":""},"geometry":{"type":"LineString","coordinates":[[41.600203,41.587886],[41.599914,41.587856]]}},{"type":"Feature","properties":{"kind":"stream","name":""},"geometry":{"type":"LineString","coordinates":[[41.599914,41.587856],[41.599487,41.587702],[41.599066,41.587581],[41.598895,41.587583],[41.598358,41.587477],[41.597615,41.587348],[41.597315,41.587228],[41.596864,41.587134]]}},{"type":"Feature","properties":{"kind":"stream","name":""},"geometry":{"type":"LineString","coordinates":[[41.608412,41.586361],[41.60797,41.586239],[41.607677,41.586124],[41.607086,41.586113],[41.606741,41.586214],[41.60675,41.586383],[41.606779,41.586562],[41.606553,41.586749],[41.60615,41.586824],[41.605871,41.586993],[41.605602,41.587202],[41.605381,41.587245],[41.605103,41.587144],[41.60493,41.587184],[41.604959,41.587334],[41.60492,41.587593],[41.604632,41.58778],[41.604142,41.58787],[41.603623,41.587949],[41.603547,41.588121],[41.603532,41.588315],[41.603345,41.58843],[41.603071,41.588452],[41.602927,41.588502],[41.602461,41.588797],[41.602187,41.588994],[41.602139,41.589131]]}},{"type":"Feature","properties":{"kind":"stream","name":""},"geometry":{"type":"LineString","coordinates":[[41.664093,41.639716],[41.664114,41.639804]]}},{"type":"Feature","properties":{"kind":"stream","name":""},"geometry":{"type":"LineString","coordinates":[[41.664142,41.639263],[41.664071,41.639603],[41.664093,41.639716]]}},{"type":"Feature","properties":{"kind":"stream","name":""},"geometry":{"type":"LineString","coordinates":[[41.664524,41.641383],[41.66455,41.641437]]}},{"type":"Feature","properties":{"kind":"stream","name":""},"geometry":{"type":"LineString","coordinates":[[41.66455,41.641437],[41.664579,41.641497]]}},{"type":"Feature","properties":{"kind":"stream","name":""},"geometry":{"type":"LineString","coordinates":[[41.664579,41.641497],[41.664764,41.641744],[41.664818,41.641991],[41.664865,41.642078]]}},{"type":"Feature","properties":{"kind":"stream","name":""},"geometry":{"type":"LineString","coordinates":[[41.664865,41.642078],[41.664914,41.642157]]}},{"type":"Feature","properties":{"kind":"stream","name":""},"geometry":{"type":"LineString","coordinates":[[41.664914,41.642157],[41.6655,41.642602]]}},{"type":"Feature","properties":{"kind":"stream","name":""},"geometry":{"type":"LineString","coordinates":[[41.664394,41.640753],[41.664403,41.641082],[41.664524,41.641383]]}},{"type":"Feature","properties":{"kind":"stream","name":""},"geometry":{"type":"LineString","coordinates":[[41.664114,41.639804],[41.664176,41.639986],[41.66423,41.640135],[41.664344,41.64041],[41.66438,41.640557],[41.664394,41.640753]]}},{"type":"Feature","properties":{"kind":"stream","name":""},"geometry":{"type":"LineString","coordinates":[[41.64785,41.610836],[41.647786,41.610776],[41.647719,41.61073],[41.647628,41.610698],[41.647357,41.610611],[41.647188,41.610555],[41.646799,41.610467],[41.646673,41.610425],[41.646557,41.610371],[41.646517,41.610349],[41.646456,41.610331],[41.646402,41.610339],[41.646351,41.610331]]}},{"type":"Feature","properties":{"kind":"stream","name":""},"geometry":{"type":"LineString","coordinates":[[41.645986,41.610196],[41.645908,41.610128]]}},{"type":"Feature","properties":{"kind":"stream","name":""},"geometry":{"type":"LineString","coordinates":[[41.646228,41.610275],[41.646163,41.610242],[41.646061,41.61022],[41.645986,41.610196]]}},{"type":"Feature","properties":{"kind":"stream","name":""},"geometry":{"type":"LineString","coordinates":[[41.646351,41.610331],[41.646228,41.610275]]}},{"type":"Feature","properties":{"kind":"stream","name":""},"geometry":{"type":"LineString","coordinates":[[41.640293,41.609308],[41.640252,41.609314],[41.640142,41.609326],[41.640091,41.60936],[41.640045,41.609418],[41.64001,41.609442],[41.639949,41.609448],[41.6399,41.609462],[41.639836,41.609502],[41.639804,41.609573],[41.639777,41.609613],[41.639763,41.609651],[41.639731,41.609701],[41.639683,41.609779],[41.639656,41.609811],[41.639592,41.609841],[41.639535,41.609882],[41.63949,41.609966],[41.639423,41.610018]]}},{"type":"Feature","properties":{"kind":"stream","name":""},"geometry":{"type":"LineString","coordinates":[[41.640465,41.609284],[41.640293,41.609308]]}},{"type":"Feature","properties":{"kind":"stream","name":""},"geometry":{"type":"LineString","coordinates":[[41.639305,41.610133],[41.639265,41.610172]]}},{"type":"Feature","properties":{"kind":"stream","name":""},"geometry":{"type":"LineString","coordinates":[[41.639423,41.610018],[41.639305,41.610133]]}},{"type":"Feature","properties":{"kind":"stream","name":"სკურკუბა"},"geometry":{"type":"LineString","coordinates":[[41.70437,41.635015],[41.704448,41.635171],[41.704533,41.635404],[41.704437,41.635516],[41.704206,41.635586],[41.704161,41.635664],[41.704174,41.635805],[41.704362,41.635903],[41.704539,41.636029],[41.704721,41.636173],[41.704718,41.636288],[41.704646,41.636454],[41.704528,41.636604],[41.704354,41.636803],[41.704152,41.637054],[41.704126,41.637166],[41.704166,41.637256],[41.704287,41.637308],[41.70449,41.637312],[41.704619,41.637462],[41.704686,41.637613],[41.704713,41.637771],[41.704651,41.637857],[41.704517,41.637904],[41.704305,41.637937],[41.704236,41.63806],[41.70427,41.638158],[41.704244,41.638286],[41.704174,41.638314],[41.704152,41.638413],[41.704034,41.638541],[41.703865,41.638601],[41.703627,41.638681],[41.703616,41.638785],[41.703683,41.638888],[41.70411,41.639006],[41.704316,41.639152],[41.70449,41.639299],[41.704533,41.639383],[41.704509,41.639457],[41.704332,41.639591],[41.704177,41.639866],[41.704185,41.640283],[41.704158,41.640403],[41.704016,41.640509],[41.703874,41.640485],[41.703761,41.640427],[41.703522,41.640487],[41.703372,41.640658],[41.703404,41.640722],[41.703415,41.640806],[41.702371,41.641241],[41.702149,41.641363],[41.702047,41.641473],[41.702036,41.641674],[41.701961,41.641824],[41.701752,41.641928],[41.701744,41.641975],[41.701615,41.642043],[41.701444,41.642155],[41.701368,41.642307],[41.701366,41.642488],[41.701486,41.642598],[41.701714,41.642704],[41.701747,41.642823],[41.701682,41.642995],[41.701497,41.643089],[41.701301,41.643171],[41.701221,41.643273],[41.701269,41.643408],[41.701344,41.643534],[41.70125,41.643724],[41.701065,41.643909],[41.700888,41.643973],[41.700666,41.643997],[41.700392,41.644023],[41.700186,41.644013],[41.699936,41.644005],[41.699708,41.644025],[41.699531,41.64403],[41.699512,41.644201],[41.699561,41.644405],[41.699582,41.644614],[41.699458,41.644785],[41.69916,41.644883],[41.698943,41.644882],[41.698381,41.64468],[41.698107,41.644583],[41.697927,41.644463],[41.697666,41.644228],[41.697297,41.644295],[41.697213,41.644406],[41.69722,41.644482],[41.697238,41.644542],[41.697223,41.644657],[41.697146,41.644746],[41.696945,41.644855],[41.696723,41.644836],[41.696428,41.644765],[41.696298,41.644746],[41.696172,41.644783],[41.695981,41.644977],[41.695972,41.645145],[41.695868,41.645285],[41.69576,41.64531],[41.695569,41.645233],[41.69541,41.645128],[41.695172,41.644978],[41.695111,41.644905],[41.695027,41.644887],[41.694738,41.644898],[41.694425,41.644971],[41.694341,41.644988],[41.694191,41.645111],[41.694084,41.645201],[41.694117,41.645358],[41.69414,41.645498],[41.694131,41.645711],[41.694098,41.645749],[41.693706,41.645826],[41.693612,41.645871],[41.693427,41.646204],[41.693307,41.646464],[41.69325,41.646628],[41.693102,41.646934],[41.693081,41.647183],[41.693052,41.647305],[41.693014,41.647355],[41.692947,41.647441],[41.692889,41.647516],[41.692776,41.647585],[41.692443,41.647596],[41.692196,41.647728],[41.691796,41.647886],[41.691618,41.64801],[41.691322,41.648204],[41.690878,41.648333],[41.690653,41.648362],[41.689888,41.648372],[41.689486,41.648253],[41.68925,41.648186],[41.689039,41.64818],[41.688648,41.64821],[41.688303,41.648311],[41.688036,41.648293],[41.687065,41.648229],[41.686309,41.648293],[41.686041,41.648277],[41.685907,41.648229],[41.685756,41.648153],[41.685601,41.648105],[41.68529,41.648064],[41.684989,41.648089],[41.684571,41.648161],[41.684167,41.648161],[41.68403,41.648112],[41.683864,41.648037],[41.683742,41.648],[41.683518,41.648054],[41.683492,41.648182],[41.683475,41.648367],[41.68351,41.648483],[41.68362,41.64852],[41.683755,41.648439],[41.683932,41.648388],[41.684034,41.648431],[41.684126,41.648584],[41.684201,41.648878],[41.684162,41.648992],[41.683988,41.649108],[41.683893,41.649132],[41.68378,41.649126],[41.683761,41.649078],[41.683765,41.649014],[41.683651,41.648955],[41.683406,41.649049],[41.682715,41.649206],[41.6825,41.649276],[41.682272,41.64937],[41.682201,41.649457],[41.682169,41.649618],[41.682103,41.64974],[41.681954,41.649893],[41.681786,41.64997],[41.681651,41.649995],[41.681188,41.650044],[41.681057,41.650162],[41.680964,41.650307],[41.680829,41.650429],[41.680647,41.65053],[41.679764,41.651223],[41.677561,41.652869],[41.67593,41.654235],[41.674595,41.655282]]}},{"type":"Feature","properties":{"kind":"stream","name":""},"geometry":{"type":"LineString","coordinates":[[41.700351,41.67627],[41.700345,41.676283],[41.700303,41.676468],[41.700195,41.676573],[41.700017,41.676649],[41.699943,41.676681],[41.698972,41.676974],[41.698832,41.677093],[41.698752,41.677236],[41.698645,41.677288],[41.698421,41.677284],[41.698211,41.677225],[41.698042,41.677159],[41.6979,41.677135]]}},{"type":"Feature","properties":{"kind":"stream","name":""},"geometry":{"type":"LineString","coordinates":[[41.700404,41.676164],[41.700351,41.67627]]}},{"type":"Feature","properties":{"kind":"stream","name":""},"geometry":{"type":"LineString","coordinates":[[41.70119,41.674372],[41.70115,41.67445],[41.701174,41.674838],[41.701162,41.67499],[41.701008,41.675364],[41.700882,41.675555],[41.70043,41.676111],[41.700404,41.676164]]}},{"type":"Feature","properties":{"kind":"stream","name":""},"geometry":{"type":"LineString","coordinates":[[41.701221,41.674313],[41.70119,41.674372]]}},{"type":"Feature","properties":{"kind":"stream","name":""},"geometry":{"type":"LineString","coordinates":[[41.701431,41.672528],[41.701414,41.672661],[41.701353,41.672956],[41.701264,41.673274],[41.701276,41.673493],[41.701361,41.673687],[41.701398,41.673794],[41.701345,41.674],[41.701288,41.674183],[41.701221,41.674313]]}},{"type":"Feature","properties":{"kind":"stream","name":""},"geometry":{"type":"LineString","coordinates":[[41.701444,41.67242],[41.701431,41.672528]]}},{"type":"Feature","properties":{"kind":"stream","name":""},"geometry":{"type":"LineString","coordinates":[[41.703382,41.669591],[41.703024,41.669816],[41.702654,41.670138],[41.702357,41.670277],[41.702,41.670541],[41.701943,41.670763],[41.701878,41.670988],[41.701748,41.671286],[41.701589,41.671586],[41.701544,41.671975],[41.701455,41.672327],[41.701444,41.67242]]}},{"type":"Feature","properties":{"kind":"stream","name":""},"geometry":{"type":"LineString","coordinates":[[41.70351,41.669564],[41.703382,41.669591]]}},{"type":"Feature","properties":{"kind":"stream","name":""},"geometry":{"type":"LineString","coordinates":[[41.707086,41.668194],[41.706721,41.668238],[41.706485,41.668306],[41.70615,41.668531]]}},{"type":"Feature","properties":{"kind":"stream","name":""},"geometry":{"type":"LineString","coordinates":[[41.705454,41.668938],[41.705354,41.669028]]}},{"type":"Feature","properties":{"kind":"stream","name":""},"geometry":{"type":"LineString","coordinates":[[41.706017,41.66862],[41.705965,41.668655],[41.705466,41.668928],[41.705454,41.668938]]}},{"type":"Feature","properties":{"kind":"stream","name":""},"geometry":{"type":"LineString","coordinates":[[41.70615,41.668531],[41.706017,41.66862]]}},{"type":"Feature","properties":{"kind":"stream","name":""},"geometry":{"type":"LineString","coordinates":[[41.727281,41.54674],[41.727373,41.546601],[41.727551,41.546417],[41.727847,41.546256],[41.728229,41.546099],[41.728593,41.545956],[41.728728,41.545827],[41.728802,41.545661],[41.728792,41.545312],[41.72876,41.544998],[41.728646,41.544526],[41.728541,41.544401],[41.728455,41.544287],[41.728455,41.544166],[41.72853,41.543973],[41.728547,41.54396]]}},{"type":"Feature","properties":{"kind":"stream","name":""},"geometry":{"type":"LineString","coordinates":[[41.728622,41.543903],[41.72871,41.543607],[41.728996,41.54283]]}},{"type":"Feature","properties":{"kind":"stream","name":""},"geometry":{"type":"LineString","coordinates":[[41.728547,41.54396],[41.728622,41.543903]]}},{"type":"Feature","properties":{"kind":"stream","name":""},"geometry":{"type":"LineString","coordinates":[[41.6642,41.554555],[41.66552,41.555014],[41.665628,41.55531]]}},{"type":"Feature","properties":{"kind":"stream","name":""},"geometry":{"type":"LineString","coordinates":[[41.764617,41.511626],[41.764452,41.511648]]}},{"type":"Feature","properties":{"kind":"stream","name":""},"geometry":{"type":"LineString","coordinates":[[41.775624,41.513404],[41.775396,41.513267],[41.775313,41.513127],[41.774938,41.512388],[41.774844,41.512344],[41.773976,41.512104],[41.773645,41.512056],[41.773033,41.511838],[41.772183,41.511518],[41.771805,41.511376],[41.771578,41.511317],[41.770858,41.511265],[41.770621,41.511243],[41.770286,41.511313],[41.768164,41.51183],[41.767735,41.51196],[41.767503,41.512159],[41.767375,41.512159],[41.766709,41.512133],[41.766413,41.511904],[41.765905,41.511624],[41.765205,41.511546],[41.764617,41.511626]]}},{"type":"Feature","properties":{"kind":"stream","name":""},"geometry":{"type":"LineString","coordinates":[[41.775807,41.513577],[41.775624,41.513404]]}},{"type":"Feature","properties":{"kind":"stream","name":""},"geometry":{"type":"LineString","coordinates":[[41.775947,41.513739],[41.775807,41.513577]]}},{"type":"Feature","properties":{"kind":"stream","name":""},"geometry":{"type":"LineString","coordinates":[[41.586807,41.615885],[41.586559,41.616088],[41.586503,41.616105],[41.586418,41.616214]]}},{"type":"Feature","properties":{"kind":"stream","name":""},"geometry":{"type":"LineString","coordinates":[[41.596462,41.584154],[41.596119,41.584096]]}},{"type":"Feature","properties":{"kind":"stream","name":""},"geometry":{"type":"LineString","coordinates":[[41.597049,41.584488],[41.596462,41.584154]]}},{"type":"Feature","properties":{"kind":"stream","name":""},"geometry":{"type":"LineString","coordinates":[[41.594831,41.585872],[41.594969,41.586358]]}},{"type":"Feature","properties":{"kind":"stream","name":""},"geometry":{"type":"LineString","coordinates":[[41.594681,41.584822],[41.594608,41.584725],[41.594421,41.584402],[41.594291,41.584177],[41.594201,41.583709],[41.594179,41.583579],[41.594226,41.583503],[41.594268,41.583462],[41.59452,41.583456],[41.594617,41.583458],[41.594657,41.583421],[41.594701,41.58311],[41.594843,41.582815],[41.594879,41.582648],[41.594874,41.582547],[41.594831,41.582456],[41.594847,41.582375],[41.595001,41.582361],[41.595101,41.582399],[41.595201,41.582404],[41.59524,41.582319],[41.595252,41.582143],[41.595219,41.582041],[41.595211,41.581965],[41.595295,41.581873],[41.595402,41.581823],[41.595543,41.581598],[41.595597,41.58152],[41.59557,41.581447],[41.595548,41.581291],[41.595531,41.581087],[41.595445,41.580874],[41.595417,41.580798],[41.595451,41.580731],[41.59538,41.580632],[41.595223,41.580589],[41.595122,41.580581],[41.595066,41.580468],[41.594898,41.580288],[41.594847,41.580251],[41.59496,41.580143],[41.594957,41.580077],[41.594856,41.580036],[41.594737,41.579944],[41.594709,41.579876],[41.594756,41.579801],[41.59476,41.579652],[41.594732,41.579491],[41.59469,41.579405],[41.594608,41.579285],[41.59445,41.57905],[41.594448,41.578964],[41.594507,41.578906],[41.594474,41.57885],[41.594354,41.578767],[41.594214,41.578697],[41.594214,41.578597],[41.594367,41.578461],[41.594429,41.578348],[41.594324,41.57827],[41.59438,41.578194],[41.594397,41.578111],[41.594273,41.578023],[41.594248,41.57797],[41.594378,41.577867],[41.594535,41.577857]]}},{"type":"Feature","properties":{"kind":"stream","name":""},"geometry":{"type":"LineString","coordinates":[[41.596119,41.584096],[41.595732,41.584094],[41.595573,41.584123],[41.595443,41.584185],[41.595177,41.584341],[41.594912,41.584522],[41.594681,41.584822],[41.594692,41.584949],[41.594775,41.585214],[41.594812,41.585491],[41.594831,41.585872]]}},{"type":"Feature","properties":{"kind":"stream","name":""},"geometry":{"type":"LineString","coordinates":[[41.584859,41.613788],[41.584242,41.613994]]}},{"type":"Feature","properties":{"kind":"stream","name":""},"geometry":{"type":"LineString","coordinates":[[41.783956,41.564095],[41.782991,41.56379],[41.782207,41.56379],[41.781532,41.563902],[41.780984,41.563798],[41.78033,41.563589],[41.779751,41.563621],[41.77901,41.564039],[41.778828,41.564015]]}},{"type":"Feature","properties":{"kind":"stream","name":""},"geometry":{"type":"LineString","coordinates":[[41.784643,41.570998],[41.783988,41.570717],[41.782765,41.570035],[41.781928,41.569377],[41.780877,41.568309],[41.779461,41.566672],[41.779096,41.566126],[41.778828,41.565387],[41.778646,41.564368],[41.778828,41.564015]]}},{"type":"Feature","properties":{"kind":"stream","name":""},"geometry":{"type":"LineString","coordinates":[[41.790168,41.57091],[41.787711,41.570276],[41.786939,41.569891],[41.785684,41.569032],[41.783184,41.566664],[41.781585,41.566214],[41.781285,41.565628],[41.780426,41.565211],[41.779793,41.564448],[41.778828,41.564015],[41.776993,41.562787],[41.776055,41.561944],[41.775352,41.561871],[41.774762,41.56153],[41.773249,41.561458],[41.772358,41.561048],[41.77155,41.560922]]}},{"type":"Feature","properties":{"kind":"stream","name":""},"geometry":{"type":"LineString","coordinates":[[41.773667,41.574867],[41.772841,41.573061],[41.77121,41.570854],[41.769655,41.570075],[41.769118,41.569658],[41.767396,41.569325],[41.767193,41.569184],[41.766796,41.568626],[41.765937,41.568691],[41.765904,41.568568],[41.765838,41.568327]]}},{"type":"Feature","properties":{"kind":"stream","name":""},"geometry":{"type":"LineString","coordinates":[[41.770116,41.576633],[41.770159,41.576352],[41.76988,41.575854],[41.769462,41.575557],[41.768829,41.575268],[41.768003,41.574442],[41.767799,41.574032],[41.767563,41.573358],[41.767691,41.572804],[41.76767,41.57266],[41.767412,41.572467],[41.767359,41.572323],[41.767466,41.57205],[41.767198,41.570637],[41.766264,41.569594],[41.766061,41.569016],[41.765921,41.568927],[41.765546,41.568927],[41.765276,41.568802]]}},{"type":"Feature","properties":{"kind":"stream","name":""},"geometry":{"type":"LineString","coordinates":[[41.757789,41.56326],[41.757928,41.563356],[41.758196,41.563734],[41.758347,41.563814],[41.758508,41.563862],[41.758701,41.563894],[41.758862,41.563958],[41.759301,41.564199],[41.759398,41.564312],[41.759559,41.564585],[41.759613,41.564721],[41.759731,41.564833],[41.75987,41.564914],[41.760042,41.564954],[41.76105,41.564962],[41.761597,41.565074],[41.761748,41.565139],[41.761887,41.565227],[41.762252,41.565564],[41.762402,41.565676],[41.762563,41.565749],[41.762724,41.565853],[41.762896,41.565925],[41.763561,41.566126],[41.763883,41.56627],[41.764226,41.566391],[41.764612,41.566455],[41.764773,41.566503],[41.765787,41.567089],[41.765884,41.567105],[41.766074,41.567172],[41.766275,41.567242],[41.76634,41.567461]]}},{"type":"Feature","properties":{"kind":"stream","name":""},"geometry":{"type":"LineString","coordinates":[[41.782089,41.580204],[41.781928,41.58014],[41.781102,41.579345],[41.781135,41.578784],[41.779987,41.57709],[41.779944,41.576376],[41.779482,41.575838],[41.779053,41.575605],[41.778763,41.575236],[41.77842,41.573197],[41.777862,41.572443],[41.77768,41.571889],[41.777358,41.571769],[41.77724,41.57164],[41.776983,41.571095],[41.776811,41.571038],[41.774826,41.569369],[41.773742,41.568582],[41.772863,41.567828],[41.772702,41.567747],[41.771291,41.567603],[41.771178,41.567532],[41.770835,41.567246],[41.770336,41.567021],[41.770202,41.566756],[41.770057,41.566676],[41.769504,41.56672],[41.769145,41.567017],[41.768501,41.566885],[41.768421,41.566856],[41.768373,41.5668],[41.768378,41.566664],[41.768072,41.566246],[41.768062,41.565793],[41.767981,41.565668],[41.767353,41.565568],[41.767046,41.565419]]}},{"type":"Feature","properties":{"kind":"stream","name":""},"geometry":{"type":"LineString","coordinates":[[41.793093,41.519795],[41.792989,41.519619]]}},{"type":"Feature","properties":{"kind":"stream","name":""},"geometry":{"type":"LineString","coordinates":[[41.792954,41.519975],[41.793093,41.519795]]}},{"type":"Feature","properties":{"kind":"stream","name":""},"geometry":{"type":"LineString","coordinates":[[41.589742,41.619679],[41.589295,41.619862]]}},{"type":"Feature","properties":{"kind":"stream","name":""},"geometry":{"type":"LineString","coordinates":[[41.59657,41.617855],[41.596516,41.617952]]}},{"type":"Feature","properties":{"kind":"stream","name":""},"geometry":{"type":"LineString","coordinates":[[41.596741,41.617436],[41.596646,41.617607],[41.596582,41.617744],[41.59657,41.617855]]}},{"type":"Feature","properties":{"kind":"stream","name":""},"geometry":{"type":"LineString","coordinates":[[41.596516,41.617952],[41.596338,41.618145],[41.596187,41.61827],[41.596035,41.618388],[41.595805,41.618451],[41.595538,41.6185],[41.59516,41.618561],[41.594873,41.618655],[41.594598,41.618759],[41.59414,41.618826],[41.593882,41.618919],[41.593733,41.618936],[41.593554,41.618977],[41.593409,41.619125]]}},{"type":"Feature","properties":{"kind":"stream","name":""},"geometry":{"type":"LineString","coordinates":[[41.714253,41.584545],[41.714149,41.58468],[41.713954,41.584882],[41.713707,41.585192],[41.71355,41.585334],[41.71353,41.585447],[41.713783,41.585536],[41.713852,41.585782],[41.71388,41.585987],[41.714152,41.586241],[41.714234,41.586524],[41.71409,41.586713],[41.713786,41.586987]]}},{"type":"Feature","properties":{"kind":"stream","name":""},"geometry":{"type":"LineString","coordinates":[[41.703139,41.571925],[41.703072,41.572126],[41.70305,41.572279],[41.702917,41.572677],[41.702735,41.572807],[41.702518,41.573015]]}},{"type":"Feature","properties":{"kind":"stream","name":""},"geometry":{"type":"LineString","coordinates":[[41.667475,41.566353],[41.666488,41.566032]]}},{"type":"Feature","properties":{"kind":"stream","name":""},"geometry":{"type":"LineString","coordinates":[[41.667616,41.565613],[41.667549,41.565844],[41.667537,41.565884],[41.667615,41.566138],[41.667475,41.566353]]}},{"type":"Feature","properties":{"kind":"stream","name":""},"geometry":{"type":"LineString","coordinates":[[41.550191,41.516115],[41.549912,41.516246],[41.549641,41.516324],[41.549413,41.516487],[41.548262,41.516577]]}},{"type":"Feature","properties":{"kind":"stream","name":""},"geometry":{"type":"LineString","coordinates":[[41.719086,41.650384],[41.719138,41.650322],[41.719133,41.650129],[41.71911,41.650059],[41.719105,41.64995],[41.719091,41.649915],[41.719036,41.649854],[41.718871,41.649525],[41.718773,41.649387],[41.718734,41.649363],[41.71871,41.649333],[41.718712,41.649256],[41.718773,41.649134],[41.718821,41.64893],[41.718823,41.648859],[41.718791,41.648787],[41.718758,41.648762],[41.718713,41.648751],[41.718285,41.648741],[41.718237,41.648729],[41.718174,41.648651],[41.718079,41.648555],[41.718075,41.648485],[41.718058,41.64845],[41.71803,41.648423],[41.717935,41.648367],[41.717922,41.648258],[41.717904,41.648226],[41.717867,41.648201],[41.71766,41.648116],[41.717596,41.648066],[41.717556,41.648048],[41.717381,41.64799],[41.717228,41.647916],[41.717183,41.647908],[41.716998,41.647909],[41.71678,41.647847]]}},{"type":"Feature","properties":{"kind":"river","name":"ყოროლისწყალი"},"geometry":{"type":"LineString","coordinates":[[41.725412,41.645005],[41.724902,41.64541],[41.724323,41.645641],[41.724138,41.645687],[41.7241,41.645707],[41.724026,41.645819],[41.723757,41.645893],[41.72343,41.645949],[41.722955,41.646132],[41.722614,41.646146],[41.722418,41.646124],[41.722287,41.646094],[41.721665,41.646132]]}},{"type":"Feature","properties":{"kind":"stream","name":""},"geometry":{"type":"LineString","coordinates":[[41.739375,41.650796],[41.739314,41.650695],[41.739324,41.650513],[41.739037,41.650488],[41.738941,41.650507],[41.738713,41.65059],[41.738593,41.650574],[41.738544,41.650514],[41.738557,41.650383],[41.738595,41.650298],[41.738577,41.650109],[41.738524,41.650045],[41.738462,41.650017],[41.737918,41.650011],[41.737853,41.650058],[41.737753,41.650082],[41.737386,41.649933],[41.736877,41.649933],[41.736843,41.649847],[41.736704,41.649782],[41.736457,41.649699],[41.736236,41.649708],[41.73606,41.649676],[41.735815,41.649534],[41.735659,41.649513],[41.735443,41.649516],[41.735352,41.649541],[41.735017,41.649738],[41.734849,41.649764],[41.73481,41.649745],[41.734751,41.649668],[41.734565,41.649538],[41.734406,41.649293],[41.734305,41.649246],[41.734234,41.649252],[41.734172,41.649277],[41.733959,41.649407],[41.733843,41.649451],[41.733476,41.649421],[41.733434,41.649404],[41.733365,41.649335],[41.733328,41.64926],[41.73332,41.649147],[41.733352,41.648998],[41.73323,41.648703],[41.733148,41.648599],[41.733068,41.648537],[41.732793,41.648387],[41.732639,41.648348],[41.732238,41.648295],[41.731775,41.648342],[41.731565,41.648318],[41.731429,41.648322],[41.731192,41.648396],[41.730741,41.648614],[41.730627,41.648631],[41.730481,41.648581],[41.730158,41.648305],[41.729784,41.647699],[41.729746,41.647672],[41.72965,41.647635],[41.729506,41.64764],[41.729316,41.647739],[41.72923,41.647786],[41.729216,41.647838],[41.729098,41.647925],[41.728919,41.647992],[41.728806,41.647988],[41.728629,41.647963],[41.72852,41.647922],[41.728412,41.647818],[41.72836,41.647739],[41.728305,41.647675],[41.728301,41.64762],[41.728389,41.647442],[41.728471,41.647379],[41.728526,41.647321],[41.728575,41.647202],[41.728578,41.647167],[41.728562,41.647132],[41.728453,41.647035],[41.728412,41.647016],[41.728361,41.647],[41.727803,41.646968],[41.72765,41.646917],[41.727524,41.646893],[41.727041,41.646849],[41.726718,41.64685],[41.726645,41.646833],[41.726604,41.646813],[41.726552,41.646771],[41.726499,41.646712],[41.726483,41.64668],[41.726432,41.646642],[41.726287,41.646603],[41.726011,41.646596],[41.725933,41.646552],[41.725818,41.646501],[41.725701,41.646428],[41.725636,41.646399],[41.725538,41.646319],[41.725437,41.646297],[41.72535,41.64626],[41.72533,41.646245],[41.72531,41.646197],[41.725294,41.646185],[41.725103,41.646124],[41.724988,41.646015],[41.724818,41.645952],[41.724718,41.645929],[41.72449,41.6459],[41.724311,41.64585],[41.724026,41.645819]]}},{"type":"Feature","properties":{"kind":"stream","name":""},"geometry":{"type":"LineString","coordinates":[[41.70305,41.656653],[41.702691,41.656377],[41.702406,41.656309],[41.702256,41.656237],[41.701924,41.655964],[41.701258,41.655924],[41.701183,41.655884],[41.701049,41.655708],[41.700888,41.655623],[41.700465,41.655479],[41.699982,41.655419],[41.699633,41.655335],[41.699268,41.655114],[41.69907,41.654878]]}},{"type":"Feature","properties":{"kind":"stream","name":""},"geometry":{"type":"LineString","coordinates":[[41.763922,41.51172],[41.763744,41.511738]]}},{"type":"Feature","properties":{"kind":"stream","name":""},"geometry":{"type":"LineString","coordinates":[[41.764452,41.511648],[41.763922,41.51172]]}},{"type":"Feature","properties":{"kind":"stream","name":""},"geometry":{"type":"LineString","coordinates":[[41.757731,41.512498],[41.757152,41.511731],[41.757106,41.51172],[41.757033,41.51176],[41.756805,41.511854],[41.756491,41.512039]]}},{"type":"Feature","properties":{"kind":"stream","name":""},"geometry":{"type":"LineString","coordinates":[[41.757752,41.512521],[41.757731,41.512498]]}},{"type":"Feature","properties":{"kind":"stream","name":""},"geometry":{"type":"LineString","coordinates":[[41.728077,41.7162],[41.728018,41.716269],[41.727958,41.716294],[41.727862,41.716318],[41.727833,41.716327],[41.727779,41.716376],[41.727515,41.716603]]}},{"type":"Feature","properties":{"kind":"stream","name":""},"geometry":{"type":"LineString","coordinates":[[41.752835,41.67743],[41.752376,41.677856],[41.752065,41.678281],[41.751838,41.678344],[41.751362,41.678477],[41.750935,41.678546],[41.749734,41.67874],[41.749013,41.679185],[41.748921,41.679307],[41.748804,41.679447],[41.748766,41.679492],[41.748653,41.679716],[41.748509,41.679884],[41.74839,41.679988],[41.748167,41.680071],[41.748051,41.680251],[41.74809,41.68035],[41.747999,41.680475],[41.74787,41.680655],[41.747901,41.680774],[41.747918,41.680896],[41.747867,41.680935]]}},{"type":"Feature","properties":{"kind":"stream","name":""},"geometry":{"type":"LineString","coordinates":[[41.747867,41.680935],[41.747773,41.681007]]}},{"type":"Feature","properties":{"kind":"stream","name":""},"geometry":{"type":"LineString","coordinates":[[41.722839,41.700089],[41.722662,41.70077],[41.722432,41.701135],[41.722306,41.701348]]}},{"type":"Feature","properties":{"kind":"stream","name":""},"geometry":{"type":"LineString","coordinates":[[41.724803,41.701107],[41.724363,41.701331],[41.723955,41.701538]]}},{"type":"Feature","properties":{"kind":"stream","name":""},"geometry":{"type":"LineString","coordinates":[[41.726029,41.702026],[41.725524,41.70221],[41.725028,41.702256],[41.724838,41.70222]]}},{"type":"Feature","properties":{"kind":"stream","name":""},"geometry":{"type":"LineString","coordinates":[[41.726101,41.701307],[41.725605,41.701743],[41.725162,41.702116],[41.724838,41.70222],[41.724148,41.702246],[41.723727,41.702251]]}},{"type":"Feature","properties":{"kind":"stream","name":""},"geometry":{"type":"LineString","coordinates":[[41.724299,41.700583],[41.724217,41.700794],[41.723966,41.701082],[41.723932,41.701373],[41.723955,41.701538],[41.723827,41.701966],[41.723727,41.702251],[41.723049,41.702433],[41.722901,41.70248],[41.722634,41.702541]]}},{"type":"Feature","properties":{"kind":"stream","name":""},"geometry":{"type":"LineString","coordinates":[[41.715952,41.698419],[41.71548,41.698563],[41.715066,41.698768]]}},{"type":"Feature","properties":{"kind":"stream","name":""},"geometry":{"type":"LineString","coordinates":[[41.712701,41.696376],[41.712768,41.696599],[41.712736,41.696705],[41.712368,41.696823],[41.712151,41.696825],[41.711877,41.696865]]}},{"type":"Feature","properties":{"kind":"stream","name":""},"geometry":{"type":"LineString","coordinates":[[41.713629,41.696979],[41.713554,41.6972],[41.713293,41.697526],[41.713087,41.697832],[41.712966,41.698071],[41.712955,41.698121]]}},{"type":"Feature","properties":{"kind":"stream","name":""},"geometry":{"type":"LineString","coordinates":[[41.718028,41.701095],[41.717593,41.701299],[41.717239,41.701735],[41.716906,41.70192],[41.716484,41.702089],[41.716249,41.702201]]}},{"type":"Feature","properties":{"kind":"stream","name":""},"geometry":{"type":"LineString","coordinates":[[41.717679,41.703909],[41.717542,41.70396]]}},{"type":"Feature","properties":{"kind":"stream","name":""},"geometry":{"type":"LineString","coordinates":[[41.717824,41.703854],[41.717679,41.703909]]}},{"type":"Feature","properties":{"kind":"stream","name":""},"geometry":{"type":"LineString","coordinates":[[41.717234,41.704127],[41.7171,41.704199]]}},{"type":"Feature","properties":{"kind":"stream","name":""},"geometry":{"type":"LineString","coordinates":[[41.717542,41.70396],[41.717234,41.704127]]}},{"type":"Feature","properties":{"kind":"stream","name":""},"geometry":{"type":"LineString","coordinates":[[41.718623,41.701942],[41.718703,41.70217],[41.718652,41.702332],[41.718438,41.702534],[41.718052,41.702777],[41.717848,41.702929],[41.717765,41.703243],[41.717797,41.703534],[41.717845,41.7037],[41.717853,41.703806],[41.717824,41.703854]]}},{"type":"Feature","properties":{"kind":"stream","name":""},"geometry":{"type":"LineString","coordinates":[[41.715689,41.697634],[41.715286,41.697902],[41.715243,41.698363],[41.715066,41.698768],[41.714669,41.699553],[41.714442,41.699727],[41.71434,41.699843]]}},{"type":"Feature","properties":{"kind":"stream","name":""},"geometry":{"type":"LineString","coordinates":[[41.721064,41.696132],[41.720581,41.695976],[41.720109,41.695988],[41.719878,41.696044]]}},{"type":"Feature","properties":{"kind":"stream","name":""},"geometry":{"type":"LineString","coordinates":[[41.719245,41.694974],[41.71916,41.695171],[41.719363,41.695755],[41.719224,41.6962],[41.719197,41.696396],[41.719256,41.696497]]}},{"type":"Feature","properties":{"kind":"stream","name":""},"geometry":{"type":"LineString","coordinates":[[41.717625,41.696152],[41.717757,41.696284]]}},{"type":"Feature","properties":{"kind":"stream","name":""},"geometry":{"type":"LineString","coordinates":[[41.717498,41.695993],[41.717625,41.696152]]}},{"type":"Feature","properties":{"kind":"stream","name":""},"geometry":{"type":"LineString","coordinates":[[41.717757,41.696284],[41.717904,41.696436],[41.718183,41.696725],[41.718237,41.697226],[41.718478,41.697418]]}},{"type":"Feature","properties":{"kind":"stream","name":""},"geometry":{"type":"LineString","coordinates":[[41.71919,41.698931],[41.719634,41.699206],[41.720152,41.699447],[41.720412,41.699531]]}},{"type":"Feature","properties":{"kind":"stream","name":""},"geometry":{"type":"LineString","coordinates":[[41.71906,41.698818],[41.71919,41.698931]]}},{"type":"Feature","properties":{"kind":"stream","name":""},"geometry":{"type":"LineString","coordinates":[[41.720629,41.695279],[41.720146,41.695579],[41.719878,41.696044],[41.719508,41.696288],[41.719256,41.696497],[41.719208,41.696985],[41.718998,41.697254],[41.718478,41.697418],[41.718446,41.697786],[41.718473,41.698347],[41.718854,41.698567],[41.71906,41.698818]]}},{"type":"Feature","properties":{"kind":"stream","name":""},"geometry":{"type":"LineString","coordinates":[[41.716501,41.697227],[41.716597,41.697469],[41.716895,41.697621],[41.71781,41.69802],[41.71785,41.698282],[41.717894,41.698581]]}},{"type":"Feature","properties":{"kind":"stream","name":""},"geometry":{"type":"LineString","coordinates":[[41.716483,41.697126],[41.716501,41.697227]]}},{"type":"Feature","properties":{"kind":"stream","name":""},"geometry":{"type":"LineString","coordinates":[[41.717894,41.698581],[41.717901,41.698629]]}},{"type":"Feature","properties":{"kind":"stream","name":""},"geometry":{"type":"LineString","coordinates":[[41.717081,41.694231],[41.716826,41.694416],[41.716499,41.694718],[41.716188,41.695014],[41.716223,41.695277],[41.716147,41.695525],[41.71611,41.695816],[41.71612,41.695937],[41.716134,41.696108],[41.71622,41.69641],[41.716346,41.696495],[41.716391,41.696627],[41.716359,41.696757],[41.716375,41.696835],[41.716459,41.696987],[41.716483,41.697126]]}},{"type":"Feature","properties":{"kind":"stream","name":""},"geometry":{"type":"LineString","coordinates":[[41.722139,41.697137],[41.722327,41.697418],[41.722204,41.697692],[41.722035,41.698059],[41.721927,41.698497],[41.721681,41.699156],[41.721528,41.699879],[41.721254,41.700176]]}},{"type":"Feature","properties":{"kind":"stream","name":""},"geometry":{"type":"LineString","coordinates":[[41.558244,41.541641],[41.557359,41.542002]]}},{"type":"Feature","properties":{"kind":"stream","name":""},"geometry":{"type":"LineString","coordinates":[[41.55849,41.541526],[41.558347,41.541593]]}},{"type":"Feature","properties":{"kind":"stream","name":""},"geometry":{"type":"LineString","coordinates":[[41.558347,41.541593],[41.558272,41.541627],[41.558244,41.541641]]}},{"type":"Feature","properties":{"kind":"stream","name":""},"geometry":{"type":"LineString","coordinates":[[41.564293,41.546421],[41.563959,41.54647]]}},{"type":"Feature","properties":{"kind":"stream","name":""},"geometry":{"type":"LineString","coordinates":[[41.564534,41.546404],[41.564361,41.546406],[41.564327,41.546417],[41.564293,41.546421]]}},{"type":"Feature","properties":{"kind":"stream","name":""},"geometry":{"type":"LineString","coordinates":[[41.677902,41.569341],[41.677891,41.569213]]}},{"type":"Feature","properties":{"kind":"stream","name":""},"geometry":{"type":"LineString","coordinates":[[41.677887,41.569701],[41.677902,41.569341]]}},{"type":"Feature","properties":{"kind":"stream","name":""},"geometry":{"type":"LineString","coordinates":[[41.677891,41.569213],[41.677934,41.568973],[41.677812,41.568904]]}},{"type":"Feature","properties":{"kind":"stream","name":""},"geometry":{"type":"LineString","coordinates":[[41.698812,41.562409],[41.697994,41.561645],[41.69789,41.561435],[41.69781,41.561351],[41.697802,41.561298],[41.697591,41.561164],[41.697583,41.561048],[41.697572,41.560934],[41.697384,41.560838],[41.697454,41.56061],[41.697362,41.560441],[41.697317,41.560026],[41.696581,41.559613]]}},{"type":"Feature","properties":{"kind":"stream","name":""},"geometry":{"type":"LineString","coordinates":[[41.671782,41.568827],[41.671784,41.568619]]}},{"type":"Feature","properties":{"kind":"stream","name":""},"geometry":{"type":"LineString","coordinates":[[41.67177,41.568898],[41.671782,41.568827]]}},{"type":"Feature","properties":{"kind":"stream","name":""},"geometry":{"type":"LineString","coordinates":[[41.671717,41.569216],[41.671761,41.568952],[41.67177,41.568898]]}},{"type":"Feature","properties":{"kind":"stream","name":""},"geometry":{"type":"LineString","coordinates":[[41.715384,41.544011],[41.715354,41.543736]]}},{"type":"Feature","properties":{"kind":"stream","name":""},"geometry":{"type":"LineString","coordinates":[[41.718752,41.547299],[41.718581,41.546816],[41.717942,41.545477],[41.715747,41.54421],[41.715384,41.544011]]}},{"type":"Feature","properties":{"kind":"stream","name":""},"geometry":{"type":"LineString","coordinates":[[41.745418,41.556011],[41.743594,41.555417]]}},{"type":"Feature","properties":{"kind":"stream","name":""},"geometry":{"type":"LineString","coordinates":[[41.745204,41.557496],[41.744109,41.556854],[41.743519,41.556332],[41.743594,41.555417],[41.742436,41.554967],[41.742168,41.554526],[41.742715,41.553482],[41.7425,41.552554],[41.742629,41.551716],[41.74191,41.551045],[41.742296,41.550603],[41.742066,41.550407],[41.742532,41.549805],[41.742283,41.549313],[41.742159,41.549017],[41.742083,41.548972],[41.741952,41.548857],[41.741905,41.54872],[41.741943,41.548366],[41.74204,41.548294],[41.742145,41.548147],[41.74217,41.547927],[41.742345,41.547735],[41.742308,41.547528],[41.742338,41.547407]]}},{"type":"Feature","properties":{"kind":"stream","name":""},"geometry":{"type":"LineString","coordinates":[[41.735065,41.546567],[41.735051,41.546552]]}},{"type":"Feature","properties":{"kind":"stream","name":""},"geometry":{"type":"LineString","coordinates":[[41.735102,41.546608],[41.735071,41.546574]]}},{"type":"Feature","properties":{"kind":"stream","name":""},"geometry":{"type":"LineString","coordinates":[[41.745644,41.559371],[41.745374,41.559164],[41.744957,41.558845],[41.744378,41.558704],[41.743209,41.558657],[41.742991,41.558596],[41.742895,41.558636],[41.742841,41.558658]]}},{"type":"Feature","properties":{"kind":"stream","name":""},"geometry":{"type":"LineString","coordinates":[[41.747317,41.569481],[41.745558,41.568807],[41.743498,41.566881],[41.743584,41.565572],[41.741942,41.563605],[41.741953,41.563172],[41.741497,41.562815],[41.741999,41.562251],[41.742134,41.562174],[41.743107,41.561999],[41.743305,41.561829],[41.743316,41.561647],[41.743301,41.561497],[41.742945,41.561135],[41.742286,41.560675],[41.742382,41.559808],[41.743069,41.55906],[41.742932,41.558815],[41.742908,41.558773],[41.742841,41.558658],[41.74261,41.558596],[41.742524,41.558439],[41.742336,41.557647],[41.742303,41.557421],[41.74233,41.557158],[41.742417,41.557032],[41.742453,41.556855],[41.74246,41.556694],[41.742436,41.554967]]}},{"type":"Feature","properties":{"kind":"stream","name":""},"geometry":{"type":"LineString","coordinates":[[41.611682,41.597586],[41.611223,41.597802],[41.610718,41.598096]]}},{"type":"Feature","properties":{"kind":"stream","name":""},"geometry":{"type":"LineString","coordinates":[[41.562505,41.546559],[41.562389,41.546588]]}},{"type":"Feature","properties":{"kind":"stream","name":""},"geometry":{"type":"LineString","coordinates":[[41.562389,41.546588],[41.562306,41.546609]]}},{"type":"Feature","properties":{"kind":"stream","name":""},"geometry":{"type":"LineString","coordinates":[[41.77622,41.674827],[41.776235,41.675037],[41.7763,41.675172],[41.776398,41.675353]]}},{"type":"Feature","properties":{"kind":"stream","name":""},"geometry":{"type":"LineString","coordinates":[[41.775455,41.680138],[41.774974,41.680359],[41.774583,41.680461],[41.774293,41.680562],[41.773943,41.680725],[41.773679,41.680742],[41.773438,41.68065],[41.773143,41.680467],[41.772948,41.680416],[41.772798,41.680474],[41.772671,41.680586],[41.772512,41.68061],[41.772344,41.680542],[41.772267,41.680406],[41.772135,41.680332],[41.771926,41.680359],[41.771644,41.680467],[41.771372,41.680549],[41.771063,41.680545],[41.770913,41.680559],[41.770741,41.68059]]}},{"type":"Feature","properties":{"kind":"stream","name":""},"geometry":{"type":"LineString","coordinates":[[41.549832,41.507765],[41.55115,41.509668],[41.551539,41.511394],[41.551755,41.511661]]}},{"type":"Feature","properties":{"kind":"stream","name":""},"geometry":{"type":"LineString","coordinates":[[41.549508,41.507297],[41.549771,41.507675]]}},{"type":"Feature","properties":{"kind":"stream","name":""},"geometry":{"type":"LineString","coordinates":[[41.549771,41.507675],[41.549832,41.507765]]}},{"type":"Feature","properties":{"kind":"stream","name":""},"geometry":{"type":"LineString","coordinates":[[41.736138,41.703067],[41.736168,41.703323],[41.736308,41.703577],[41.73641,41.703745],[41.736419,41.703964],[41.73626,41.704313],[41.736209,41.704565],[41.73608,41.704837],[41.736037,41.705102],[41.735973,41.705422],[41.73592,41.705776]]}},{"type":"Feature","properties":{"kind":"stream","name":""},"geometry":{"type":"LineString","coordinates":[[41.73592,41.705776],[41.735914,41.706097]]}},{"type":"Feature","properties":{"kind":"stream","name":""},"geometry":{"type":"LineString","coordinates":[[41.726206,41.693459],[41.726131,41.693433]]}},{"type":"Feature","properties":{"kind":"stream","name":""},"geometry":{"type":"LineString","coordinates":[[41.726694,41.693472],[41.726562,41.693412],[41.726206,41.693459]]}},{"type":"Feature","properties":{"kind":"stream","name":""},"geometry":{"type":"LineString","coordinates":[[41.725574,41.693928],[41.725259,41.694161]]}},{"type":"Feature","properties":{"kind":"stream","name":""},"geometry":{"type":"LineString","coordinates":[[41.726131,41.693433],[41.726023,41.693456],[41.725764,41.693816],[41.725574,41.693928]]}},{"type":"Feature","properties":{"kind":"stream","name":""},"geometry":{"type":"LineString","coordinates":[[41.732461,41.712929],[41.732436,41.712977],[41.732477,41.713134],[41.732458,41.713209],[41.732404,41.713261],[41.732331,41.713309],[41.732307,41.713379],[41.732328,41.71353],[41.732299,41.713632],[41.732356,41.713743],[41.732456,41.71373],[41.732502,41.713767],[41.73262,41.713815],[41.732721,41.713842],[41.732731,41.713878],[41.732661,41.713942],[41.732522,41.713982],[41.732458,41.714034],[41.732479,41.714094],[41.732474,41.714162],[41.732384,41.714212],[41.732222,41.714258],[41.731932,41.714314],[41.731878,41.714354],[41.731905,41.71441],[41.731955,41.714488],[41.731942,41.714583],[41.731921,41.714626],[41.731814,41.714732],[41.731825,41.714783],[41.731916,41.714783],[41.731991,41.714787],[41.732046,41.714864],[41.732093,41.714947],[41.732066,41.715039],[41.731964,41.715099],[41.731873,41.715151],[41.731782,41.715291],[41.731735,41.715369],[41.731626,41.715448],[41.731498,41.715592],[41.731354,41.715761],[41.731197,41.715912],[41.731122,41.716004],[41.731058,41.716088],[41.730956,41.716184],[41.73087,41.71624],[41.730736,41.716313],[41.730655,41.716365],[41.730598,41.716398],[41.730569,41.716453]]}},{"type":"Feature","properties":{"kind":"stream","name":""},"geometry":{"type":"LineString","coordinates":[[41.732852,41.712705],[41.732461,41.712929]]}},{"type":"Feature","properties":{"kind":"stream","name":""},"geometry":{"type":"LineString","coordinates":[[41.779778,41.7079],[41.779621,41.707628],[41.778108,41.707446],[41.777884,41.707377],[41.777623,41.707422],[41.777146,41.707411],[41.776763,41.707443],[41.776693,41.707195],[41.776306,41.707161],[41.776058,41.707276],[41.775792,41.707206],[41.775549,41.707293],[41.774587,41.707352],[41.774312,41.707393]]}},{"type":"Feature","properties":{"kind":"stream","name":""},"geometry":{"type":"LineString","coordinates":[[41.703877,41.689614],[41.703847,41.689631],[41.70362,41.689736]]}},{"type":"Feature","properties":{"kind":"stream","name":""},"geometry":{"type":"LineString","coordinates":[[41.703929,41.689591],[41.703877,41.689614]]}},{"type":"Feature","properties":{"kind":"stream","name":""},"geometry":{"type":"LineString","coordinates":[[41.703982,41.689541],[41.703929,41.689591]]}},{"type":"Feature","properties":{"kind":"stream","name":""},"geometry":{"type":"LineString","coordinates":[[41.723208,41.693881],[41.723573,41.693712],[41.724129,41.693682],[41.724358,41.693791]]}},{"type":"Feature","properties":{"kind":"stream","name":""},"geometry":{"type":"LineString","coordinates":[[41.724132,41.693667],[41.724129,41.693682]]}},{"type":"Feature","properties":{"kind":"stream","name":""},"geometry":{"type":"LineString","coordinates":[[41.724364,41.693251],[41.724132,41.693667]]}},{"type":"Feature","properties":{"kind":"stream","name":""},"geometry":{"type":"LineString","coordinates":[[41.724604,41.693089],[41.724395,41.693143],[41.724415,41.693201],[41.724364,41.693251]]}},{"type":"Feature","properties":{"kind":"stream","name":""},"geometry":{"type":"LineString","coordinates":[[41.708617,41.686121],[41.708583,41.686181],[41.708533,41.686231],[41.708453,41.686259],[41.708325,41.686255],[41.708236,41.686263],[41.70818,41.686286],[41.708117,41.686353],[41.708089,41.686387]]}},{"type":"Feature","properties":{"kind":"stream","name":""},"geometry":{"type":"LineString","coordinates":[[41.708676,41.686085],[41.708617,41.686121]]}},{"type":"Feature","properties":{"kind":"stream","name":""},"geometry":{"type":"LineString","coordinates":[[41.708089,41.686387],[41.70805,41.686399]]}},{"type":"Feature","properties":{"kind":"stream","name":""},"geometry":{"type":"LineString","coordinates":[[41.713251,41.687897],[41.71254,41.688],[41.711807,41.687813],[41.71134,41.687562],[41.710774,41.687086],[41.710211,41.686824],[41.709889,41.686703],[41.709684,41.686692],[41.709464,41.686642],[41.709238,41.68656],[41.708813,41.686091],[41.708747,41.686073],[41.708676,41.686085]]}},{"type":"Feature","properties":{"kind":"stream","name":""},"geometry":{"type":"LineString","coordinates":[[41.696974,41.614838],[41.696982,41.61488]]}},{"type":"Feature","properties":{"kind":"stream","name":""},"geometry":{"type":"LineString","coordinates":[[41.696995,41.614576],[41.696951,41.614713],[41.696974,41.614838]]}},{"type":"Feature","properties":{"kind":"stream","name":""},"geometry":{"type":"LineString","coordinates":[[41.696982,41.61488],[41.696992,41.614934],[41.696784,41.61509],[41.696786,41.615172],[41.696492,41.615519],[41.69643,41.615839]]}},{"type":"Feature","properties":{"kind":"stream","name":""},"geometry":{"type":"LineString","coordinates":[[41.768408,41.687566],[41.768029,41.687478],[41.767385,41.687192],[41.767016,41.687206],[41.766319,41.687239]]}},{"type":"Feature","properties":{"kind":"stream","name":""},"geometry":{"type":"LineString","coordinates":[[41.579953,41.567071],[41.579978,41.567195],[41.580054,41.56732],[41.580056,41.56738],[41.580074,41.567649],[41.57996,41.567909],[41.579881,41.568106],[41.579793,41.568233],[41.57966,41.568353],[41.579438,41.568486],[41.579406,41.56863],[41.579337,41.568735],[41.579327,41.568875],[41.579191,41.569124],[41.579024,41.569334],[41.578928,41.569683],[41.578876,41.569819],[41.578753,41.569944],[41.578684,41.569987],[41.578553,41.570232],[41.578484,41.570343],[41.57834,41.570397],[41.578309,41.570409],[41.578164,41.570487],[41.577873,41.570669]]}},{"type":"Feature","properties":{"kind":"stream","name":""},"geometry":{"type":"LineString","coordinates":[[41.594684,41.577838],[41.594678,41.577725],[41.594721,41.577551],[41.594808,41.577425],[41.594953,41.577318],[41.594956,41.577214],[41.594926,41.577106],[41.594631,41.576997],[41.594284,41.57697],[41.594179,41.57692],[41.594108,41.576788],[41.594083,41.5767],[41.593987,41.576392]]}},{"type":"Feature","properties":{"kind":"stream","name":""},"geometry":{"type":"LineString","coordinates":[[41.594535,41.577857],[41.594684,41.577838]]}},{"type":"Feature","properties":{"kind":"stream","name":""},"geometry":{"type":"LineString","coordinates":[[41.603172,41.600474],[41.602254,41.600538],[41.601426,41.600506],[41.600936,41.600554],[41.600009,41.600756],[41.598945,41.600991],[41.598241,41.60101],[41.59737,41.601157],[41.596559,41.601228],[41.595679,41.601356],[41.59513,41.601623],[41.594955,41.601845],[41.594931,41.601895],[41.594894,41.601969],[41.594611,41.602207],[41.593961,41.602511],[41.593679,41.602643],[41.592988,41.603006],[41.592081,41.603319],[41.591856,41.603397],[41.591319,41.603718],[41.590767,41.60411],[41.5906,41.60421]]}},{"type":"Feature","properties":{"kind":"stream","name":""},"geometry":{"type":"LineString","coordinates":[[41.5906,41.60421],[41.590567,41.604229],[41.590522,41.604253]]}},{"type":"Feature","properties":{"kind":"stream","name":""},"geometry":{"type":"LineString","coordinates":[[41.592095,41.603006],[41.592094,41.603063],[41.592081,41.603319]]}},{"type":"Feature","properties":{"kind":"stream","name":""},"geometry":{"type":"LineString","coordinates":[[41.600203,41.598577],[41.599882,41.59848],[41.599605,41.598319],[41.59934,41.598185],[41.599278,41.598121]]}},{"type":"Feature","properties":{"kind":"river","name":""},"geometry":{"type":"LineString","coordinates":[[41.583096,41.581918],[41.583017,41.581828],[41.582946,41.58169],[41.58283,41.581558],[41.582758,41.581487],[41.582653,41.581351],[41.582569,41.581193],[41.582442,41.580989],[41.582326,41.580764],[41.582259,41.58057],[41.582242,41.580436],[41.582209,41.580177],[41.582173,41.579975],[41.582126,41.579704]]}},{"type":"Feature","properties":{"kind":"river","name":""},"geometry":{"type":"LineString","coordinates":[[41.582126,41.579704],[41.582119,41.579652]]}},{"type":"Feature","properties":{"kind":"stream","name":""},"geometry":{"type":"LineString","coordinates":[[41.553623,41.531501],[41.553209,41.531927],[41.552622,41.531978],[41.552385,41.531986],[41.551999,41.532194],[41.551321,41.532437],[41.550934,41.532506],[41.549911,41.532573]]}},{"type":"Feature","properties":{"kind":"stream","name":""},"geometry":{"type":"LineString","coordinates":[[41.553701,41.531359],[41.553623,41.531501]]}},{"type":"Feature","properties":{"kind":"stream","name":""},"geometry":{"type":"LineString","coordinates":[[41.553459,41.532249],[41.553388,41.532198],[41.553209,41.531927]]}},{"type":"Feature","properties":{"kind":"stream","name":""},"geometry":{"type":"LineString","coordinates":[[41.553532,41.532302],[41.553459,41.532249]]}},{"type":"Feature","properties":{"kind":"stream","name":""},"geometry":{"type":"LineString","coordinates":[[41.556369,41.533958],[41.556268,41.53391]]}},{"type":"Feature","properties":{"kind":"stream","name":""},"geometry":{"type":"LineString","coordinates":[[41.557835,41.534692],[41.557508,41.534672],[41.557175,41.534427],[41.556494,41.534017],[41.556369,41.533958]]}},{"type":"Feature","properties":{"kind":"stream","name":""},"geometry":{"type":"LineString","coordinates":[[41.571278,41.560653],[41.571212,41.561081]]}},{"type":"Feature","properties":{"kind":"stream","name":""},"geometry":{"type":"LineString","coordinates":[[41.571287,41.560588],[41.571278,41.560653]]}},{"type":"Feature","properties":{"kind":"stream","name":""},"geometry":{"type":"LineString","coordinates":[[41.577084,41.557725],[41.577092,41.557788]]}},{"type":"Feature","properties":{"kind":"stream","name":""},"geometry":{"type":"LineString","coordinates":[[41.578022,41.557297],[41.577718,41.557309],[41.577464,41.557401],[41.577256,41.557463],[41.577186,41.557573],[41.577084,41.557725]]}},{"type":"Feature","properties":{"kind":"stream","name":""},"geometry":{"type":"LineString","coordinates":[[41.578123,41.55731],[41.578022,41.557297]]}},{"type":"Feature","properties":{"kind":"stream","name":""},"geometry":{"type":"LineString","coordinates":[[41.580647,41.556173],[41.580355,41.556332],[41.579577,41.556685],[41.578759,41.557112],[41.578588,41.557322],[41.57849,41.557388],[41.578123,41.55731]]}},{"type":"Feature","properties":{"kind":"stream","name":""},"geometry":{"type":"LineString","coordinates":[[41.580756,41.556112],[41.580647,41.556173]]}},{"type":"Feature","properties":{"kind":"stream","name":""},"geometry":{"type":"LineString","coordinates":[[41.58337,41.55469],[41.582914,41.554943],[41.582737,41.555276],[41.581954,41.555642],[41.581073,41.555998],[41.580756,41.556112]]}},{"type":"Feature","properties":{"kind":"stream","name":""},"geometry":{"type":"LineString","coordinates":[[41.575431,41.558866],[41.57528,41.558975]]}},{"type":"Feature","properties":{"kind":"stream","name":""},"geometry":{"type":"LineString","coordinates":[[41.577092,41.557788],[41.576941,41.557961],[41.576892,41.558178],[41.576691,41.558353],[41.57649,41.55854],[41.576329,41.558738],[41.575905,41.558775],[41.575667,41.558824],[41.575479,41.558828],[41.575431,41.558866]]}},{"type":"Feature","properties":{"kind":"stream","name":""},"geometry":{"type":"LineString","coordinates":[[41.572144,41.559838],[41.571607,41.559966],[41.571474,41.560017],[41.571366,41.56015],[41.571322,41.560355],[41.571287,41.560588]]}},{"type":"Feature","properties":{"kind":"stream","name":""},"geometry":{"type":"LineString","coordinates":[[41.572227,41.559775],[41.572144,41.559838]]}},{"type":"Feature","properties":{"kind":"stream","name":""},"geometry":{"type":"LineString","coordinates":[[41.57528,41.558975],[41.575166,41.559018],[41.575062,41.559003],[41.574749,41.558959],[41.574682,41.558955],[41.574464,41.559008],[41.573958,41.559176],[41.573784,41.559208],[41.573341,41.55922],[41.572976,41.559387],[41.572483,41.55969],[41.572227,41.559775]]}},{"type":"Feature","properties":{"kind":"stream","name":""},"geometry":{"type":"LineString","coordinates":[[41.572233,41.52123],[41.572201,41.522226],[41.570817,41.522989],[41.568468,41.523841],[41.566966,41.52462],[41.565163,41.525777],[41.564594,41.526074],[41.563865,41.526347],[41.563103,41.526917],[41.562736,41.527481]]}},{"type":"Feature","properties":{"kind":"stream","name":""},"geometry":{"type":"LineString","coordinates":[[41.558126,41.532446],[41.557843,41.532314],[41.557644,41.532219],[41.557041,41.531929],[41.556722,41.53178]]}},{"type":"Feature","properties":{"kind":"stream","name":""},"geometry":{"type":"LineString","coordinates":[[41.558202,41.532486],[41.558126,41.532446]]}},{"type":"Feature","properties":{"kind":"stream","name":""},"geometry":{"type":"LineString","coordinates":[[41.556722,41.53178],[41.556572,41.531722]]}},{"type":"Feature","properties":{"kind":"stream","name":""},"geometry":{"type":"LineString","coordinates":[[41.558796,41.532703],[41.558611,41.532651],[41.55847,41.532604],[41.558297,41.532534],[41.558202,41.532486]]}},{"type":"Feature","properties":{"kind":"stream","name":""},"geometry":{"type":"LineString","coordinates":[[41.556572,41.531722],[41.556274,41.53157],[41.556065,41.531377],[41.556049,41.531258],[41.556049,41.531076],[41.556014,41.531017],[41.555877,41.530922],[41.555716,41.530854],[41.555472,41.530826],[41.555281,41.530861],[41.555059,41.530899],[41.5549,41.530866],[41.554857,41.530775],[41.554886,41.530673],[41.55486,41.530611]]}},{"type":"Feature","properties":{"kind":"stream","name":""},"geometry":{"type":"LineString","coordinates":[[41.558873,41.532711],[41.558796,41.532703]]}},{"type":"Feature","properties":{"kind":"stream","name":""},"geometry":{"type":"LineString","coordinates":[[41.566443,41.534744],[41.566204,41.534521],[41.565893,41.53431],[41.565644,41.534205],[41.565474,41.534186],[41.565134,41.53419],[41.564651,41.534071],[41.564468,41.534017],[41.564305,41.533939],[41.564128,41.533831],[41.56407,41.5338],[41.563848,41.533695],[41.563681,41.533631],[41.563283,41.53355],[41.562834,41.533521],[41.562068,41.533411],[41.561727,41.533246],[41.561465,41.533218],[41.560959,41.533174],[41.560137,41.532941],[41.559635,41.532752],[41.559024,41.532706],[41.558873,41.532711]]}},{"type":"Feature","properties":{"kind":"stream","name":""},"geometry":{"type":"LineString","coordinates":[[41.569428,41.544356],[41.568712,41.54475],[41.568146,41.545024]]}},{"type":"Feature","properties":{"kind":"stream","name":""},"geometry":{"type":"LineString","coordinates":[[41.56501,41.545945],[41.564853,41.546093],[41.564711,41.546214],[41.564624,41.546309],[41.564534,41.546404]]}},{"type":"Feature","properties":{"kind":"stream","name":""},"geometry":{"type":"LineString","coordinates":[[41.568146,41.545024],[41.568052,41.545048]]}},{"type":"Feature","properties":{"kind":"stream","name":""},"geometry":{"type":"LineString","coordinates":[[41.577973,41.544754],[41.577287,41.545107],[41.575989,41.545509],[41.574723,41.545734],[41.574047,41.546039],[41.573242,41.546007],[41.572748,41.546111],[41.571651,41.546103],[41.570919,41.545896],[41.569964,41.545587],[41.569009,41.545208],[41.56847,41.545089],[41.568146,41.545024]]}},{"type":"Feature","properties":{"kind":"stream","name":""},"geometry":{"type":"LineString","coordinates":[[41.568052,41.545048],[41.567851,41.545129],[41.567576,41.545344],[41.567341,41.545471],[41.566727,41.54565],[41.566329,41.545696],[41.565902,41.545606],[41.565523,41.545631],[41.565248,41.545757],[41.56501,41.545945]]}},{"type":"Feature","properties":{"kind":"stream","name":""},"geometry":{"type":"LineString","coordinates":[[41.559608,41.530727],[41.559485,41.530716],[41.559296,41.53074],[41.558999,41.530803],[41.558597,41.530891],[41.558259,41.530869],[41.557814,41.530849],[41.557395,41.530794],[41.557028,41.53066],[41.556682,41.530455],[41.55636,41.530124],[41.555971,41.530116],[41.555655,41.530069]]}},{"type":"Feature","properties":{"kind":"stream","name":""},"geometry":{"type":"LineString","coordinates":[[41.559756,41.530741],[41.559608,41.530727]]}},{"type":"Feature","properties":{"kind":"stream","name":""},"geometry":{"type":"LineString","coordinates":[[41.717813,41.602885],[41.717474,41.60301],[41.717233,41.603187]]}},{"type":"Feature","properties":{"kind":"stream","name":""},"geometry":{"type":"LineString","coordinates":[[41.668337,41.651819],[41.668259,41.651893]]}},{"type":"Feature","properties":{"kind":"stream","name":""},"geometry":{"type":"LineString","coordinates":[[41.668476,41.651688],[41.668337,41.651819]]}},{"type":"Feature","properties":{"kind":"stream","name":""},"geometry":{"type":"LineString","coordinates":[[41.668259,41.651893],[41.668215,41.651934],[41.66827,41.652001],[41.668444,41.652138],[41.668709,41.652318],[41.668797,41.652408],[41.668821,41.652461],[41.66878,41.652545],[41.668592,41.652794],[41.667966,41.653618],[41.667453,41.654207],[41.666611,41.65474],[41.665723,41.654786],[41.665623,41.654957]]}},{"type":"Feature","properties":{"kind":"stream","name":""},"geometry":{"type":"LineString","coordinates":[[41.747348,41.683509],[41.746927,41.683843],[41.746559,41.683976],[41.746155,41.684022]]}},{"type":"Feature","properties":{"kind":"stream","name":""},"geometry":{"type":"LineString","coordinates":[[41.747532,41.683455],[41.747348,41.683509]]}},{"type":"Feature","properties":{"kind":"stream","name":""},"geometry":{"type":"LineString","coordinates":[[41.753631,41.680092],[41.753105,41.680244],[41.752548,41.68021]]}},{"type":"Feature","properties":{"kind":"stream","name":""},"geometry":{"type":"LineString","coordinates":[[41.753975,41.680106],[41.753631,41.680092]]}},{"type":"Feature","properties":{"kind":"stream","name":""},"geometry":{"type":"LineString","coordinates":[[41.752247,41.680124],[41.751904,41.679916],[41.751158,41.679928],[41.7506,41.679928],[41.749755,41.679859],[41.749066,41.679918],[41.748618,41.679906],[41.748509,41.679884]]}},{"type":"Feature","properties":{"kind":"stream","name":""},"geometry":{"type":"LineString","coordinates":[[41.752548,41.68021],[41.752247,41.680124]]}},{"type":"Feature","properties":{"kind":"stream","name":""},"geometry":{"type":"LineString","coordinates":[[41.755241,41.680008],[41.754833,41.680192],[41.754559,41.680312],[41.754312,41.680276],[41.753975,41.680106]]}},{"type":"Feature","properties":{"kind":"stream","name":""},"geometry":{"type":"LineString","coordinates":[[41.752945,41.677291],[41.752835,41.67743]]}},{"type":"Feature","properties":{"kind":"stream","name":""},"geometry":{"type":"LineString","coordinates":[[41.756474,41.675064],[41.756067,41.67518],[41.755305,41.675552],[41.754892,41.675773],[41.754355,41.675963],[41.753932,41.676394],[41.753562,41.676504],[41.753189,41.676492],[41.753122,41.67667],[41.753202,41.676734],[41.753159,41.676955],[41.752977,41.677111],[41.752945,41.677291]]}},{"type":"Feature","properties":{"kind":"stream","name":""},"geometry":{"type":"LineString","coordinates":[[41.748833,41.683107],[41.748342,41.683157],[41.748127,41.683189],[41.747913,41.683297],[41.747532,41.683455]]}},{"type":"Feature","properties":{"kind":"stream","name":""},"geometry":{"type":"LineString","coordinates":[[41.748972,41.682978],[41.748833,41.683107]]}},{"type":"Feature","properties":{"kind":"stream","name":""},"geometry":{"type":"LineString","coordinates":[[41.756163,41.680064],[41.755423,41.680551],[41.754717,41.680917],[41.754294,41.681058],[41.753591,41.681029],[41.7531,41.681055],[41.752392,41.68134],[41.751853,41.681554],[41.751523,41.681703],[41.750882,41.681809],[41.750461,41.68172],[41.749761,41.682105],[41.749313,41.682404],[41.749112,41.682638],[41.748972,41.682978]]}},{"type":"Feature","properties":{"kind":"stream","name":""},"geometry":{"type":"LineString","coordinates":[[41.748991,41.688167],[41.748795,41.688273],[41.748618,41.688245],[41.748355,41.68802],[41.748151,41.687944],[41.747988,41.688062],[41.747902,41.688219],[41.747481,41.688219],[41.747243,41.688341]]}},{"type":"Feature","properties":{"kind":"stream","name":""},"geometry":{"type":"LineString","coordinates":[[41.749063,41.688164],[41.748991,41.688167]]}},{"type":"Feature","properties":{"kind":"stream","name":""},"geometry":{"type":"LineString","coordinates":[[41.747199,41.688384],[41.747081,41.688499],[41.746961,41.688607]]}},{"type":"Feature","properties":{"kind":"stream","name":""},"geometry":{"type":"LineString","coordinates":[[41.747243,41.688341],[41.747199,41.688384]]}},{"type":"Feature","properties":{"kind":"stream","name":""},"geometry":{"type":"LineString","coordinates":[[41.746877,41.688745],[41.746598,41.68913],[41.746373,41.68932],[41.746218,41.689489],[41.745976,41.68951],[41.745526,41.689459],[41.745293,41.689402]]}},{"type":"Feature","properties":{"kind":"stream","name":""},"geometry":{"type":"LineString","coordinates":[[41.746961,41.688607],[41.746877,41.688745]]}},{"type":"Feature","properties":{"kind":"stream","name":""},"geometry":{"type":"LineString","coordinates":[[41.753422,41.68373],[41.753368,41.684219],[41.753873,41.685156],[41.753315,41.685869],[41.7528,41.686622],[41.752532,41.687215],[41.752102,41.687472],[41.751587,41.687616],[41.750643,41.687848],[41.750182,41.687976],[41.749785,41.688024],[41.749409,41.688155],[41.749063,41.688164]]}},{"type":"Feature","properties":{"kind":"stream","name":""},"geometry":{"type":"LineString","coordinates":[[41.740708,41.689074],[41.741186,41.689465],[41.741835,41.689719],[41.742143,41.689855],[41.742886,41.689865],[41.74323,41.690099],[41.743495,41.690196],[41.743852,41.690099],[41.744335,41.690011],[41.744622,41.690174],[41.744779,41.690242]]}},{"type":"Feature","properties":{"kind":"stream","name":""},"geometry":{"type":"LineString","coordinates":[[41.740604,41.688961],[41.740708,41.689074]]}},{"type":"Feature","properties":{"kind":"stream","name":""},"geometry":{"type":"LineString","coordinates":[[41.740075,41.688589],[41.74018,41.688658]]}},{"type":"Feature","properties":{"kind":"stream","name":""},"geometry":{"type":"LineString","coordinates":[[41.739593,41.688257],[41.740075,41.688589]]}},{"type":"Feature","properties":{"kind":"stream","name":""},"geometry":{"type":"LineString","coordinates":[[41.74018,41.688658],[41.740424,41.688817],[41.740604,41.688961]]}},{"type":"Feature","properties":{"kind":"stream","name":""},"geometry":{"type":"LineString","coordinates":[[41.740864,41.686626],[41.7411,41.686266],[41.741213,41.685921],[41.741336,41.685661],[41.741856,41.685256]]}},{"type":"Feature","properties":{"kind":"stream","name":""},"geometry":{"type":"LineString","coordinates":[[41.741856,41.685256],[41.741913,41.685217],[41.742005,41.685164],[41.742084,41.685116]]}},{"type":"Feature","properties":{"kind":"stream","name":""},"geometry":{"type":"LineString","coordinates":[[41.738804,41.686422],[41.739035,41.686298]]}},{"type":"Feature","properties":{"kind":"stream","name":""},"geometry":{"type":"LineString","coordinates":[[41.738155,41.687055],[41.738407,41.686618],[41.738804,41.686422]]}},{"type":"Feature","properties":{"kind":"stream","name":""},"geometry":{"type":"LineString","coordinates":[[41.739035,41.686298],[41.73912,41.686101],[41.739469,41.686089],[41.739987,41.685945],[41.740547,41.685643],[41.740899,41.685418],[41.741213,41.685076],[41.741535,41.685132],[41.741856,41.685256]]}},{"type":"Feature","properties":{"kind":"stream","name":""},"geometry":{"type":"LineString","coordinates":[[41.736696,41.683465],[41.7375,41.683349],[41.737817,41.683189],[41.738117,41.683357],[41.738359,41.683539]]}},{"type":"Feature","properties":{"kind":"stream","name":""},"geometry":{"type":"LineString","coordinates":[[41.734142,41.685499],[41.734277,41.685462]]}},{"type":"Feature","properties":{"kind":"stream","name":""},"geometry":{"type":"LineString","coordinates":[[41.733778,41.685605],[41.734142,41.685499]]}},{"type":"Feature","properties":{"kind":"stream","name":""},"geometry":{"type":"LineString","coordinates":[[41.734277,41.685462],[41.734496,41.685415],[41.734797,41.685362],[41.73519,41.685369],[41.735396,41.685193],[41.735742,41.684738],[41.736127,41.684374],[41.736497,41.684271],[41.736948,41.684397],[41.737506,41.684577],[41.737868,41.68415],[41.737991,41.68392],[41.738359,41.683539],[41.73875,41.683616],[41.73963,41.683744],[41.740132,41.68387],[41.740703,41.683938],[41.74101,41.684008]]}},{"type":"Feature","properties":{"kind":"stream","name":""},"geometry":{"type":"LineString","coordinates":[[41.736921,41.664705],[41.737758,41.665627],[41.73705,41.666428],[41.736824,41.666973],[41.736674,41.66727],[41.736651,41.667702]]}},{"type":"Feature","properties":{"kind":"stream","name":""},"geometry":{"type":"LineString","coordinates":[[41.733885,41.672711],[41.733456,41.673425],[41.733284,41.673733],[41.733536,41.674459],[41.733605,41.674941]]}},{"type":"Feature","properties":{"kind":"stream","name":""},"geometry":{"type":"LineString","coordinates":[[41.734341,41.670988],[41.735215,41.670588],[41.735628,41.670479],[41.73617,41.670868],[41.736867,41.671393],[41.737457,41.671565],[41.738026,41.671562],[41.738675,41.671638],[41.739088,41.67171]]}},{"type":"Feature","properties":{"kind":"stream","name":""},"geometry":{"type":"LineString","coordinates":[[41.735242,41.668813],[41.736095,41.668748],[41.736444,41.668576],[41.7368,41.668505],[41.737344,41.668522],[41.737828,41.66846]]}},{"type":"Feature","properties":{"kind":"stream","name":""},"geometry":{"type":"LineString","coordinates":[[41.73485,41.664785],[41.734883,41.665627],[41.734743,41.666308],[41.734786,41.666564],[41.735038,41.666953],[41.735628,41.667262],[41.736283,41.667538],[41.736651,41.667702],[41.73713,41.667915],[41.737736,41.668316],[41.737828,41.66846],[41.738267,41.66846],[41.738817,41.668844]]}},{"type":"Feature","properties":{"kind":"stream","name":""},"geometry":{"type":"LineString","coordinates":[[41.746545,41.673465],[41.746266,41.674162],[41.746094,41.674587],[41.746073,41.674923],[41.745965,41.675348],[41.746352,41.675612],[41.74644,41.675751]]}},{"type":"Feature","properties":{"kind":"stream","name":""},"geometry":{"type":"LineString","coordinates":[[41.745155,41.667891],[41.745134,41.668544],[41.744614,41.669201],[41.743455,41.669598],[41.742559,41.670171],[41.742484,41.670676],[41.741347,41.671129],[41.740928,41.671233],[41.740365,41.67096],[41.739973,41.671053],[41.739578,41.670976]]}},{"type":"Feature","properties":{"kind":"stream","name":""},"geometry":{"type":"LineString","coordinates":[[41.735591,41.670307],[41.736138,41.669706],[41.736782,41.669289],[41.737339,41.669057],[41.73809,41.669249],[41.738487,41.669426],[41.738737,41.669562]]}},{"type":"Feature","properties":{"kind":"stream","name":""},"geometry":{"type":"LineString","coordinates":[[41.745139,41.666877],[41.742929,41.668023],[41.74235,41.668624],[41.741856,41.669113],[41.741438,41.669306],[41.740816,41.669538],[41.74022,41.669818],[41.740091,41.670075],[41.739593,41.670207],[41.739501,41.670311]]}},{"type":"Feature","properties":{"kind":"stream","name":""},"geometry":{"type":"LineString","coordinates":[[41.745622,41.66533],[41.743584,41.665787],[41.742564,41.66606],[41.741473,41.665887],[41.740944,41.665955]]}},{"type":"Feature","properties":{"kind":"stream","name":""},"geometry":{"type":"LineString","coordinates":[[41.742082,41.66388],[41.741588,41.664593],[41.741266,41.665338],[41.740944,41.665955],[41.740419,41.666476],[41.740462,41.666981],[41.739775,41.666925]]}},{"type":"Feature","properties":{"kind":"stream","name":""},"geometry":{"type":"LineString","coordinates":[[41.737833,41.66388],[41.738348,41.664729],[41.738498,41.665418],[41.738854,41.665727],[41.739378,41.66618],[41.739775,41.666925],[41.739292,41.668039],[41.738809,41.668304],[41.738817,41.668844],[41.73882,41.669105],[41.738772,41.66949]]}},{"type":"Feature","properties":{"kind":"stream","name":""},"geometry":{"type":"LineString","coordinates":[[41.746684,41.673008],[41.745601,41.67292],[41.744818,41.672984],[41.744152,41.672992],[41.743887,41.673055],[41.743541,41.673124],[41.74316,41.673256],[41.74279,41.673076],[41.742489,41.672904]]}},{"type":"Feature","properties":{"kind":"stream","name":""},"geometry":{"type":"LineString","coordinates":[[41.747543,41.672639],[41.746856,41.672463],[41.746255,41.672038],[41.745676,41.671838],[41.745021,41.671854],[41.744608,41.671936]]}},{"type":"Feature","properties":{"kind":"stream","name":""},"geometry":{"type":"LineString","coordinates":[[41.751083,41.670083],[41.750236,41.6705],[41.749613,41.6705],[41.749089,41.670718]]}},{"type":"Feature","properties":{"kind":"stream","name":""},"geometry":{"type":"LineString","coordinates":[[41.75104,41.669257],[41.74986,41.669161],[41.749324,41.668961],[41.748873,41.668953],[41.748401,41.668977],[41.74794,41.668857],[41.747478,41.668736]]}},{"type":"Feature","properties":{"kind":"stream","name":""},"geometry":{"type":"LineString","coordinates":[[41.750708,41.665338],[41.750879,41.666524],[41.750515,41.667013],[41.74927,41.667654],[41.748304,41.668159],[41.747812,41.668288]]}},{"type":"Feature","properties":{"kind":"stream","name":""},"geometry":{"type":"LineString","coordinates":[[41.750847,41.671678],[41.749978,41.670964],[41.749089,41.670718],[41.748734,41.67062],[41.74795,41.670548],[41.747328,41.67054],[41.746877,41.670516],[41.746314,41.670536],[41.745941,41.670465],[41.745711,41.670445],[41.745308,41.670622],[41.744962,41.671006]]}},{"type":"Feature","properties":{"kind":"stream","name":""},"geometry":{"type":"LineString","coordinates":[[41.735003,41.677765],[41.734983,41.678133],[41.735003,41.678182],[41.735282,41.678563],[41.735669,41.678791],[41.736194,41.679076],[41.736503,41.679311],[41.736693,41.679761],[41.736902,41.679822]]}},{"type":"Feature","properties":{"kind":"stream","name":""},"geometry":{"type":"LineString","coordinates":[[41.734968,41.677638],[41.735003,41.677765]]}},{"type":"Feature","properties":{"kind":"stream","name":""},"geometry":{"type":"LineString","coordinates":[[41.731299,41.674691],[41.731766,41.675019],[41.731997,41.67548],[41.732538,41.675977],[41.732807,41.676206]]}},{"type":"Feature","properties":{"kind":"stream","name":""},"geometry":{"type":"LineString","coordinates":[[41.732807,41.676206],[41.73304,41.676284],[41.733476,41.67642],[41.733719,41.676459],[41.733924,41.676472],[41.734062,41.67649]]}},{"type":"Feature","properties":{"kind":"stream","name":""},"geometry":{"type":"LineString","coordinates":[[41.734062,41.67649],[41.734201,41.676682]]}},{"type":"Feature","properties":{"kind":"stream","name":""},"geometry":{"type":"LineString","coordinates":[[41.734014,41.675649],[41.734062,41.67649]]}},{"type":"Feature","properties":{"kind":"stream","name":""},"geometry":{"type":"LineString","coordinates":[[41.734299,41.676792],[41.734373,41.676875],[41.734598,41.677007],[41.734783,41.677271],[41.734968,41.677638]]}},{"type":"Feature","properties":{"kind":"stream","name":""},"geometry":{"type":"LineString","coordinates":[[41.734201,41.676682],[41.734299,41.676792]]}},{"type":"Feature","properties":{"kind":"stream","name":""},"geometry":{"type":"LineString","coordinates":[[41.733209,41.672736],[41.732619,41.673473],[41.732672,41.674242],[41.733327,41.674691],[41.733605,41.674941],[41.733799,41.675116],[41.733949,41.675452],[41.734014,41.675649]]}},{"type":"Feature","properties":{"kind":"stream","name":""},"geometry":{"type":"LineString","coordinates":[[41.733528,41.679749],[41.733968,41.679779],[41.73448,41.679817],[41.735041,41.67994],[41.735634,41.680551],[41.736006,41.680909],[41.736245,41.681118],[41.7364,41.681347]]}},{"type":"Feature","properties":{"kind":"stream","name":""},"geometry":{"type":"LineString","coordinates":[[41.733362,41.679795],[41.733528,41.679749]]}},{"type":"Feature","properties":{"kind":"stream","name":""},"geometry":{"type":"LineString","coordinates":[[41.728724,41.682079],[41.729293,41.68135],[41.729829,41.680941],[41.730505,41.680324],[41.731396,41.679868],[41.732018,41.679731],[41.73264,41.679803],[41.733155,41.679851],[41.733362,41.679795]]}},{"type":"Feature","properties":{"kind":"stream","name":""},"geometry":{"type":"LineString","coordinates":[[41.734004,41.682231],[41.734137,41.682218]]}},{"type":"Feature","properties":{"kind":"stream","name":""},"geometry":{"type":"LineString","coordinates":[[41.729384,41.683333],[41.729872,41.683229],[41.730081,41.683077],[41.730339,41.68258],[41.730757,41.682476],[41.731321,41.682336],[41.73168,41.682352],[41.732442,41.682548],[41.73323,41.682512],[41.73365,41.682378],[41.734004,41.682231]]}},{"type":"Feature","properties":{"kind":"stream","name":""},"geometry":{"type":"LineString","coordinates":[[41.742913,41.680186],[41.743171,41.680695],[41.743211,41.680985],[41.7432,41.681272],[41.743493,41.682446],[41.743412,41.683089],[41.743444,41.68375],[41.74338,41.684174],[41.743434,41.684489],[41.743542,41.68472]]}},{"type":"Feature","properties":{"kind":"stream","name":""},"geometry":{"type":"LineString","coordinates":[[41.74279,41.68001],[41.742913,41.680186]]}},{"type":"Feature","properties":{"kind":"stream","name":""},"geometry":{"type":"LineString","coordinates":[[41.748819,41.672559],[41.749184,41.673192],[41.748991,41.673873],[41.748251,41.673962],[41.747736,41.675132],[41.746609,41.675604],[41.74644,41.675751],[41.745869,41.676246],[41.744946,41.677007],[41.744292,41.677488],[41.743734,41.678016],[41.74338,41.678529],[41.743305,41.679034],[41.743283,41.679291],[41.742865,41.679603],[41.742768,41.679851],[41.74279,41.68001]]}},{"type":"Feature","properties":{"kind":"stream","name":""},"geometry":{"type":"LineString","coordinates":[[41.748487,41.67627],[41.748959,41.676606],[41.749517,41.676851],[41.750059,41.676947],[41.750375,41.677047],[41.750544,41.677271]]}},{"type":"Feature","properties":{"kind":"stream","name":""},"geometry":{"type":"LineString","coordinates":[[41.75707,41.677151],[41.755611,41.677456],[41.754109,41.677784],[41.753722,41.678097],[41.753597,41.678139],[41.753254,41.678253],[41.7531,41.678305],[41.752478,41.678457],[41.752231,41.678441],[41.751838,41.678344]]}},{"type":"Feature","properties":{"kind":"stream","name":""},"geometry":{"type":"LineString","coordinates":[[41.754881,41.67417],[41.754184,41.674803],[41.753562,41.675596],[41.75251,41.676045],[41.751534,41.67659],[41.750571,41.677061]]}},{"type":"Feature","properties":{"kind":"stream","name":""},"geometry":{"type":"LineString","coordinates":[[41.748626,41.676879],[41.748744,41.677536],[41.748615,41.677864],[41.74861,41.678016]]}},{"type":"Feature","properties":{"kind":"stream","name":""},"geometry":{"type":"LineString","coordinates":[[41.747612,41.677083],[41.748036,41.677472],[41.748197,41.677788],[41.74831,41.677948],[41.74861,41.678016],[41.748696,41.678273],[41.748707,41.678658],[41.748712,41.67879],[41.748825,41.679054],[41.749013,41.679185]]}},{"type":"Feature","properties":{"kind":"stream","name":""},"geometry":{"type":"LineString","coordinates":[[41.746373,41.678137],[41.746518,41.678481],[41.747049,41.678601],[41.747484,41.678922],[41.747563,41.678992],[41.748023,41.67911],[41.74851,41.679301],[41.748804,41.679447]]}},{"type":"Feature","properties":{"kind":"stream","name":""},"geometry":{"type":"LineString","coordinates":[[41.752698,41.678888],[41.752387,41.678958],[41.752014,41.678832],[41.751606,41.678912],[41.75129,41.678814],[41.750935,41.678546]]}},{"type":"Feature","properties":{"kind":"stream","name":""},"geometry":{"type":"LineString","coordinates":[[41.752942,41.678894],[41.752698,41.678888]]}},{"type":"Feature","properties":{"kind":"stream","name":""},"geometry":{"type":"LineString","coordinates":[[41.757714,41.677784],[41.757156,41.678057],[41.755997,41.678457],[41.755267,41.678706],[41.754291,41.67897],[41.753486,41.678994],[41.7531,41.67893],[41.752942,41.678894]]}},{"type":"Feature","properties":{"kind":"stream","name":""},"geometry":{"type":"LineString","coordinates":[[41.749753,41.674338],[41.750171,41.674939],[41.750386,41.675516],[41.750536,41.675885]]}},{"type":"Feature","properties":{"kind":"stream","name":""},"geometry":{"type":"LineString","coordinates":[[41.752242,41.672191],[41.752017,41.672936],[41.752102,41.673296],[41.751609,41.674282],[41.751587,41.674611],[41.75148,41.674891]]}},{"type":"Feature","properties":{"kind":"stream","name":""},"geometry":{"type":"LineString","coordinates":[[41.754087,41.673449],[41.752617,41.674122],[41.751866,41.674787],[41.75148,41.674891],[41.750987,41.675372],[41.750536,41.675885],[41.7506,41.676839],[41.750571,41.677061],[41.750544,41.677271],[41.750504,41.677576],[41.75016,41.678137],[41.749734,41.67874]]}},{"type":"Feature","properties":{"kind":"stream","name":""},"geometry":{"type":"LineString","coordinates":[[41.763343,41.688748],[41.763573,41.688753]]}},{"type":"Feature","properties":{"kind":"stream","name":""},"geometry":{"type":"LineString","coordinates":[[41.76317,41.688774],[41.763343,41.688748]]}},{"type":"Feature","properties":{"kind":"stream","name":""},"geometry":{"type":"LineString","coordinates":[[41.563011,41.544743],[41.562763,41.544884]]}},{"type":"Feature","properties":{"kind":"stream","name":""},"geometry":{"type":"LineString","coordinates":[[41.562763,41.544884],[41.562694,41.544934],[41.562553,41.545015],[41.562417,41.545081],[41.562298,41.545149],[41.562209,41.545219],[41.562087,41.545287],[41.561965,41.545298],[41.561917,41.545298],[41.561798,41.545307],[41.561683,41.545311],[41.561529,41.545339]]}},{"type":"Feature","properties":{"kind":"stream","name":""},"geometry":{"type":"LineString","coordinates":[[41.722365,41.653726],[41.722214,41.653667],[41.721938,41.653601],[41.721818,41.653589],[41.721324,41.653497],[41.721109,41.653371],[41.720986,41.653225],[41.720806,41.652918],[41.720694,41.652798],[41.720527,41.65267],[41.720321,41.652543],[41.720069,41.652435],[41.719733,41.652225],[41.719626,41.652134],[41.719543,41.651984],[41.719621,41.651786],[41.719597,41.651571],[41.719632,41.651491],[41.719621,41.651451],[41.719288,41.651136],[41.719261,41.651056],[41.719253,41.650892],[41.719058,41.650689],[41.719084,41.650447],[41.719086,41.650384]]}},{"type":"Feature","properties":{"kind":"river","name":""},"geometry":{"type":"LineString","coordinates":[[41.72288,41.627453],[41.723102,41.627709],[41.723328,41.627938],[41.723472,41.628116],[41.7237,41.628323],[41.723891,41.628574],[41.724068,41.628736],[41.724218,41.628826],[41.724594,41.628973],[41.724859,41.629173],[41.72531,41.629367],[41.725535,41.629554],[41.725428,41.629722],[41.725339,41.629929],[41.725363,41.630087],[41.725554,41.630226],[41.725905,41.630292],[41.726243,41.630362],[41.726495,41.630606],[41.726723,41.630795],[41.726932,41.630865],[41.72715,41.631045],[41.727346,41.631368],[41.727574,41.631631],[41.727767,41.631813],[41.728105,41.632064],[41.728145,41.632296],[41.72811,41.632505],[41.728046,41.632713],[41.728032,41.632908],[41.728019,41.633066],[41.728051,41.633215],[41.728126,41.633367],[41.728198,41.633515],[41.728062,41.633644],[41.72797,41.633764],[41.727973,41.633882],[41.72796,41.63404],[41.727902,41.634194]]}},{"type":"Feature","properties":{"kind":"stream","name":""},"geometry":{"type":"LineString","coordinates":[[41.738772,41.66949],[41.738737,41.669562],[41.738702,41.669634],[41.738718,41.669911],[41.739035,41.670151],[41.739501,41.670311],[41.73956,41.670872],[41.739578,41.670976],[41.739319,41.671153],[41.739088,41.67171],[41.738605,41.672996],[41.738556,41.673069],[41.738136,41.673687],[41.738278,41.674192],[41.738954,41.674589],[41.739355,41.674768]]}},{"type":"Feature","properties":{"kind":"riverpoly","water":"river","name":""},"geometry":{"type":"Polygon","coordinates":[[[41.824539,41.561063],[41.82425,41.560388],[41.824007,41.559799],[41.823913,41.559261],[41.82375,41.558764],[41.823754,41.55818],[41.823643,41.557927],[41.823568,41.557626],[41.823374,41.557475],[41.822432,41.557439],[41.82087,41.557817],[41.819602,41.558028],[41.818817,41.558445],[41.818369,41.558863],[41.817441,41.559122],[41.816445,41.559169],[41.815598,41.55891],[41.814501,41.558574],[41.81319,41.558136],[41.812339,41.557513],[41.811393,41.55675],[41.810985,41.556342],[41.810496,41.555809],[41.809794,41.554989],[41.809239,41.554835],[41.808787,41.554724],[41.80813,41.554635],[41.807449,41.554516],[41.805858,41.554246],[41.804046,41.553711],[41.803772,41.553551],[41.80374,41.55341],[41.803578,41.552126],[41.803544,41.551357],[41.803864,41.550836],[41.803853,41.550579],[41.803489,41.550075],[41.803467,41.549562],[41.803114,41.549314],[41.802138,41.549014],[41.801795,41.548837],[41.801504,41.548687],[41.800668,41.548313],[41.800142,41.547718],[41.799534,41.547322],[41.799017,41.5472],[41.79869,41.547127],[41.798093,41.546994],[41.797609,41.546878],[41.797103,41.546777],[41.796413,41.546748],[41.795694,41.546607],[41.794482,41.546147],[41.794169,41.546113],[41.793591,41.546337],[41.792908,41.546354],[41.792214,41.546114],[41.791862,41.545866],[41.790827,41.545634],[41.790475,41.545386],[41.789997,41.545223],[41.789798,41.545531],[41.790144,41.545651],[41.790849,41.546147],[41.792236,41.546627],[41.793271,41.546858],[41.796296,41.546881],[41.796695,41.547032],[41.797092,41.547231],[41.797406,41.547656],[41.797737,41.547983],[41.798023,41.548389],[41.799142,41.548648],[41.799997,41.548919],[41.800885,41.549012],[41.801246,41.549061],[41.802111,41.549453],[41.802806,41.550091],[41.802953,41.550596],[41.80292,41.550885],[41.802862,41.551373],[41.802691,41.552368],[41.803157,41.553395],[41.803521,41.553718],[41.804501,41.55415],[41.805143,41.554404],[41.807554,41.554885],[41.808605,41.555069],[41.809344,41.555065],[41.809534,41.555143],[41.809687,41.555277],[41.810247,41.555814],[41.810483,41.556463],[41.810887,41.556855],[41.811293,41.557251],[41.811619,41.557444],[41.812089,41.557867],[41.813118,41.558412],[41.813707,41.558697],[41.814265,41.558849],[41.81493,41.558981],[41.81581,41.559186],[41.81655,41.559407],[41.817665,41.55931],[41.818691,41.559021],[41.8189,41.558696],[41.819388,41.558403],[41.819729,41.558387],[41.821034,41.5583],[41.821598,41.558178],[41.822379,41.557848],[41.822798,41.557839],[41.82312,41.558099],[41.823454,41.559069],[41.823466,41.559672],[41.823755,41.560491],[41.824211,41.561199],[41.824676,41.561953],[41.824545,41.562193],[41.82471,41.562477],[41.824949,41.562769],[41.825273,41.563214],[41.82595,41.563774],[41.826421,41.56452],[41.826979,41.563828],[41.826328,41.56353],[41.825979,41.562897],[41.82574,41.562544],[41.825564,41.562421],[41.8252,41.561916],[41.824889,41.561508],[41.824539,41.561063]]]}},{"type":"Feature","properties":{"kind":"riverpoly","water":"river","name":""},"geometry":{"type":"Polygon","coordinates":[[[41.700368,41.549171],[41.699067,41.549195],[41.696787,41.549408],[41.695619,41.549663],[41.694295,41.549791],[41.693698,41.549656],[41.692904,41.549779],[41.692533,41.550156],[41.691784,41.550692],[41.691277,41.55092],[41.690777,41.551393],[41.690516,41.551718],[41.690141,41.552271],[41.689479,41.5528],[41.68917,41.553577],[41.68885,41.554098],[41.688529,41.554619],[41.687868,41.555148],[41.687559,41.555925],[41.687004,41.556633],[41.686614,41.557182],[41.686195,41.557598],[41.685008,41.559079],[41.684786,41.559397],[41.684471,41.559754],[41.684112,41.560153],[41.683826,41.560455],[41.685784,41.560341],[41.68634,41.559653],[41.687009,41.558833],[41.6875,41.558289],[41.687821,41.557768],[41.688407,41.557071],[41.689026,41.556237],[41.689691,41.555539],[41.689866,41.555324],[41.690536,41.554378],[41.690901,41.553878],[41.691157,41.553553],[41.6915,41.552953],[41.691893,41.552198],[41.692086,41.551876],[41.692307,41.551627],[41.692422,41.551367],[41.692797,41.551151],[41.69332,41.551073],[41.69449,41.551023],[41.695188,41.550885],[41.696035,41.550936],[41.696791,41.551024],[41.697421,41.550978],[41.698395,41.551089],[41.699392,41.551213],[41.700094,41.55101],[41.700082,41.550426],[41.700404,41.550422],[41.700368,41.549171]]]}},{"type":"Feature","properties":{"kind":"lakepoly","water":"lake","name":"ნურის ტბა"},"geometry":{"type":"Polygon","coordinates":[[[41.624275,41.647816],[41.625298,41.648041],[41.625356,41.648038],[41.625442,41.648044],[41.625482,41.648059],[41.625874,41.648158],[41.62626,41.648232],[41.626649,41.648309],[41.627203,41.648455],[41.627299,41.648464],[41.627664,41.648569],[41.627894,41.648574],[41.62806,41.648516],[41.628117,41.648435],[41.628069,41.648323],[41.628062,41.648211],[41.628062,41.648206],[41.628059,41.648078],[41.628115,41.647986],[41.628156,41.647974],[41.628225,41.647975],[41.628322,41.647796],[41.628448,41.647623],[41.62841,41.647591],[41.628433,41.647484],[41.628379,41.647332],[41.628326,41.647224],[41.628259,41.647186],[41.62817,41.647162],[41.627645,41.647052],[41.626663,41.646873],[41.625767,41.646721],[41.62534,41.646663],[41.62491,41.646632],[41.624408,41.646656],[41.624268,41.646669],[41.624131,41.646728],[41.624059,41.646835],[41.624025,41.646962],[41.623991,41.647364],[41.624008,41.647681],[41.624018,41.647707],[41.623999,41.647749],[41.624007,41.647756],[41.624017,41.647757],[41.624054,41.647738],[41.624093,41.647759],[41.624275,41.647816]]]}},{"type":"Feature","properties":{"kind":"lakepoly","water":"","name":"მოცეკვავე შადრევანი"},"geometry":{"type":"Polygon","coordinates":[[[41.635196,41.654029],[41.635222,41.654009],[41.635248,41.654],[41.635453,41.653747],[41.635586,41.653808],[41.63538,41.654063],[41.635382,41.654069],[41.635378,41.654093],[41.635364,41.654115],[41.635342,41.654132],[41.635315,41.654143],[41.635092,41.654418],[41.634959,41.654358],[41.63518,41.654084],[41.635179,41.65408],[41.635182,41.654053],[41.635196,41.654029]]]}},{"type":"Feature","properties":{"kind":"lakepoly","water":"","name":""},"geometry":{"type":"Polygon","coordinates":[[[41.635,41.654581],[41.634976,41.654618],[41.634931,41.654641],[41.634877,41.654644],[41.634828,41.654626],[41.634797,41.654592],[41.634793,41.654552],[41.634817,41.654515],[41.634862,41.654492],[41.634916,41.654489],[41.634965,41.654507],[41.634996,41.654541],[41.635,41.654581]]]}},{"type":"Feature","properties":{"kind":"lakepoly","water":"","name":""},"geometry":{"type":"Polygon","coordinates":[[[41.690167,41.665384],[41.690173,41.665421],[41.690217,41.665452],[41.690278,41.665478],[41.69036,41.6655],[41.690404,41.665481],[41.690411,41.665428],[41.690406,41.665385],[41.69034,41.665349],[41.690299,41.66534],[41.690245,41.665333],[41.690199,41.665346],[41.690167,41.665384]]]}},{"type":"Feature","properties":{"kind":"riverpoly","water":"river","name":""},"geometry":{"type":"Polygon","coordinates":[[[41.682595,41.66608],[41.682504,41.666106],[41.682448,41.666134],[41.682418,41.666196],[41.682392,41.666274],[41.682359,41.666352],[41.682354,41.666444],[41.682461,41.666624],[41.682601,41.666822],[41.682024,41.666586],[41.6818,41.666388],[41.681622,41.666131],[41.681729,41.6661],[41.681804,41.66608],[41.681944,41.666082],[41.682137,41.666061],[41.682239,41.666027],[41.682311,41.665861],[41.682416,41.665747],[41.682507,41.665685],[41.682612,41.665633],[41.68273,41.665537],[41.682888,41.665397],[41.683102,41.665192],[41.683194,41.664881],[41.683309,41.664697],[41.68343,41.664566],[41.683513,41.664477],[41.683636,41.664305],[41.683719,41.664132],[41.683874,41.663975],[41.683972,41.663787],[41.683998,41.663737],[41.684103,41.663551],[41.684197,41.663399],[41.684219,41.663338],[41.684405,41.663106],[41.68468,41.663328],[41.684444,41.663571],[41.684229,41.663944],[41.68421,41.66413],[41.684133,41.664336],[41.684114,41.664387],[41.684014,41.664463],[41.683955,41.664485],[41.683888,41.664567],[41.683823,41.664677],[41.683772,41.664728],[41.683624,41.664884],[41.683478,41.665094],[41.683395,41.665212],[41.68325,41.665484],[41.683153,41.665613],[41.682984,41.665757],[41.682909,41.665827],[41.682732,41.665993],[41.682662,41.666072],[41.682595,41.66608]]]}},{"type":"Feature","properties":{"kind":"riverpoly","water":"river","name":""},"geometry":{"type":"Polygon","coordinates":[[[41.685103,41.662787],[41.684849,41.663106],[41.68468,41.663328],[41.684405,41.663106],[41.684544,41.662932],[41.684647,41.662776],[41.684772,41.662647],[41.684965,41.662474],[41.685436,41.662066],[41.685881,41.661461],[41.685946,41.661409],[41.686007,41.661395],[41.686071,41.661385],[41.686353,41.661166],[41.686498,41.661088],[41.686558,41.661106],[41.686647,41.661133],[41.686551,41.661232],[41.686171,41.661596],[41.685911,41.66184],[41.685739,41.661984],[41.685489,41.662265],[41.685224,41.662537],[41.685103,41.662705],[41.685103,41.662751],[41.685103,41.662787]]]}},{"type":"Feature","properties":{"kind":"lakepoly","water":"","name":""},"geometry":{"type":"Polygon","coordinates":[[[41.716953,41.698519],[41.716966,41.698474],[41.716952,41.698439],[41.717004,41.698436],[41.717044,41.69843],[41.717082,41.698448],[41.717079,41.698489],[41.717041,41.698518],[41.717007,41.698523],[41.716953,41.698519]]]}},{"type":"Feature","properties":{"kind":"lakepoly","water":"","name":""},"geometry":{"type":"Polygon","coordinates":[[[41.717995,41.69886],[41.717979,41.698831],[41.71792,41.69869],[41.718016,41.698702],[41.718054,41.698765],[41.71807,41.698825],[41.718046,41.698864],[41.717995,41.69886]]]}},{"type":"Feature","properties":{"kind":"riverpoly","water":"river","name":""},"geometry":{"type":"Polygon","coordinates":[[[41.611721,41.64057],[41.611576,41.640676],[41.611446,41.640749],[41.611404,41.64078],[41.611361,41.640821],[41.611329,41.640871],[41.611255,41.640962],[41.611218,41.641033],[41.611186,41.641085],[41.611142,41.641147],[41.611065,41.641217],[41.610998,41.641302],[41.610966,41.64127],[41.610927,41.641238],[41.611003,41.641175],[41.611057,41.641133],[41.6111,41.641068],[41.61115,41.640982],[41.61123,41.640862],[41.611365,41.640726],[41.61139,41.640697],[41.611491,41.640617],[41.611622,41.640493],[41.61168,41.640537],[41.611721,41.64057]]]}},{"type":"Feature","properties":{"kind":"riverpoly","water":"river","name":""},"geometry":{"type":"Polygon","coordinates":[[[41.586418,41.616214],[41.586438,41.616238],[41.586371,41.616351],[41.586308,41.61641],[41.586294,41.616398],[41.586304,41.616358],[41.586387,41.616239],[41.586418,41.616214]]]}},{"type":"Feature","properties":{"kind":"riverpoly","water":"river","name":""},"geometry":{"type":"Polygon","coordinates":[[[41.604602,41.624843],[41.604366,41.624883],[41.603998,41.624885],[41.603566,41.624911],[41.602869,41.625015],[41.602334,41.625165],[41.601862,41.625278],[41.601455,41.62541],[41.600726,41.625737],[41.600295,41.62602],[41.60013,41.626146],[41.599964,41.626317],[41.599647,41.626772],[41.599757,41.626865],[41.599914,41.626637],[41.60002,41.626485],[41.600109,41.626377],[41.60027,41.626224],[41.600414,41.626093],[41.600616,41.625952],[41.600833,41.625806],[41.601325,41.625581],[41.601874,41.625369],[41.602225,41.62529],[41.602689,41.625156],[41.603215,41.625051],[41.603432,41.625007],[41.603977,41.624969],[41.604398,41.624975],[41.604454,41.624966],[41.604607,41.624939],[41.604845,41.624916],[41.60537,41.624815],[41.605577,41.624788],[41.606174,41.624783],[41.606433,41.624815],[41.606716,41.624819],[41.60683,41.624823],[41.607217,41.624829],[41.607598,41.624781],[41.607805,41.624713],[41.60807,41.624681],[41.608379,41.624591],[41.608655,41.624569],[41.608883,41.624559],[41.60905,41.6245],[41.609248,41.62443],[41.609479,41.62426],[41.609525,41.624143],[41.609543,41.624097],[41.609559,41.623853],[41.609605,41.62368],[41.609768,41.623404],[41.6098,41.623203],[41.609808,41.623045],[41.609787,41.62284],[41.60978,41.622728],[41.609776,41.622666],[41.609806,41.622546],[41.609889,41.622342],[41.609961,41.622149],[41.609945,41.621932],[41.609838,41.621768],[41.609769,41.621744],[41.609637,41.621697],[41.609615,41.621764],[41.609717,41.621812],[41.609819,41.621912],[41.609849,41.622016],[41.609825,41.622257],[41.609741,41.622419],[41.609669,41.62264],[41.609645,41.622798],[41.609707,41.622971],[41.609707,41.623137],[41.60969,41.623308],[41.609591,41.623516],[41.609492,41.623717],[41.609465,41.623981],[41.609429,41.624058],[41.609382,41.62416],[41.6092,41.62432],[41.608961,41.624444],[41.6088,41.624478],[41.608629,41.62448],[41.608481,41.624482],[41.608231,41.624541],[41.607821,41.624629],[41.607435,41.624727],[41.60715,41.624743],[41.606912,41.624745],[41.606684,41.62473],[41.606468,41.624716],[41.606389,41.624711],[41.606032,41.624711],[41.605557,41.624723],[41.605192,41.624773],[41.604602,41.624843]]]}},{"type":"Feature","properties":{"kind":"riverpoly","water":"river","name":""},"geometry":{"type":"Polygon","coordinates":[[[41.598638,41.628077],[41.59837,41.628361],[41.598188,41.628473],[41.598142,41.628511],[41.598082,41.628536],[41.598061,41.628565],[41.598065,41.628592],[41.598198,41.628794],[41.598143,41.628744],[41.598098,41.628703],[41.598093,41.628669],[41.598031,41.628594],[41.598026,41.62856],[41.598051,41.628508],[41.598021,41.628491],[41.598072,41.628461],[41.598127,41.628437],[41.598243,41.628335],[41.598332,41.62824],[41.598518,41.627992],[41.599422,41.627001],[41.599541,41.627111],[41.599404,41.627248],[41.598833,41.6279],[41.598638,41.628077]]]}},{"type":"Feature","properties":{"kind":"lakepoly","water":"basin","name":""},"geometry":{"type":"Polygon","coordinates":[[[41.61815,41.643517],[41.618192,41.643431],[41.618323,41.643383],[41.618327,41.643304],[41.618502,41.643239],[41.618361,41.643203],[41.618323,41.643108],[41.618287,41.643109],[41.618248,41.643121],[41.61826,41.643156],[41.618253,41.643203],[41.618238,41.643242],[41.618205,41.64327],[41.618193,41.643329],[41.618164,41.643387],[41.618117,41.643422],[41.618066,41.643493],[41.618058,41.643522],[41.618115,41.643548],[41.61815,41.643517]]]}},{"type":"Feature","properties":{"kind":"lakepoly","water":"basin","name":""},"geometry":{"type":"Polygon","coordinates":[[[41.618229,41.643065],[41.618229,41.643003],[41.618172,41.643008],[41.618108,41.643002],[41.618066,41.642983],[41.618008,41.642874],[41.617984,41.642881],[41.617963,41.642939],[41.617939,41.64297],[41.617894,41.642992],[41.617817,41.643012],[41.617755,41.643037],[41.617756,41.643059],[41.617784,41.643088],[41.617809,41.643108],[41.617842,41.643118],[41.61804,41.643059],[41.61814,41.643051],[41.618229,41.643065]]]}},{"type":"Feature","properties":{"kind":"lakepoly","water":"pond","name":""},"geometry":{"type":"Polygon","coordinates":[[[41.60595,41.635164],[41.606001,41.635206],[41.606098,41.635212],[41.606181,41.635188],[41.606235,41.635132],[41.606232,41.635064],[41.606194,41.63502],[41.606133,41.634983],[41.606056,41.634976],[41.605981,41.634917],[41.60596,41.634914],[41.605921,41.634921],[41.60587,41.634968],[41.605867,41.634997],[41.605878,41.635019],[41.605956,41.635078],[41.605958,41.635094],[41.605942,41.635139],[41.60595,41.635164]]]}},{"type":"Feature","properties":{"kind":"lakepoly","water":"pond","name":""},"geometry":{"type":"Polygon","coordinates":[[[41.604922,41.634264],[41.604823,41.634181],[41.604732,41.634243],[41.604831,41.634325],[41.604922,41.634264]]]}},{"type":"Feature","properties":{"kind":"lakepoly","water":"pond","name":""},"geometry":{"type":"Polygon","coordinates":[[[41.605224,41.634372],[41.605328,41.634298],[41.605128,41.63414],[41.605024,41.634214],[41.605224,41.634372]]]}},{"type":"Feature","properties":{"kind":"lakepoly","water":"pond","name":""},"geometry":{"type":"Polygon","coordinates":[[[41.605687,41.634937],[41.605585,41.634859],[41.605494,41.634925],[41.605597,41.635003],[41.605687,41.634937]]]}},{"type":"Feature","properties":{"kind":"riverpoly","water":"river","name":""},"geometry":{"type":"Polygon","coordinates":[[[41.664814,41.65022],[41.664819,41.650142],[41.664853,41.650098],[41.664929,41.65],[41.665019,41.649816],[41.665043,41.649653],[41.665132,41.649425],[41.665263,41.649197],[41.665309,41.649041],[41.6653,41.648869],[41.665227,41.648611],[41.665097,41.648323],[41.665014,41.648159],[41.664898,41.647822],[41.664818,41.647618],[41.664681,41.647405],[41.664598,41.647219],[41.664634,41.647064],[41.664779,41.64683],[41.664915,41.646778],[41.665324,41.64666],[41.665609,41.646545],[41.666026,41.646411],[41.666486,41.646279],[41.666989,41.646055],[41.667395,41.645858],[41.667755,41.645736],[41.668041,41.645634],[41.668574,41.645412],[41.66873,41.645321],[41.668981,41.645172],[41.669118,41.645062],[41.669091,41.645043],[41.669051,41.645038],[41.668804,41.645186],[41.668568,41.645301],[41.668444,41.645361],[41.668184,41.645485],[41.667959,41.645579],[41.667688,41.645675],[41.667299,41.64581],[41.666983,41.645952],[41.666532,41.646155],[41.666049,41.646345],[41.665746,41.646413],[41.66554,41.646419],[41.664759,41.6467],[41.664598,41.646774],[41.664453,41.647004],[41.664504,41.647207],[41.664614,41.647519],[41.664789,41.647998],[41.664955,41.648475],[41.665116,41.648734],[41.665156,41.64888],[41.665153,41.649061],[41.665089,41.649196],[41.664986,41.649368],[41.664901,41.649502],[41.664788,41.649682],[41.664687,41.649822],[41.664614,41.649932],[41.664559,41.650076],[41.664546,41.650137],[41.664495,41.650173],[41.664497,41.650224],[41.664597,41.650243],[41.664674,41.650259],[41.66478,41.650286],[41.664814,41.65022]]]}},{"type":"Feature","properties":{"kind":"lakepoly","water":"reservoir","name":""},"geometry":{"type":"Polygon","coordinates":[[[41.582628,41.610957],[41.582946,41.611256],[41.584009,41.610624],[41.58369,41.610325],[41.582628,41.610957]]]}},{"type":"Feature","properties":{"kind":"riverpoly","water":"river","name":""},"geometry":{"type":"Polygon","coordinates":[[[41.525078,41.485447],[41.524886,41.485586],[41.524837,41.485621],[41.524795,41.485635],[41.524765,41.485636],[41.524734,41.485634],[41.524702,41.485648],[41.524678,41.485682],[41.524647,41.485723],[41.524612,41.485745],[41.524566,41.485766],[41.524237,41.485931],[41.524115,41.485786],[41.524518,41.485525],[41.524576,41.485487],[41.524716,41.485399],[41.524991,41.48521],[41.525341,41.484979],[41.525584,41.484874],[41.525867,41.48465],[41.525983,41.484539],[41.526178,41.48441],[41.526339,41.484293],[41.526458,41.484244],[41.526563,41.484239],[41.526673,41.484238],[41.526795,41.484255],[41.526976,41.484294],[41.52711,41.484335],[41.527401,41.484457],[41.527729,41.484592],[41.527968,41.484683],[41.528266,41.484789],[41.528753,41.484959],[41.528861,41.484995],[41.529266,41.48518],[41.529501,41.485288],[41.530235,41.48564],[41.530593,41.485814],[41.53079,41.485914],[41.530874,41.485944],[41.530993,41.485974],[41.531166,41.486006],[41.531358,41.486013],[41.531514,41.485999],[41.531643,41.48597],[41.531764,41.485933],[41.531908,41.485889],[41.531967,41.485875],[41.532044,41.485865],[41.532264,41.485861],[41.532519,41.485869],[41.532616,41.485868],[41.532723,41.485849],[41.532801,41.485826],[41.532921,41.485785],[41.533065,41.48574],[41.5332,41.485691],[41.533313,41.485616],[41.533372,41.485533],[41.533425,41.485425],[41.53346,41.485275],[41.533471,41.485093],[41.533491,41.484738],[41.533545,41.48455],[41.533614,41.484433],[41.53367,41.484346],[41.533772,41.48426],[41.53389,41.484155],[41.534011,41.484086],[41.534194,41.483995],[41.534486,41.483887],[41.534793,41.483778],[41.535159,41.483642],[41.5354,41.483558],[41.535513,41.483542],[41.535688,41.483534],[41.535954,41.483551],[41.536138,41.483589],[41.536316,41.483615],[41.536488,41.483655],[41.536599,41.483707],[41.536747,41.483758],[41.536921,41.4838],[41.537165,41.483858],[41.537357,41.48387],[41.537642,41.483874],[41.537897,41.483879],[41.538061,41.483832],[41.538246,41.483703],[41.538515,41.483498],[41.538841,41.483104],[41.539063,41.483032],[41.53919,41.483183],[41.53911,41.483252],[41.539056,41.483322],[41.538844,41.483594],[41.538658,41.48381],[41.538536,41.483919],[41.538464,41.483952],[41.538353,41.483976],[41.538003,41.484055],[41.537765,41.484102],[41.537613,41.48411],[41.537442,41.484116],[41.537337,41.484093],[41.537037,41.483977],[41.53691,41.483929],[41.536462,41.483841],[41.536363,41.483804],[41.536239,41.483746],[41.536134,41.483683],[41.536018,41.483659],[41.535814,41.483629],[41.535645,41.483624],[41.5355,41.48364],[41.535363,41.483675],[41.534925,41.483866],[41.534593,41.483991],[41.534229,41.484125],[41.534064,41.4842],[41.533952,41.484268],[41.533849,41.484373],[41.533755,41.484493],[41.53371,41.484592],[41.533677,41.484815],[41.53363,41.485167],[41.533582,41.485318],[41.533517,41.485509],[41.533463,41.485613],[41.533394,41.485705],[41.533289,41.485798],[41.533176,41.485869],[41.533075,41.48591],[41.532909,41.485931],[41.532726,41.485957],[41.532611,41.485972],[41.532415,41.485975],[41.53227,41.48597],[41.532171,41.485968],[41.531979,41.485974],[41.53185,41.485992],[41.53174,41.486013],[41.531548,41.486066],[41.531449,41.486089],[41.531298,41.486103],[41.531176,41.486103],[41.531044,41.486089],[41.530906,41.486056],[41.530814,41.486029],[41.530739,41.486002],[41.530517,41.485902],[41.530214,41.485768],[41.529646,41.485507],[41.529333,41.485365],[41.529031,41.485218],[41.528794,41.48511],[41.528692,41.485064],[41.527735,41.48474],[41.527484,41.484656],[41.527332,41.4846],[41.527135,41.484505],[41.527051,41.484476],[41.526979,41.484452],[41.526887,41.484433],[41.526775,41.484416],[41.526629,41.484405],[41.526533,41.484409],[41.526436,41.484434],[41.526373,41.484465],[41.526313,41.484506],[41.526243,41.484557],[41.52613,41.484705],[41.526032,41.484834],[41.525826,41.485026],[41.525729,41.485052],[41.525625,41.4851],[41.525531,41.485183],[41.525413,41.485261],[41.525302,41.485298],[41.525078,41.485447]]]}},{"type":"Feature","properties":{"kind":"riverpoly","water":"river","name":""},"geometry":{"type":"Polygon","coordinates":[[[41.523922,41.484979],[41.523981,41.485053],[41.524006,41.485085],[41.523985,41.485112],[41.52394,41.485123],[41.523945,41.485143],[41.523951,41.485166],[41.523934,41.485182],[41.523904,41.48519],[41.523877,41.485262],[41.523846,41.485275],[41.523816,41.485297],[41.523795,41.485335],[41.523786,41.485372],[41.523784,41.485435],[41.523692,41.485439],[41.523758,41.485316],[41.523802,41.485229],[41.52383,41.485157],[41.523839,41.485117],[41.523788,41.484983],[41.523317,41.484002],[41.523119,41.483642],[41.523032,41.483417],[41.522998,41.483329],[41.522985,41.483266],[41.522988,41.483194],[41.52302,41.483153],[41.523221,41.482955],[41.523385,41.482782],[41.523673,41.482642],[41.524296,41.482527],[41.524619,41.482472],[41.524874,41.482419],[41.525073,41.482363],[41.525627,41.482194],[41.525812,41.482135],[41.525895,41.48209],[41.526096,41.481936],[41.526415,41.481675],[41.5265,41.481592],[41.526527,41.481519],[41.52655,41.481425],[41.526528,41.481293],[41.526484,41.481104],[41.526407,41.480971],[41.526342,41.480874],[41.526227,41.480739],[41.526005,41.480531],[41.525572,41.480168],[41.525464,41.480024],[41.525529,41.479959],[41.525859,41.480224],[41.526301,41.480634],[41.526427,41.480751],[41.526496,41.480845],[41.526557,41.480967],[41.526587,41.481071],[41.526624,41.481274],[41.526651,41.48135],[41.526675,41.481462],[41.526658,41.481568],[41.52665,41.481674],[41.526643,41.481719],[41.526565,41.48179],[41.526117,41.482161],[41.526046,41.482203],[41.525949,41.48224],[41.525297,41.48245],[41.525082,41.482515],[41.524661,41.482612],[41.524472,41.482664],[41.52387,41.48287],[41.523568,41.482957],[41.523274,41.483021],[41.523178,41.483111],[41.523098,41.483186],[41.523075,41.483242],[41.52309,41.483322],[41.52322,41.483603],[41.523441,41.48404],[41.523922,41.484979]]]}},{"type":"Feature","properties":{"kind":"riverpoly","water":"river","name":""},"geometry":{"type":"Polygon","coordinates":[[[41.538515,41.483498],[41.538554,41.483413],[41.538565,41.483356],[41.538562,41.483302],[41.538547,41.483236],[41.538519,41.483176],[41.538446,41.483045],[41.538418,41.482972],[41.538403,41.482875],[41.538411,41.48274],[41.538437,41.482604],[41.538505,41.48224],[41.538539,41.482003],[41.538532,41.481945],[41.538498,41.481822],[41.538422,41.481617],[41.538381,41.48155],[41.538322,41.48146],[41.538273,41.481367],[41.538264,41.4813],[41.538271,41.48119],[41.5383,41.481071],[41.538333,41.480992],[41.538369,41.480932],[41.538458,41.480863],[41.53857,41.480799],[41.538854,41.480658],[41.538994,41.480603],[41.539174,41.480553],[41.539604,41.480415],[41.53983,41.480329],[41.539931,41.48027],[41.540035,41.480175],[41.540138,41.480055],[41.540318,41.479807],[41.540443,41.479864],[41.540314,41.480088],[41.540252,41.480169],[41.540113,41.480305],[41.53998,41.480396],[41.539917,41.480428],[41.539788,41.480477],[41.539478,41.48059],[41.538939,41.480767],[41.538808,41.480816],[41.538722,41.480862],[41.538598,41.480942],[41.538519,41.481005],[41.538486,41.481048],[41.53846,41.481098],[41.538437,41.481164],[41.538432,41.481231],[41.538441,41.481297],[41.538469,41.481386],[41.538527,41.481507],[41.53874,41.481912],[41.538758,41.481976],[41.53875,41.482039],[41.538733,41.482161],[41.538624,41.482604],[41.5386,41.482726],[41.538616,41.482892],[41.538644,41.48299],[41.538693,41.483054],[41.538749,41.483086],[41.538784,41.483096],[41.538841,41.483104],[41.538515,41.483498]]]}},{"type":"Feature","properties":{"kind":"lakepoly","water":"pond","name":""},"geometry":{"type":"Polygon","coordinates":[[[41.75996,41.694415],[41.76001,41.69432],[41.760032,41.694191],[41.759969,41.694133],[41.759741,41.694092],[41.759673,41.694069],[41.759574,41.694079],[41.759519,41.694099],[41.759492,41.694191],[41.759528,41.694398],[41.759592,41.694537],[41.759669,41.694581],[41.759778,41.694591],[41.759887,41.694533],[41.75996,41.694415]]]}},{"type":"Feature","properties":{"kind":"lakepoly","water":"","name":""},"geometry":{"type":"Polygon","coordinates":[[[41.744591,41.690794],[41.744561,41.690745],[41.74455,41.690685],[41.744502,41.690645],[41.744466,41.690652],[41.744464,41.690706],[41.744475,41.690787],[41.74452,41.690845],[41.744577,41.690867],[41.744604,41.690863],[41.744609,41.69083],[41.744591,41.690794]]]}},{"type":"Feature","properties":{"kind":"riverpoly","water":"river","name":""},"geometry":{"type":"Polygon","coordinates":[[[41.715395,41.53083],[41.715696,41.530562],[41.715724,41.530235],[41.715763,41.530044],[41.715821,41.529855],[41.716079,41.529672],[41.716368,41.529546],[41.716903,41.529267],[41.717191,41.52919],[41.717436,41.52912],[41.717666,41.529055],[41.717993,41.528951],[41.718329,41.528874],[41.718852,41.528636],[41.719628,41.528377],[41.720328,41.528105],[41.720739,41.527895],[41.721085,41.527734],[41.721309,41.527587],[41.721477,41.527465],[41.721531,41.527272],[41.721587,41.527086],[41.721523,41.526947],[41.721537,41.526787],[41.721542,41.526671],[41.72157,41.526426],[41.721496,41.526],[41.721505,41.525601],[41.721452,41.525255],[41.721426,41.524894],[41.721354,41.52444],[41.721191,41.523938],[41.720885,41.523514],[41.720531,41.523087],[41.720286,41.522695],[41.720089,41.522426],[41.720122,41.522261],[41.719703,41.521432],[41.719413,41.521046],[41.719188,41.520598],[41.718996,41.520159],[41.718792,41.519855],[41.718745,41.519684],[41.718755,41.519539],[41.71899,41.519325],[41.719087,41.519198],[41.719044,41.519161],[41.718964,41.519095],[41.718775,41.519027],[41.718355,41.518862],[41.71825,41.51882],[41.716988,41.519164],[41.717207,41.519537],[41.717334,41.51989],[41.717632,41.520484],[41.718128,41.521195],[41.718823,41.521913],[41.719165,41.522384],[41.719285,41.522615],[41.719332,41.522835],[41.719388,41.523047],[41.71949,41.523263],[41.719521,41.523442],[41.719591,41.523623],[41.719639,41.523796],[41.719744,41.524017],[41.719825,41.524219],[41.720062,41.524638],[41.720133,41.524903],[41.720192,41.525163],[41.720268,41.525508],[41.720392,41.526011],[41.720503,41.526522],[41.720507,41.526809],[41.720317,41.527105],[41.719895,41.527464],[41.719356,41.527733],[41.718687,41.52793],[41.718008,41.527986],[41.717096,41.528138],[41.71621,41.528423],[41.715597,41.528554],[41.71503,41.52872],[41.714554,41.528907],[41.714353,41.529085],[41.714176,41.529267],[41.714309,41.529324],[41.714442,41.52943],[41.71458,41.529595],[41.714561,41.529785],[41.714521,41.529999],[41.714526,41.530193],[41.714427,41.530414],[41.71437,41.530722],[41.714417,41.530969],[41.714356,41.531047],[41.714363,41.531186],[41.715395,41.53083]]]}},{"type":"Feature","properties":{"kind":"lakepoly","water":"","name":""},"geometry":{"type":"Polygon","coordinates":[[[41.629199,41.651444],[41.629116,41.651409],[41.629165,41.651345],[41.629247,41.65138],[41.629199,41.651444]]]}},{"type":"Feature","properties":{"kind":"lakepoly","water":"","name":""},"geometry":{"type":"Polygon","coordinates":[[[41.626487,41.650309],[41.626505,41.650291],[41.626531,41.65028],[41.626561,41.650277],[41.626589,41.650283],[41.626613,41.650297],[41.626627,41.650316],[41.626631,41.650338],[41.626623,41.65036],[41.626605,41.650377],[41.626579,41.650388],[41.62655,41.650391],[41.626521,41.650385],[41.626498,41.650371],[41.626483,41.650352],[41.626479,41.65033],[41.626487,41.650309]]]}},{"type":"Feature","properties":{"kind":"lakepoly","water":"","name":""},"geometry":{"type":"Polygon","coordinates":[[[41.664277,41.569728],[41.664692,41.569534],[41.664992,41.569444],[41.665198,41.569364],[41.665539,41.569256],[41.666211,41.569042],[41.666556,41.568922],[41.667319,41.568658],[41.667629,41.56878],[41.666558,41.569115],[41.665821,41.569338],[41.665787,41.569349],[41.665301,41.569527],[41.665061,41.569663],[41.664494,41.569835],[41.664246,41.569861],[41.663957,41.570001],[41.663716,41.570021],[41.663793,41.570075],[41.66382,41.570161],[41.663716,41.570188],[41.663544,41.570073],[41.663174,41.570069],[41.663071,41.570062],[41.662818,41.570045],[41.662696,41.570037],[41.662393,41.570041],[41.662098,41.569977],[41.661818,41.569925],[41.661849,41.569517],[41.661929,41.56966],[41.661918,41.569762],[41.662074,41.569766],[41.662576,41.569728],[41.662761,41.569744],[41.662914,41.569648],[41.663099,41.569608],[41.663284,41.569604],[41.663359,41.569662],[41.663509,41.569666],[41.663651,41.56973],[41.663611,41.56985],[41.663729,41.56986],[41.664004,41.569846],[41.664277,41.569728]]]}},{"type":"Feature","properties":{"kind":"lakepoly","water":"","name":""},"geometry":{"type":"Polygon","coordinates":[[[41.66326,41.56887],[41.663164,41.568879],[41.663092,41.568839],[41.66293,41.568866],[41.662954,41.568987],[41.663062,41.568928],[41.663104,41.568964],[41.663146,41.569045],[41.663176,41.569153],[41.663289,41.56922],[41.663295,41.569283],[41.663349,41.569345],[41.663418,41.569376],[41.663475,41.569323],[41.663565,41.569305],[41.663577,41.569359],[41.663673,41.569327],[41.663745,41.569287],[41.663847,41.569265],[41.663895,41.569157],[41.663853,41.56909],[41.663903,41.569022],[41.664063,41.568955],[41.664177,41.568821],[41.664159,41.568709],[41.664075,41.56857],[41.663961,41.568354],[41.663901,41.568399],[41.663793,41.568484],[41.663697,41.568404],[41.663691,41.568345],[41.663553,41.568314],[41.663445,41.568323],[41.663373,41.568435],[41.663361,41.568529],[41.663212,41.568547],[41.66308,41.568547],[41.662996,41.568574],[41.663038,41.568641],[41.663146,41.568646],[41.663266,41.568749],[41.66326,41.56887]]]}},{"type":"Feature","properties":{"kind":"riverpoly","water":"river","name":""},"geometry":{"type":"Polygon","coordinates":[[[41.62437,41.583401],[41.624467,41.583061],[41.624724,41.582808],[41.625037,41.582732],[41.625314,41.582796],[41.62558,41.582675],[41.626075,41.58245],[41.627071,41.582299],[41.628614,41.582326],[41.629133,41.582418],[41.629317,41.58245],[41.629799,41.582391],[41.629932,41.582374],[41.629789,41.582317],[41.629683,41.582274],[41.629378,41.582252],[41.628759,41.582208],[41.628428,41.582049],[41.62823,41.581895],[41.626975,41.581856],[41.626829,41.581982],[41.626977,41.58215],[41.626757,41.582283],[41.62669,41.582288],[41.626171,41.582327],[41.625503,41.582438],[41.625169,41.582423],[41.624874,41.582431],[41.624577,41.582576],[41.624196,41.583024],[41.624179,41.583292],[41.624173,41.583379],[41.624263,41.58341],[41.62437,41.583401]]]}},{"type":"Feature","properties":{"kind":"riverpoly","water":"river","name":""},"geometry":{"type":"Polygon","coordinates":[[[41.623452,41.586064],[41.623802,41.586165],[41.624187,41.586235],[41.624372,41.586216],[41.625202,41.586131],[41.626023,41.585957],[41.626557,41.585831],[41.630526,41.585712],[41.62952,41.585224],[41.629386,41.585156],[41.629279,41.585055],[41.628957,41.584999],[41.628844,41.585095],[41.628402,41.584995],[41.628088,41.584923],[41.627307,41.584932],[41.626303,41.585236],[41.62595,41.585467],[41.625632,41.585772],[41.625202,41.585948],[41.624792,41.585902],[41.624123,41.58603],[41.623646,41.585998],[41.623072,41.585794],[41.622546,41.585404],[41.622203,41.585292],[41.621999,41.58528],[41.621822,41.585119],[41.621731,41.584839],[41.62124,41.584674],[41.621122,41.584724],[41.621355,41.585063],[41.621479,41.585312],[41.621849,41.585533],[41.622289,41.585689],[41.622857,41.585886],[41.623452,41.586064]]]}},{"type":"Feature","properties":{"kind":"riverpoly","water":"river","name":""},"geometry":{"type":"Polygon","coordinates":[[[41.64755,41.579945],[41.647235,41.57967],[41.647164,41.579542],[41.647223,41.579341],[41.647486,41.579085],[41.647646,41.57878],[41.647652,41.578615],[41.647443,41.5789],[41.647341,41.578856],[41.647062,41.578727],[41.646944,41.578539],[41.646778,41.578587],[41.646724,41.578603],[41.646853,41.578808],[41.646895,41.578876],[41.646917,41.579193],[41.646855,41.579376],[41.646769,41.579455],[41.646573,41.579715],[41.64627,41.579909],[41.645909,41.580038],[41.645519,41.580128],[41.645351,41.580167],[41.644738,41.580115],[41.644121,41.580044],[41.643881,41.580016],[41.643751,41.580001],[41.642067,41.581191],[41.642577,41.581054],[41.64296,41.5809],[41.643353,41.580682],[41.643687,41.580449],[41.643997,41.580356],[41.644249,41.580342],[41.644529,41.580454],[41.644651,41.580635],[41.644342,41.580786],[41.644047,41.580999],[41.644294,41.581163],[41.644809,41.58104],[41.645379,41.580817],[41.645865,41.580712],[41.646154,41.580712],[41.646164,41.580628],[41.646192,41.580537],[41.646341,41.58053],[41.646565,41.580544],[41.647042,41.580488],[41.64758,41.580157],[41.647456,41.580102],[41.647311,41.58005],[41.64755,41.579945]]]}},{"type":"Feature","properties":{"kind":"riverpoly","water":"river","name":""},"geometry":{"type":"Polygon","coordinates":[[[41.651758,41.576665],[41.651553,41.576673],[41.651505,41.576675],[41.651356,41.576644],[41.651144,41.576618],[41.650701,41.576657],[41.650371,41.576737],[41.650246,41.576799],[41.650072,41.576909],[41.649824,41.577096],[41.6497,41.577202],[41.649588,41.577132],[41.649299,41.576912],[41.649234,41.576731],[41.649049,41.576878],[41.649208,41.577024],[41.649443,41.577193],[41.649513,41.577277],[41.64947,41.577446],[41.649314,41.577621],[41.649074,41.577931],[41.648801,41.577998],[41.648725,41.577883],[41.64807,41.578261],[41.648225,41.578433],[41.648214,41.578692],[41.648029,41.578893],[41.648013,41.578909],[41.647901,41.579021],[41.647638,41.579296],[41.647598,41.579474],[41.647235,41.57967],[41.64755,41.579945],[41.647711,41.579868],[41.64792,41.579642],[41.648322,41.57943],[41.648387,41.579293],[41.648526,41.579161],[41.648779,41.579168],[41.649031,41.579044],[41.649288,41.578904],[41.649414,41.578753],[41.649238,41.578606],[41.649289,41.57838],[41.649363,41.578144],[41.649677,41.577666],[41.650136,41.577171],[41.650698,41.576815],[41.651063,41.576806],[41.651082,41.576857],[41.651105,41.576918],[41.651207,41.576995],[41.651338,41.576925],[41.651319,41.576764],[41.651488,41.576793],[41.65171,41.576783],[41.651798,41.576699],[41.651857,41.576649],[41.651758,41.576665]]]}},{"type":"Feature","properties":{"kind":"lakepoly","water":"pond","name":""},"geometry":{"type":"Polygon","coordinates":[[[41.605562,41.634679],[41.605578,41.634702],[41.605607,41.634711],[41.605645,41.634703],[41.605662,41.634683],[41.605654,41.634664],[41.605612,41.634624],[41.605583,41.634588],[41.605567,41.634579],[41.605538,41.63458],[41.605519,41.634589],[41.605517,41.634612],[41.605549,41.63465],[41.605559,41.634666],[41.605562,41.634679]]]}},{"type":"Feature","properties":{"kind":"lakepoly","water":"","name":""},"geometry":{"type":"Polygon","coordinates":[[[41.622683,41.64645],[41.622745,41.646466],[41.622853,41.646487],[41.622914,41.646468],[41.623004,41.646381],[41.623226,41.646049],[41.623226,41.64599],[41.62317,41.64595],[41.623115,41.645949],[41.622993,41.645981],[41.622871,41.646039],[41.622762,41.646119],[41.622674,41.646205],[41.6226,41.646339],[41.622619,41.646403],[41.622683,41.64645]]]}},{"type":"Feature","properties":{"kind":"riverpoly","water":"river","name":""},"geometry":{"type":"Polygon","coordinates":[[[41.602073,41.631961],[41.602032,41.631926],[41.601998,41.631892],[41.601984,41.631953],[41.601966,41.632021],[41.601987,41.632099],[41.601922,41.632167],[41.601907,41.632226],[41.60185,41.63225],[41.601817,41.632291],[41.601839,41.632319],[41.601881,41.632364],[41.601887,41.632304],[41.601914,41.632282],[41.601956,41.632236],[41.60199,41.632199],[41.602027,41.632168],[41.602056,41.632107],[41.602063,41.632057],[41.602073,41.631961]]]}},{"type":"Feature","properties":{"kind":"lakepoly","water":"","name":""},"geometry":{"type":"Polygon","coordinates":[[[41.607445,41.612299],[41.607586,41.612251],[41.607598,41.612238],[41.607596,41.6122],[41.607569,41.612179],[41.607535,41.612179],[41.607392,41.612242],[41.607385,41.612269],[41.607404,41.612293],[41.607445,41.612299]]]}},{"type":"Feature","properties":{"kind":"lakepoly","water":"","name":""},"geometry":{"type":"Polygon","coordinates":[[[41.606048,41.612587],[41.606528,41.612468],[41.606584,41.612434],[41.606598,41.612384],[41.606584,41.612319],[41.606576,41.61228],[41.60655,41.612242],[41.606418,41.612248],[41.606155,41.612296],[41.605906,41.61232],[41.605654,41.612406],[41.605552,41.612458],[41.605528,41.61251],[41.605576,41.612595],[41.605613,41.612634],[41.60569,41.612647],[41.605808,41.612633],[41.606048,41.612587]]]}},{"type":"Feature","properties":{"kind":"riverpoly","water":"river","name":""},"geometry":{"type":"Polygon","coordinates":[[[41.715217,41.491648],[41.715058,41.491495],[41.714927,41.491145],[41.71488,41.490711],[41.714815,41.490179],[41.71475,41.489697],[41.714703,41.489403],[41.71446,41.489333],[41.714535,41.489927],[41.714619,41.490557],[41.714591,41.491152],[41.714656,41.491474],[41.71474,41.491732],[41.714955,41.491942],[41.715217,41.491648]]]}},{"type":"Feature","properties":{"kind":"lakepoly","water":"","name":""},"geometry":{"type":"Polygon","coordinates":[[[41.73325,41.709364],[41.733169,41.70921],[41.733169,41.708909],[41.733445,41.708901],[41.733451,41.709347],[41.73325,41.709364]]]}},{"type":"Feature","properties":{"kind":"lakepoly","water":"","name":""},"geometry":{"type":"Polygon","coordinates":[[[41.6051,41.60026],[41.605094,41.599702],[41.607062,41.599914],[41.607121,41.600003],[41.607055,41.600097],[41.606375,41.60021],[41.6051,41.60026]]]}},{"type":"Feature","properties":{"kind":"lakepoly","water":"","name":""},"geometry":{"type":"Polygon","coordinates":[[[41.603746,41.60027],[41.603799,41.599608],[41.604691,41.599687],[41.604895,41.599796],[41.604882,41.600201],[41.604546,41.60024],[41.60409,41.600299],[41.603746,41.60027]]]}},{"type":"Feature","properties":{"kind":"lakepoly","water":"pond","name":""},"geometry":{"type":"Polygon","coordinates":[[[41.709848,41.683472],[41.709766,41.683307],[41.70987,41.683281],[41.709925,41.683413],[41.709848,41.683472]]]}},{"type":"Feature","properties":{"kind":"riverpoly","water":"river","name":""},"geometry":{"type":"Polygon","coordinates":[[[41.700553,41.551004],[41.700639,41.551181],[41.701446,41.551116],[41.702357,41.550845],[41.70321,41.550589],[41.704057,41.550136],[41.704916,41.549498],[41.705314,41.548815],[41.705505,41.548221],[41.705711,41.547421],[41.705825,41.546903],[41.70601,41.546081],[41.70617,41.545642],[41.706346,41.545329],[41.706454,41.545158],[41.706779,41.54496],[41.707629,41.545009],[41.708539,41.545236],[41.709377,41.543441],[41.708855,41.54339],[41.708355,41.54342],[41.70761,41.543533],[41.707027,41.543655],[41.706539,41.543735],[41.706078,41.543726],[41.705481,41.543859],[41.705097,41.543926],[41.704731,41.544067],[41.704404,41.544332],[41.704112,41.54467],[41.703758,41.544894],[41.703562,41.545047],[41.703405,41.5453],[41.703337,41.545631],[41.703372,41.545927],[41.70339,41.546313],[41.703323,41.547293],[41.703045,41.54808],[41.70278,41.548497],[41.702328,41.548684],[41.7019,41.548661],[41.701409,41.548648],[41.700508,41.548676],[41.700516,41.549169],[41.700538,41.550424],[41.700553,41.551004]]]}},{"type":"Feature","properties":{"kind":"lakepoly","water":"","name":""},"geometry":{"type":"Polygon","coordinates":[[[41.593353,41.619112],[41.593166,41.619182],[41.593098,41.619257],[41.593131,41.619333],[41.593217,41.619413],[41.593341,41.619534],[41.593427,41.619514],[41.593582,41.619433],[41.59362,41.619393],[41.593566,41.619309],[41.59348,41.619201],[41.593353,41.619112]]]}},{"type":"Feature","properties":{"kind":"riverpoly","water":"canal","name":""},"geometry":{"type":"Polygon","coordinates":[[[41.616853,41.620275],[41.617048,41.620303],[41.62157,41.620004],[41.621771,41.619987],[41.621861,41.61994],[41.621911,41.619876],[41.622179,41.619936],[41.628473,41.619421],[41.628483,41.619503],[41.626614,41.61966],[41.62567,41.619723],[41.624976,41.619792],[41.623956,41.619862],[41.61879,41.620299],[41.617234,41.620415],[41.616996,41.620424],[41.616808,41.62041],[41.616853,41.620275]]]}},{"type":"Feature","properties":{"kind":"lakepoly","water":"","name":""},"geometry":{"type":"Polygon","coordinates":[[[41.606955,41.620956],[41.606908,41.620953],[41.606796,41.620907],[41.606674,41.620925],[41.606562,41.620995],[41.606502,41.621064],[41.606511,41.621137],[41.606587,41.621167],[41.606739,41.621167],[41.606896,41.62112],[41.606957,41.621092],[41.607003,41.621019],[41.606955,41.620956]]]}},{"type":"Feature","properties":{"kind":"lakepoly","water":"","name":""},"geometry":{"type":"Polygon","coordinates":[[[41.61282,41.613371],[41.612788,41.613443],[41.612909,41.61348],[41.612946,41.613608],[41.613299,41.613729],[41.613437,41.613563],[41.61282,41.613371]]]}},{"type":"Feature","properties":{"kind":"lakepoly","water":"","name":""},"geometry":{"type":"Polygon","coordinates":[[[41.60295,41.595643],[41.603012,41.595627],[41.603092,41.595628],[41.603148,41.595696],[41.603276,41.595751],[41.603354,41.595685],[41.603415,41.595671],[41.603471,41.595661],[41.603337,41.595475],[41.603102,41.595475],[41.602918,41.595519],[41.60295,41.595643]]]}},{"type":"Feature","properties":{"kind":"lakepoly","water":"","name":""},"geometry":{"type":"Polygon","coordinates":[[[41.626749,41.593232],[41.626806,41.593349],[41.626833,41.593417],[41.626801,41.593528],[41.626799,41.593592],[41.626827,41.593714],[41.626855,41.593857],[41.626983,41.594032],[41.627011,41.594132],[41.627082,41.594265],[41.627181,41.594381],[41.627273,41.59454],[41.627372,41.594656],[41.627535,41.59472],[41.627705,41.594699],[41.62779,41.594651],[41.627761,41.594524],[41.627599,41.594408],[41.627578,41.594291],[41.6275,41.594111],[41.627401,41.593931],[41.627259,41.593767],[41.627139,41.593661],[41.627103,41.593576],[41.627026,41.593484],[41.62694,41.593381],[41.626884,41.593312],[41.626749,41.593232]]]}},{"type":"Feature","properties":{"kind":"lakepoly","water":"","name":""},"geometry":{"type":"Polygon","coordinates":[[[41.61869,41.594525],[41.618713,41.594571],[41.618732,41.594604],[41.618798,41.594631],[41.618861,41.594609],[41.61884,41.594579],[41.618788,41.594559],[41.618769,41.594514],[41.618808,41.59444],[41.618827,41.594392],[41.618813,41.594314],[41.618772,41.59425],[41.618699,41.594209],[41.618625,41.594192],[41.618513,41.594206],[41.61851,41.59427],[41.618532,41.594304],[41.618627,41.594392],[41.61869,41.594525]]]}},{"type":"Feature","properties":{"kind":"lakepoly","water":"","name":""},"geometry":{"type":"Polygon","coordinates":[[[41.584991,41.613997],[41.584851,41.613843],[41.584822,41.613758],[41.584935,41.613717],[41.585252,41.613829],[41.585495,41.613815],[41.585794,41.613738],[41.586102,41.613606],[41.586625,41.61341],[41.586774,41.613466],[41.586719,41.613669],[41.586802,41.613808],[41.587111,41.613843],[41.587195,41.613983],[41.587531,41.614046],[41.587711,41.614025],[41.587612,41.614281],[41.587604,41.614536],[41.587291,41.614674],[41.587049,41.614541],[41.586743,41.614509],[41.586295,41.614493],[41.585705,41.614403],[41.585491,41.614541],[41.585242,41.614547],[41.585171,41.614376],[41.585264,41.614249],[41.585114,41.614116],[41.584991,41.613997]]]}},{"type":"Feature","properties":{"kind":"riverpoly","water":"oxbow","name":""},"geometry":{"type":"Polygon","coordinates":[[[41.579832,41.604741],[41.579741,41.604723],[41.579733,41.604687],[41.579768,41.604669],[41.579913,41.604649],[41.580041,41.604553],[41.580087,41.604561],[41.580141,41.604617],[41.580189,41.604629],[41.580277,41.604605],[41.580382,41.604448],[41.580342,41.604346],[41.580358,41.604312],[41.580597,41.604208],[41.580594,41.604276],[41.580615,41.604308],[41.580696,41.604284],[41.580731,41.604226],[41.58069,41.604164],[41.580902,41.603967],[41.58101,41.603915],[41.581187,41.603895],[41.581246,41.603799],[41.581326,41.603827],[41.581417,41.603831],[41.581425,41.603865],[41.581393,41.603893],[41.581189,41.603991],[41.581082,41.604114],[41.580886,41.60423],[41.580814,41.60432],[41.580613,41.604428],[41.580529,41.604519],[41.580516,41.604619],[41.580339,41.604749],[41.580248,41.604785],[41.580154,41.604796],[41.580103,41.604739],[41.579964,41.604703],[41.579915,41.604697],[41.579832,41.604741]]]}},{"type":"Feature","properties":{"kind":"riverpoly","water":"oxbow","name":""},"geometry":{"type":"Polygon","coordinates":[[[41.580444,41.604878],[41.580572,41.604842],[41.580723,41.604761],[41.580776,41.604705],[41.580975,41.604573],[41.581093,41.604461],[41.581195,41.604402],[41.581211,41.604294],[41.581377,41.604176],[41.581423,41.604078],[41.581455,41.604053],[41.581466,41.604021],[41.581433,41.603993],[41.581388,41.603987],[41.581323,41.604087],[41.581154,41.604154],[41.581087,41.604252],[41.581063,41.60439],[41.58098,41.604487],[41.580859,41.604541],[41.580765,41.604555],[41.580709,41.604613],[41.580583,41.604663],[41.580524,41.604755],[41.580398,41.604807],[41.580403,41.604844],[41.580444,41.604878]]]}},{"type":"Feature","properties":{"kind":"riverpoly","water":"oxbow","name":""},"geometry":{"type":"Polygon","coordinates":[[[41.581425,41.606223],[41.581331,41.606215],[41.581318,41.606181],[41.581345,41.606151],[41.581769,41.605969],[41.581873,41.6059],[41.581954,41.605818],[41.582061,41.605754],[41.582141,41.60567],[41.58223,41.605664],[41.582262,41.605688],[41.58227,41.605722],[41.582249,41.605756],[41.582031,41.605905],[41.581981,41.605965],[41.58197,41.606035],[41.582139,41.606073],[41.582214,41.606117],[41.582246,41.606145],[41.582281,41.606249],[41.582353,41.606348],[41.58256,41.606496],[41.582584,41.606526],[41.582592,41.60656],[41.582578,41.606559],[41.582445,41.606588],[41.582407,41.606566],[41.582281,41.606344],[41.582141,41.606197],[41.582058,41.606169],[41.581911,41.606149],[41.58182,41.606071],[41.581554,41.60627],[41.58146,41.606266],[41.581425,41.606223]]]}},{"type":"Feature","properties":{"kind":"riverpoly","water":"oxbow","name":""},"geometry":{"type":"Polygon","coordinates":[[[41.582195,41.606717],[41.58215,41.606725],[41.582128,41.606693],[41.582128,41.606586],[41.582166,41.60657],[41.582257,41.60657],[41.582369,41.606677],[41.582351,41.606709],[41.582195,41.606717]]]}},{"type":"Feature","properties":{"kind":"riverpoly","water":"oxbow","name":""},"geometry":{"type":"Polygon","coordinates":[[[41.580739,41.6049],[41.580715,41.60487],[41.580784,41.604779],[41.581111,41.604593],[41.581289,41.604545],[41.581334,41.604374],[41.581407,41.604424],[41.581463,41.604424],[41.58149,41.604398],[41.581508,41.604366],[41.581441,41.604316],[41.581433,41.604282],[41.581519,41.60416],[41.581557,41.604059],[41.581514,41.603906],[41.581567,41.603849],[41.581613,41.603847],[41.581667,41.603899],[41.581683,41.604009],[41.581659,41.604078],[41.581586,41.60417],[41.581522,41.604491],[41.581471,41.604589],[41.581315,41.604681],[41.581267,41.604673],[41.581246,41.604609],[41.581109,41.604639],[41.581055,41.604695],[41.58105,41.604767],[41.580739,41.6049]]]}},{"type":"Feature","properties":{"kind":"riverpoly","water":"oxbow","name":""},"geometry":{"type":"Polygon","coordinates":[[[41.579585,41.605782],[41.579392,41.60578],[41.579406,41.605746],[41.579556,41.605668],[41.579593,41.605423],[41.579709,41.604978],[41.579784,41.60496],[41.579854,41.605019],[41.579785,41.605033],[41.579768,41.605104],[41.579811,41.605112],[41.57988,41.605092],[41.579894,41.605267],[41.579741,41.605491],[41.579703,41.605638],[41.579585,41.605782]]]}},{"type":"Feature","properties":{"kind":"riverpoly","water":"oxbow","name":""},"geometry":{"type":"Polygon","coordinates":[[[41.581468,41.604758],[41.581467,41.604707],[41.581491,41.604679],[41.581558,41.604683],[41.581569,41.604699],[41.581569,41.604844],[41.581602,41.604932],[41.581708,41.604942],[41.581746,41.605013],[41.581798,41.60505],[41.581801,41.605122],[41.581759,41.605125],[41.581706,41.605031],[41.581609,41.604987],[41.581468,41.604758]]]}},{"type":"Feature","properties":{"kind":"riverpoly","water":"oxbow","name":""},"geometry":{"type":"Polygon","coordinates":[[[41.580829,41.605101],[41.580985,41.605099],[41.581185,41.605135],[41.581236,41.60517],[41.581234,41.605204],[41.581134,41.605206],[41.581031,41.605168],[41.580832,41.605128],[41.580829,41.605101]]]}},{"type":"Feature","properties":{"kind":"riverpoly","water":"oxbow","name":""},"geometry":{"type":"Polygon","coordinates":[[[41.580387,41.605313],[41.580409,41.605213],[41.580433,41.605185],[41.580476,41.605174],[41.580542,41.605246],[41.580629,41.605269],[41.580736,41.605327],[41.580867,41.605329],[41.58091,41.605387],[41.580843,41.605437],[41.580774,41.60553],[41.580682,41.605536],[41.580639,41.605528],[41.580522,41.605411],[41.580387,41.605313]]]}},{"type":"Feature","properties":{"kind":"riverpoly","water":"oxbow","name":""},"geometry":{"type":"Polygon","coordinates":[[[41.582294,41.604218],[41.582332,41.604236],[41.582458,41.604214],[41.582707,41.604316],[41.582622,41.604194],[41.582611,41.604156],[41.582632,41.604092],[41.582611,41.604061],[41.582506,41.60412],[41.582359,41.604069],[41.582292,41.604144],[41.582294,41.604218]]]}},{"type":"Feature","properties":{"kind":"lakepoly","water":"","name":""},"geometry":{"type":"Polygon","coordinates":[[[41.643108,41.621442],[41.643026,41.621374],[41.642966,41.621363],[41.642922,41.621361],[41.642817,41.621405],[41.642809,41.621418],[41.642808,41.621448],[41.642904,41.621552],[41.642942,41.621579],[41.642986,41.621596],[41.643046,41.621611],[41.643085,41.621607],[41.643138,41.621614],[41.643155,41.621614],[41.643193,41.62158],[41.643207,41.62156],[41.643203,41.621537],[41.643189,41.621517],[41.643155,41.621489],[41.64314,41.621469],[41.643108,41.621442]]]}},{"type":"Feature","properties":{"kind":"lakepoly","water":"basin","name":""},"geometry":{"type":"Polygon","coordinates":[[[41.598114,41.623987],[41.598091,41.624003],[41.597921,41.623864],[41.598157,41.623681],[41.598108,41.623646],[41.597862,41.623823],[41.597792,41.623766],[41.597849,41.623703],[41.597929,41.623656],[41.598024,41.62363],[41.598126,41.623627],[41.598224,41.623648],[41.598308,41.623691],[41.598376,41.623758],[41.598114,41.623987]]]}},{"type":"Feature","properties":{"kind":"lakepoly","water":"","name":""},"geometry":{"type":"Polygon","coordinates":[[[41.633153,41.589946],[41.633137,41.589841],[41.633133,41.589815],[41.633023,41.589646],[41.632866,41.589574],[41.632833,41.589559],[41.632669,41.589642],[41.632474,41.589725],[41.632197,41.589766],[41.63202,41.590057],[41.632126,41.590274],[41.632317,41.590544],[41.632622,41.59046],[41.632445,41.590221],[41.633153,41.589946]]]}},{"type":"Feature","properties":{"kind":"lakepoly","water":"","name":""},"geometry":{"type":"Polygon","coordinates":[[[41.633223,41.590205],[41.632827,41.590385],[41.632792,41.590544],[41.632897,41.590655],[41.633004,41.590714],[41.633202,41.59064],[41.633231,41.590528],[41.633131,41.590433],[41.633124,41.590348],[41.633223,41.590205]]]}},{"type":"Feature","properties":{"kind":"lakepoly","water":"","name":""},"geometry":{"type":"Polygon","coordinates":[[[41.634639,41.590205],[41.633691,41.590475],[41.633648,41.590565],[41.633804,41.590629],[41.633825,41.590719],[41.633694,41.590831],[41.633822,41.590879],[41.633992,41.59082],[41.634183,41.590889],[41.634466,41.590879],[41.634519,41.590703],[41.634647,41.590707],[41.63471,41.590708],[41.634816,41.590666],[41.63483,41.590597],[41.634738,41.590512],[41.634639,41.590412],[41.634766,41.590359],[41.634908,41.590438],[41.635,41.590417],[41.635,41.59037],[41.63483,41.590327],[41.634717,41.590253],[41.634639,41.590205]]]}},{"type":"Feature","properties":{"kind":"lakepoly","water":"","name":""},"geometry":{"type":"Polygon","coordinates":[[[41.634774,41.590798],[41.634923,41.590764],[41.635105,41.590793],[41.635195,41.590851],[41.635275,41.590962],[41.635235,41.590999],[41.635068,41.591015],[41.634893,41.590973],[41.634788,41.590936],[41.634774,41.590798]]]}},{"type":"Feature","properties":{"kind":"lakepoly","water":"","name":""},"geometry":{"type":"Polygon","coordinates":[[[41.635763,41.59021],[41.635899,41.59014],[41.635987,41.590168],[41.63609,41.590182],[41.636216,41.590112],[41.636296,41.590136],[41.636436,41.590178],[41.636571,41.590241],[41.636548,41.590363],[41.636319,41.590416],[41.636249,41.590503],[41.636198,41.590545],[41.636118,41.590465],[41.63595,41.590503],[41.635866,41.590514],[41.635815,41.590458],[41.635819,41.590353],[41.635763,41.59021]]]}},{"type":"Feature","properties":{"kind":"lakepoly","water":"","name":""},"geometry":{"type":"Polygon","coordinates":[[[41.635959,41.590836],[41.635863,41.590889],[41.635785,41.590912],[41.635852,41.591026],[41.635828,41.591114],[41.635881,41.591106],[41.63592,41.591002],[41.635973,41.590944],[41.635994,41.591013],[41.636026,41.591074],[41.636139,41.591063],[41.636135,41.590986],[41.636063,41.590908],[41.636008,41.59092],[41.635984,41.590896],[41.635984,41.590846],[41.635959,41.590836]]]}},{"type":"Feature","properties":{"kind":"lakepoly","water":"","name":""},"geometry":{"type":"Polygon","coordinates":[[[41.637698,41.590073],[41.63762,41.590098],[41.637539,41.590058],[41.637438,41.59004],[41.637348,41.590058],[41.63734,41.590116],[41.637401,41.590143],[41.637531,41.590146],[41.637629,41.590201],[41.63773,41.590222],[41.637812,41.590165],[41.637901,41.590101],[41.637974,41.590025],[41.637986,41.589921],[41.638064,41.589821],[41.63821,41.589672],[41.638275,41.589559],[41.638283,41.589508],[41.638234,41.589477],[41.638202,41.589535],[41.638092,41.589633],[41.638031,41.589763],[41.637966,41.58987],[41.637698,41.590073]]]}},{"type":"Feature","properties":{"kind":"lakepoly","water":"","name":""},"geometry":{"type":"Polygon","coordinates":[[[41.638466,41.591592],[41.638524,41.591631],[41.638624,41.591652],[41.638673,41.591631],[41.638677,41.591578],[41.638648,41.59152],[41.638648,41.591459],[41.638708,41.591343],[41.638852,41.59112],[41.639143,41.590673],[41.639072,41.590689],[41.639023,41.590789],[41.638922,41.590942],[41.638787,41.59107],[41.638691,41.591174],[41.638573,41.591359],[41.638525,41.591479],[41.638466,41.591592]]]}},{"type":"Feature","properties":{"kind":"riverpoly","water":"river","name":""},"geometry":{"type":"Polygon","coordinates":[[[41.584658,41.593677],[41.584229,41.59356],[41.583976,41.593529],[41.583708,41.593444],[41.583367,41.593377],[41.583033,41.593426],[41.58244,41.593359],[41.582136,41.593319],[41.581772,41.593354],[41.581368,41.593432],[41.581114,41.59348],[41.580074,41.593705],[41.579643,41.593833],[41.579789,41.594113],[41.580114,41.594113],[41.580521,41.59418],[41.580919,41.594259],[41.581098,41.594314],[41.581049,41.594435],[41.580789,41.594526],[41.580529,41.594642],[41.580334,41.594861],[41.580339,41.594893],[41.580374,41.595104],[41.580366,41.59539],[41.580171,41.595597],[41.579651,41.595767],[41.579537,41.595767],[41.579545,41.595694],[41.579195,41.595943],[41.578821,41.596259],[41.578366,41.596594],[41.577797,41.597123],[41.577696,41.597215],[41.57759,41.597167],[41.577923,41.597617],[41.577925,41.597454],[41.578,41.597263],[41.578204,41.59705],[41.578407,41.596868],[41.578626,41.596709],[41.57887,41.596588],[41.57909,41.596515],[41.579236,41.596539],[41.579301,41.596703],[41.579334,41.597068],[41.579488,41.597403],[41.579274,41.597597],[41.579147,41.597713],[41.578968,41.597999],[41.578773,41.598144],[41.578675,41.598217],[41.578462,41.598228],[41.579135,41.59859],[41.579045,41.598477],[41.579084,41.598354],[41.5791,41.59824],[41.579155,41.598132],[41.579228,41.597883],[41.579407,41.597731],[41.57961,41.597384],[41.57974,41.597257],[41.579618,41.59719],[41.579561,41.597062],[41.579496,41.596868],[41.579448,41.596703],[41.579391,41.596503],[41.579464,41.596314],[41.579651,41.596132],[41.580098,41.595913],[41.580358,41.595828],[41.58035,41.595706],[41.580488,41.59556],[41.580586,41.595499],[41.580588,41.595323],[41.580588,41.595148],[41.580584,41.594971],[41.580599,41.594826],[41.58068,41.594684],[41.580852,41.594576],[41.58116,41.594542],[41.581336,41.59453],[41.581255,41.594004],[41.581112,41.59398],[41.581013,41.593923],[41.580896,41.593838],[41.581101,41.593845],[41.581133,41.593812],[41.580997,41.593784],[41.580943,41.59376],[41.580866,41.593765],[41.580771,41.593716],[41.580918,41.593689],[41.581097,41.593695],[41.581206,41.593709],[41.581444,41.593676],[41.581701,41.593622],[41.582026,41.593537],[41.582377,41.59349],[41.582734,41.593544],[41.583114,41.593593],[41.583475,41.593525],[41.583639,41.593534],[41.583854,41.593556],[41.584,41.593595],[41.584057,41.593697],[41.583985,41.593739],[41.583897,41.593751],[41.583661,41.593762],[41.583408,41.593872],[41.583432,41.594338],[41.583724,41.594393],[41.584041,41.594472],[41.58422,41.594508],[41.58431,41.594581],[41.584432,41.594654],[41.584505,41.594654],[41.584464,41.594539],[41.584594,41.594459],[41.58483,41.594435],[41.585001,41.594374],[41.585489,41.594484],[41.585643,41.59449],[41.585936,41.594581],[41.586432,41.594788],[41.586863,41.595031],[41.586871,41.594508],[41.586538,41.594411],[41.586148,41.594283],[41.586074,41.594131],[41.585936,41.594003],[41.585814,41.593888],[41.585716,41.593833],[41.585791,41.593794],[41.586059,41.593733],[41.586244,41.593671],[41.586275,41.593622],[41.586424,41.593529],[41.586536,41.593465],[41.586692,41.593388],[41.586842,41.593344],[41.586917,41.593248],[41.586804,41.593264],[41.586563,41.593416],[41.586386,41.593465],[41.586182,41.593541],[41.586005,41.593649],[41.585844,41.593717],[41.585742,41.59377],[41.585662,41.593842],[41.585479,41.593866],[41.585174,41.593942],[41.585018,41.593918],[41.584927,41.593826],[41.584728,41.593758],[41.584658,41.593677]]]}},{"type":"Feature","properties":{"kind":"riverpoly","water":"river","name":""},"geometry":{"type":"Polygon","coordinates":[[[41.581255,41.594004],[41.581427,41.594041],[41.581722,41.593981],[41.58221,41.593924],[41.582499,41.593977],[41.582768,41.593965],[41.583025,41.593973],[41.583331,41.593916],[41.583408,41.593872],[41.583432,41.594338],[41.58317,41.594322],[41.58273,41.594342],[41.582424,41.594366],[41.582081,41.594378],[41.581936,41.59445],[41.581834,41.594574],[41.581716,41.594659],[41.58162,41.594851],[41.581582,41.594984],[41.581427,41.595128],[41.581303,41.595216],[41.581217,41.595336],[41.581196,41.595365],[41.581126,41.595445],[41.581325,41.595441],[41.581351,41.595545],[41.581395,41.595589],[41.581448,41.595469],[41.581668,41.595469],[41.581829,41.595497],[41.582028,41.595505],[41.582355,41.595557],[41.582494,41.595557],[41.582602,41.595593],[41.582478,41.595605],[41.582087,41.595565],[41.581786,41.595545],[41.581555,41.595553],[41.581496,41.595597],[41.581663,41.59563],[41.581775,41.59567],[41.58192,41.595818],[41.581952,41.595874],[41.58192,41.595922],[41.582001,41.596007],[41.582129,41.596099],[41.582231,41.596356],[41.581963,41.59632],[41.581974,41.596143],[41.581861,41.59597],[41.5817,41.59583],[41.581545,41.595754],[41.581266,41.595718],[41.580971,41.595714],[41.580627,41.59577],[41.580358,41.595828],[41.58035,41.595706],[41.580547,41.595722],[41.580788,41.595702],[41.58096,41.595674],[41.581051,41.59561],[41.581078,41.595529],[41.581019,41.595461],[41.580917,41.595453],[41.580702,41.595473],[41.580586,41.595499],[41.580588,41.595323],[41.580767,41.595357],[41.580928,41.595317],[41.581057,41.595256],[41.581266,41.5951],[41.581357,41.594992],[41.5814,41.594807],[41.581421,41.594699],[41.581443,41.594554],[41.58141,41.594518],[41.581336,41.59453],[41.581255,41.594004]]]}},{"type":"Feature","properties":{"kind":"riverpoly","water":"river","name":""},"geometry":{"type":"Polygon","coordinates":[[[41.587071,41.599254],[41.587032,41.599605],[41.586878,41.599446],[41.586953,41.599799],[41.586646,41.600103],[41.586313,41.600183],[41.585712,41.600365],[41.585537,41.600392],[41.585355,41.600453],[41.585194,41.600451],[41.584987,41.600501],[41.58458,41.600478],[41.584542,41.600723],[41.585004,41.60064],[41.585294,41.600606],[41.585777,41.60044],[41.585959,41.600368],[41.586495,41.600207],[41.586638,41.600202],[41.586817,41.600107],[41.586932,41.600072],[41.587082,41.599775],[41.587146,41.599462],[41.587071,41.599254]]]}},{"type":"Feature","properties":{"kind":"riverpoly","water":"river","name":""},"geometry":{"type":"Polygon","coordinates":[[[41.577693,41.599331],[41.577853,41.599365],[41.578109,41.599587],[41.578346,41.599772],[41.578705,41.599992],[41.578981,41.600023],[41.579085,41.600124],[41.579751,41.6004],[41.580527,41.600225],[41.580988,41.600171],[41.581429,41.600133],[41.581695,41.60011],[41.582013,41.599995],[41.582085,41.599964],[41.582546,41.59988],[41.582556,41.599666],[41.58274,41.59952],[41.583068,41.599375],[41.583406,41.599306],[41.583858,41.599377],[41.583905,41.599156],[41.583558,41.599159],[41.583386,41.59916],[41.583037,41.59916],[41.582802,41.599223],[41.582607,41.599275],[41.582095,41.599513],[41.581562,41.59965],[41.581285,41.599689],[41.580896,41.599666],[41.580322,41.599781],[41.579738,41.599865],[41.579625,41.59988],[41.579226,41.599934],[41.579052,41.599885],[41.578004,41.599295],[41.577875,41.59919],[41.577886,41.599111],[41.577693,41.599331]]]}},{"type":"Feature","properties":{"kind":"riverpoly","water":"river","name":""},"geometry":{"type":"Polygon","coordinates":[[[41.581963,41.59632],[41.581848,41.59647],[41.581848,41.596664],[41.581671,41.596884],[41.581589,41.597183],[41.58153,41.597518],[41.581377,41.597808],[41.581355,41.597911],[41.58133,41.598028],[41.581283,41.598275],[41.581094,41.598442],[41.58073,41.598486],[41.580447,41.598521],[41.580059,41.5986],[41.579588,41.598609],[41.579259,41.5986],[41.579135,41.59859],[41.578921,41.59871],[41.5792,41.598706],[41.579376,41.598838],[41.579859,41.59875],[41.580094,41.598679],[41.5804,41.598653],[41.580804,41.598546],[41.581027,41.59852],[41.581304,41.598414],[41.581399,41.598242],[41.5815,41.598096],[41.581541,41.597909],[41.581561,41.597661],[41.58169,41.597514],[41.581811,41.597338],[41.581831,41.59715],[41.581946,41.596974],[41.582088,41.596792],[41.582413,41.596706],[41.582575,41.596726],[41.582656,41.596605],[41.582764,41.596544],[41.582692,41.596504],[41.582609,41.596458],[41.582379,41.596458],[41.582278,41.596412],[41.582231,41.596356],[41.581963,41.59632]]]}},{"type":"Feature","properties":{"kind":"riverpoly","water":"river","name":""},"geometry":{"type":"Polygon","coordinates":[[[41.584851,41.596131],[41.5848,41.596322],[41.584872,41.596414],[41.585507,41.596337],[41.585865,41.596269],[41.586593,41.5961],[41.58607,41.596146],[41.58565,41.596184],[41.585302,41.5962],[41.585087,41.596207],[41.584851,41.596131]]]}},{"type":"Feature","properties":{"kind":"lakepoly","water":"","name":""},"geometry":{"type":"Polygon","coordinates":[[[41.593699,41.590671],[41.59381,41.590662],[41.593897,41.590768],[41.594014,41.590833],[41.594076,41.590811],[41.594244,41.59093],[41.594337,41.591],[41.594303,41.591123],[41.594248,41.591123],[41.594131,41.591114],[41.594069,41.591058],[41.594057,41.590975],[41.594045,41.59092],[41.594001,41.590874],[41.593755,41.590814],[41.593693,41.59074],[41.593699,41.590671]]]}},{"type":"Feature","properties":{"kind":"lakepoly","water":"","name":""},"geometry":{"type":"Polygon","coordinates":[[[41.591888,41.591012],[41.591857,41.590957],[41.591937,41.590906],[41.592036,41.590888],[41.592042,41.590916],[41.592146,41.590916],[41.592196,41.590837],[41.592301,41.590823],[41.592338,41.590874],[41.592338,41.590934],[41.59219,41.590966],[41.591888,41.591012]]]}},{"type":"Feature","properties":{"kind":"lakepoly","water":"","name":""},"geometry":{"type":"Polygon","coordinates":[[[41.586332,41.593653],[41.586451,41.59374],[41.586568,41.593782],[41.586736,41.593786],[41.58679,41.593743],[41.586895,41.593664],[41.586944,41.593561],[41.587131,41.593615],[41.587245,41.593628],[41.587196,41.593707],[41.587058,41.593713],[41.586936,41.593725],[41.586887,41.593816],[41.586936,41.593895],[41.587034,41.593895],[41.587221,41.593926],[41.587334,41.59384],[41.587456,41.593761],[41.587538,41.59364],[41.587603,41.593524],[41.587595,41.593391],[41.587562,41.593287],[41.587505,41.593196],[41.587391,41.593141],[41.587198,41.593211],[41.587049,41.59333],[41.586872,41.59339],[41.586668,41.593471],[41.586482,41.593598],[41.586405,41.593637],[41.586332,41.593653]]]}},{"type":"Feature","properties":{"kind":"lakepoly","water":"","name":""},"geometry":{"type":"Polygon","coordinates":[[[41.588249,41.593432],[41.588091,41.593391],[41.587952,41.593421],[41.587863,41.593567],[41.587879,41.593688],[41.588009,41.593695],[41.587782,41.593834],[41.587587,41.593993],[41.587668,41.594175],[41.587814,41.594181],[41.587944,41.594151],[41.588001,41.593877],[41.588074,41.593877],[41.587944,41.594224],[41.587993,41.59429],[41.588099,41.594266],[41.588278,41.594254],[41.58827,41.594138],[41.588416,41.594138],[41.588505,41.594138],[41.588619,41.594029],[41.588627,41.593901],[41.588741,41.593865],[41.588944,41.593834],[41.58892,41.593731],[41.588852,41.593716],[41.588665,41.593702],[41.588562,41.593677],[41.588478,41.593608],[41.588403,41.593527],[41.588375,41.593492],[41.588249,41.593432]]]}},{"type":"Feature","properties":{"kind":"lakepoly","water":"","name":""},"geometry":{"type":"Polygon","coordinates":[[[41.587435,41.594293],[41.587409,41.594248],[41.587453,41.594204],[41.587494,41.594213],[41.587539,41.594241],[41.587487,41.594276],[41.587435,41.594293]]]}},{"type":"Feature","properties":{"kind":"lakepoly","water":"","name":""},"geometry":{"type":"Polygon","coordinates":[[[41.587659,41.594566],[41.587681,41.594569],[41.587734,41.594547],[41.587739,41.594507],[41.587689,41.594473],[41.58766,41.594458],[41.587632,41.594468],[41.587614,41.594515],[41.587659,41.594566]]]}},{"type":"Feature","properties":{"kind":"lakepoly","water":"","name":""},"geometry":{"type":"Polygon","coordinates":[[[41.590169,41.594207],[41.590274,41.594193],[41.590384,41.594069],[41.590449,41.59402],[41.590575,41.594044],[41.59065,41.594065],[41.590766,41.59408],[41.590782,41.594155],[41.590815,41.594228],[41.590745,41.594294],[41.590577,41.594294],[41.590389,41.594306],[41.590219,41.594336],[41.590158,41.594262],[41.590169,41.594207]]]}},{"type":"Feature","properties":{"kind":"lakepoly","water":"","name":""},"geometry":{"type":"Polygon","coordinates":[[[41.589221,41.593932],[41.589417,41.59394],[41.589559,41.593995],[41.589682,41.594027],[41.589787,41.594096],[41.589922,41.594101],[41.590089,41.594133],[41.590097,41.594253],[41.590213,41.594417],[41.590213,41.5945],[41.590152,41.594539],[41.590007,41.594479],[41.589914,41.594444],[41.589774,41.594458],[41.589666,41.594504],[41.589577,41.594511],[41.589457,41.594613],[41.589416,41.594515],[41.589416,41.594412],[41.589497,41.594266],[41.589554,41.594199],[41.589489,41.594072],[41.589318,41.594029],[41.589221,41.593932]]]}},{"type":"Feature","properties":{"kind":"lakepoly","water":"","name":""},"geometry":{"type":"Polygon","coordinates":[[[41.59052,41.593553],[41.590508,41.593617],[41.590483,41.593668],[41.590409,41.593696],[41.590366,41.593626],[41.590372,41.593544],[41.590428,41.593465],[41.590483,41.593382],[41.590588,41.593391],[41.590557,41.593488],[41.59052,41.593553]]]}},{"type":"Feature","properties":{"kind":"lakepoly","water":"","name":""},"geometry":{"type":"Polygon","coordinates":[[[41.590551,41.593825],[41.590497,41.593918],[41.590427,41.593958],[41.590366,41.593963],[41.590298,41.593954],[41.590249,41.593889],[41.590286,41.593811],[41.590372,41.593802],[41.590551,41.593825]]]}},{"type":"Feature","properties":{"kind":"lakepoly","water":"","name":""},"geometry":{"type":"Polygon","coordinates":[[[41.589192,41.592499],[41.589363,41.592537],[41.589475,41.592607],[41.589639,41.592687],[41.589742,41.592778],[41.589886,41.592817],[41.590015,41.592886],[41.590079,41.592893],[41.590115,41.592858],[41.590154,41.592838],[41.590195,41.592838],[41.590246,41.592838],[41.590255,41.592884],[41.590237,41.592963],[41.590237,41.593083],[41.590113,41.59311],[41.589965,41.593106],[41.589941,41.593013],[41.589879,41.592972],[41.589707,41.592884],[41.58946,41.592806],[41.5893,41.592778],[41.589117,41.592695],[41.589131,41.592573],[41.589192,41.592499]]]}},{"type":"Feature","properties":{"kind":"lakepoly","water":"","name":""},"geometry":{"type":"Polygon","coordinates":[[[41.590629,41.592639],[41.590561,41.592654],[41.590467,41.592669],[41.590397,41.59268],[41.590326,41.592673],[41.590249,41.592668],[41.590218,41.592684],[41.590265,41.592737],[41.590194,41.592765],[41.590068,41.592772],[41.589929,41.592728],[41.589839,41.592659],[41.58979,41.59259],[41.589707,41.592516],[41.589701,41.59247],[41.589772,41.592456],[41.589843,41.59247],[41.589895,41.592534],[41.589954,41.592617],[41.590077,41.59268],[41.590108,41.592661],[41.590043,41.592594],[41.589969,41.592528],[41.589972,41.592475],[41.589923,41.592424],[41.589799,41.592401],[41.589599,41.592442],[41.589479,41.592444],[41.589436,41.592378],[41.58939,41.592362],[41.589266,41.592403],[41.589222,41.592395],[41.589186,41.592389],[41.58914,41.592394],[41.589118,41.592461],[41.589089,41.592509],[41.589024,41.592517],[41.589014,41.592471],[41.589117,41.592377],[41.589243,41.592297],[41.589355,41.592258],[41.589532,41.592215],[41.589619,41.592178],[41.589723,41.592132],[41.589772,41.592156],[41.589706,41.5922],[41.589658,41.592312],[41.589749,41.592356],[41.589835,41.592356],[41.58991,41.592336],[41.58999,41.592336],[41.590001,41.592413],[41.590105,41.592482],[41.590259,41.592538],[41.590457,41.592556],[41.590604,41.592574],[41.590629,41.592639]]]}},{"type":"Feature","properties":{"kind":"lakepoly","water":"","name":""},"geometry":{"type":"Polygon","coordinates":[[[41.590709,41.592964],[41.590748,41.593032],[41.590865,41.593055],[41.590958,41.593052],[41.591017,41.593018],[41.591002,41.592975],[41.590919,41.592981],[41.5909,41.592935],[41.590818,41.592935],[41.590709,41.592964]]]}},{"type":"Feature","properties":{"kind":"lakepoly","water":"","name":""},"geometry":{"type":"Polygon","coordinates":[[[41.591174,41.593766],[41.591243,41.593699],[41.591316,41.593638],[41.59141,41.593638],[41.591507,41.59362],[41.591601,41.59362],[41.591633,41.593654],[41.591572,41.593725],[41.591507,41.593704],[41.591447,41.593722],[41.591472,41.593769],[41.591427,41.593836],[41.591415,41.593867],[41.591456,41.593921],[41.59146,41.593964],[41.591529,41.593997],[41.591609,41.594043],[41.591698,41.594015],[41.591775,41.593984],[41.591817,41.593988],[41.59183,41.594061],[41.591826,41.594131],[41.591858,41.594216],[41.591731,41.594116],[41.591658,41.59418],[41.591572,41.594185],[41.591486,41.594125],[41.591418,41.594116],[41.591307,41.594149],[41.591246,41.594098],[41.591332,41.594001],[41.591369,41.593964],[41.591313,41.593936],[41.591166,41.593983],[41.591098,41.593895],[41.591153,41.593835],[41.591067,41.593771],[41.591173,41.593713],[41.591174,41.593766]]]}},{"type":"Feature","properties":{"kind":"lakepoly","water":"","name":""},"geometry":{"type":"Polygon","coordinates":[[[41.591471,41.594332],[41.591483,41.594423],[41.591501,41.594465],[41.591547,41.59444],[41.59156,41.594365],[41.591613,41.594325],[41.591613,41.594292],[41.591556,41.594289],[41.591471,41.594332]]]}},{"type":"Feature","properties":{"kind":"lakepoly","water":"","name":""},"geometry":{"type":"Polygon","coordinates":[[[41.594338,41.593214],[41.594411,41.593276],[41.594411,41.59337],[41.594305,41.59347],[41.594253,41.593537],[41.594171,41.593604],[41.59407,41.593704],[41.594033,41.593744],[41.593927,41.593683],[41.593826,41.593692],[41.593899,41.593771],[41.594033,41.593838],[41.594094,41.593877],[41.594014,41.593933],[41.593939,41.593925],[41.59388,41.593881],[41.593815,41.593833],[41.59374,41.593789],[41.593708,41.593909],[41.593649,41.593989],[41.593671,41.594098],[41.593778,41.594098],[41.593848,41.594138],[41.593799,41.594262],[41.593762,41.594342],[41.593665,41.594475],[41.593574,41.594475],[41.593435,41.594479],[41.593472,41.594563],[41.593569,41.59463],[41.593494,41.594719],[41.59344,41.594796],[41.593327,41.594868],[41.593257,41.594916],[41.593177,41.5949],[41.593091,41.594972],[41.593075,41.595064],[41.593021,41.595093],[41.592914,41.595081],[41.592828,41.595004],[41.592705,41.595149],[41.592624,41.595253],[41.592506,41.595249],[41.592418,41.595144],[41.592508,41.595083],[41.592593,41.59501],[41.592642,41.594907],[41.592703,41.594791],[41.592808,41.594739],[41.592971,41.594754],[41.593101,41.5948],[41.593239,41.594596],[41.593195,41.594517],[41.593321,41.594435],[41.593276,41.594386],[41.593199,41.594353],[41.593305,41.594116],[41.593211,41.594061],[41.593105,41.594052],[41.593061,41.593988],[41.593162,41.593958],[41.593276,41.593958],[41.59339,41.593918],[41.593439,41.593851],[41.593488,41.593769],[41.593459,41.593724],[41.593353,41.593742],[41.593345,41.593787],[41.593357,41.593845],[41.593276,41.593894],[41.593231,41.593903],[41.593117,41.593903],[41.59304,41.5939],[41.592975,41.593873],[41.592922,41.593912],[41.592853,41.593943],[41.5928,41.593897],[41.59278,41.593824],[41.592853,41.593781],[41.593016,41.593749],[41.593065,41.593739],[41.593166,41.593739],[41.593321,41.593687],[41.593439,41.593657],[41.593479,41.593629],[41.593524,41.593569],[41.593727,41.593508],[41.593885,41.593395],[41.594018,41.593403],[41.594086,41.593316],[41.594172,41.593246],[41.594283,41.593246],[41.594338,41.593214]]]}},{"type":"Feature","properties":{"kind":"lakepoly","water":"","name":""},"geometry":{"type":"Polygon","coordinates":[[[41.592125,41.594502],[41.592033,41.594574],[41.591963,41.594647],[41.591958,41.594735],[41.592012,41.594763],[41.592081,41.594735],[41.592151,41.594627],[41.592162,41.594574],[41.592194,41.594506],[41.592125,41.594502]]]}},{"type":"Feature","properties":{"kind":"riverpoly","water":"oxbow","name":""},"geometry":{"type":"Polygon","coordinates":[[[41.716668,41.484397],[41.716726,41.484158],[41.716675,41.483937],[41.716623,41.483692],[41.716617,41.483429],[41.716617,41.483218],[41.716675,41.483126],[41.716783,41.483381],[41.716937,41.483865],[41.717014,41.484244],[41.716969,41.48458],[41.716809,41.484839],[41.716585,41.48492],[41.716579,41.484771],[41.716598,41.484575],[41.716668,41.484397]]]}},{"type":"Feature","properties":{"kind":"lakepoly","water":"basin","name":""},"geometry":{"type":"Polygon","coordinates":[[[41.601718,41.629604],[41.601706,41.629543],[41.60169,41.629508],[41.60167,41.629477],[41.601628,41.629426],[41.601605,41.629403],[41.601567,41.629376],[41.601524,41.629357],[41.601525,41.629344],[41.601536,41.629334],[41.601599,41.629336],[41.601653,41.629345],[41.601708,41.629359],[41.601766,41.629376],[41.601799,41.629395],[41.601845,41.629429],[41.601893,41.629479],[41.601718,41.629604]]]}},{"type":"Feature","properties":{"kind":"lakepoly","water":"","name":""},"geometry":{"type":"Polygon","coordinates":[[[41.653899,41.650058],[41.653886,41.650115],[41.653778,41.650101],[41.653792,41.650044],[41.653899,41.650058]]]}},{"type":"Feature","properties":{"kind":"lakepoly","water":"","name":""},"geometry":{"type":"Polygon","coordinates":[[[41.658189,41.651137],[41.658146,41.651209],[41.65843,41.651304],[41.658473,41.651232],[41.658189,41.651137]]]}},{"type":"Feature","properties":{"kind":"lakepoly","water":"","name":""},"geometry":{"type":"Polygon","coordinates":[[[41.643775,41.621286],[41.643751,41.621307],[41.643665,41.62125],[41.643451,41.621111],[41.643474,41.621091],[41.643775,41.621286]]]}},{"type":"Feature","properties":{"kind":"lakepoly","water":"pond","name":""},"geometry":{"type":"Polygon","coordinates":[[[41.641479,41.620277],[41.641426,41.620228],[41.641339,41.620185],[41.641228,41.620157],[41.64119,41.620151],[41.641173,41.620154],[41.641154,41.62018],[41.641153,41.620195],[41.641332,41.620423],[41.641353,41.620437],[41.641381,41.620437],[41.641418,41.620427],[41.641449,41.620407],[41.641473,41.6204],[41.641475,41.62038],[41.641469,41.620364],[41.641492,41.620337],[41.641501,41.620307],[41.641479,41.620277]]]}},{"type":"Feature","properties":{"kind":"lakepoly","water":"pond","name":""},"geometry":{"type":"Polygon","coordinates":[[[41.640843,41.619915],[41.640796,41.619904],[41.64054,41.619881],[41.640498,41.61988],[41.640417,41.619901],[41.640375,41.619933],[41.640347,41.61997],[41.640313,41.619989],[41.640079,41.620065],[41.639997,41.620114],[41.639971,41.620136],[41.639959,41.620161],[41.639971,41.620194],[41.639995,41.620214],[41.640026,41.620216],[41.640044,41.620215],[41.6401,41.620193],[41.6403,41.620129],[41.64041,41.620097],[41.640492,41.620079],[41.640587,41.620067],[41.640695,41.620066],[41.640767,41.620068],[41.640801,41.620069],[41.640842,41.620059],[41.640875,41.620041],[41.64089,41.620022],[41.640891,41.619993],[41.640859,41.619933],[41.640843,41.619915]]]}},{"type":"Feature","properties":{"kind":"lakepoly","water":"lake","name":""},"geometry":{"type":"Polygon","coordinates":[[[41.668596,41.546846],[41.668666,41.546844],[41.668651,41.546737],[41.668605,41.546684],[41.668552,41.546729],[41.668566,41.546795],[41.668577,41.546817],[41.668596,41.546846]]]}},{"type":"Feature","properties":{"kind":"riverpoly","water":"river","name":""},"geometry":{"type":"Polygon","coordinates":[[[41.64807,41.578261],[41.648725,41.577883],[41.648732,41.577673],[41.64876,41.577281],[41.648863,41.576974],[41.649049,41.576878],[41.649234,41.576731],[41.649528,41.576569],[41.649756,41.576463],[41.649469,41.576218],[41.647387,41.576746],[41.647302,41.577016],[41.647208,41.577198],[41.647056,41.577159],[41.646828,41.577205],[41.64681,41.577331],[41.646994,41.577444],[41.64733,41.577622],[41.647504,41.577773],[41.64807,41.578261]]]}},{"type":"Feature","properties":{"kind":"riverpoly","water":"river","name":""},"geometry":{"type":"Polygon","coordinates":[[[41.661787,41.570183],[41.661658,41.570111],[41.661567,41.570075],[41.661497,41.570055],[41.661712,41.569943],[41.661818,41.569925],[41.661849,41.569517],[41.661603,41.569593],[41.661197,41.569806],[41.660837,41.569943],[41.660467,41.570071],[41.660049,41.570232],[41.65962,41.570493],[41.659346,41.570697],[41.659094,41.570862],[41.658606,41.57129],[41.658323,41.571667],[41.658906,41.57215],[41.659314,41.572046],[41.65966,41.571897],[41.65986,41.571811],[41.660035,41.571634],[41.660221,41.571458],[41.660482,41.571285],[41.660797,41.571024],[41.66065,41.570984],[41.660387,41.571191],[41.660215,41.571217],[41.660095,41.571349],[41.660044,41.571422],[41.659955,41.571418],[41.65988,41.571376],[41.659826,41.571339],[41.659936,41.571171],[41.660143,41.57105],[41.660261,41.571064],[41.660379,41.571032],[41.660465,41.570938],[41.660442,41.57085],[41.660322,41.570852],[41.660207,41.570862],[41.660009,41.570958],[41.659714,41.571157],[41.659716,41.571279],[41.659706,41.571404],[41.659276,41.571801],[41.659175,41.571803],[41.659086,41.571753],[41.659022,41.571781],[41.658906,41.571749],[41.658922,41.571604],[41.659003,41.571516],[41.659217,41.571247],[41.659432,41.57099],[41.659641,41.570958],[41.659958,41.570782],[41.660129,41.570617],[41.660462,41.570416],[41.660864,41.570212],[41.66109,41.570155],[41.661015,41.57024],[41.661052,41.570308],[41.661288,41.570272],[41.661594,41.57024],[41.661787,41.570183]]]}},{"type":"Feature","properties":{"kind":"riverpoly","water":"river","name":""},"geometry":{"type":"Polygon","coordinates":[[[41.662999,41.568191],[41.66279,41.56841],[41.662704,41.568803],[41.662656,41.569104],[41.662661,41.569333],[41.662549,41.569566],[41.662141,41.569666],[41.661929,41.56966],[41.661849,41.569517],[41.661873,41.569517],[41.662082,41.569517],[41.662356,41.569561],[41.662468,41.569469],[41.662522,41.569301],[41.662474,41.569196],[41.662517,41.568972],[41.662501,41.568783],[41.662468,41.56861],[41.66242,41.568426],[41.662383,41.568273],[41.662999,41.568191]]]}},{"type":"Feature","properties":{"kind":"riverpoly","water":"river","name":""},"geometry":{"type":"Polygon","coordinates":[[[41.67999,41.565096],[41.680155,41.565134],[41.680402,41.565078],[41.680573,41.564934],[41.680943,41.564866],[41.681099,41.565002],[41.681233,41.565098],[41.681442,41.565123],[41.681678,41.56507],[41.68192,41.565118],[41.681791,41.565223],[41.681544,41.565311],[41.681362,41.565484],[41.681308,41.565684],[41.681287,41.565773],[41.681394,41.565873],[41.681587,41.56566],[41.681737,41.565436],[41.681888,41.565375],[41.681984,41.565432],[41.682124,41.565343],[41.682193,41.565123],[41.682279,41.56493],[41.682274,41.564769],[41.682065,41.564661],[41.681845,41.564577],[41.681598,41.564553],[41.681437,41.564549],[41.681378,41.564397],[41.680874,41.564392],[41.680468,41.564546],[41.680638,41.564685],[41.680369,41.564938],[41.680187,41.56505],[41.680029,41.565053],[41.67999,41.565096]]]}},{"type":"Feature","properties":{"kind":"riverpoly","water":"river","name":""},"geometry":{"type":"Polygon","coordinates":[[[41.673358,41.568233],[41.6739,41.568228],[41.674039,41.56806],[41.674286,41.56788],[41.674645,41.567719],[41.675037,41.567631],[41.675407,41.567523],[41.675595,41.56747],[41.675686,41.567398],[41.67581,41.567402],[41.675879,41.567519],[41.675751,41.567667],[41.675752,41.567771],[41.676075,41.567626],[41.676035,41.567499],[41.675997,41.567374],[41.676105,41.567202],[41.676394,41.567181],[41.676684,41.567194],[41.676792,41.567214],[41.676989,41.567009],[41.676775,41.566985],[41.67662,41.567077],[41.676405,41.567065],[41.676153,41.567029],[41.675885,41.566989],[41.67574,41.566981],[41.675616,41.567109],[41.675595,41.567254],[41.675327,41.56739],[41.675107,41.56743],[41.674812,41.567523],[41.67441,41.567699],[41.674077,41.567848],[41.673852,41.567984],[41.673444,41.568125],[41.673358,41.568233]]]}},{"type":"Feature","properties":{"kind":"riverpoly","water":"river","name":""},"geometry":{"type":"Polygon","coordinates":[[[41.670026,41.567873],[41.670293,41.567907],[41.670724,41.567783],[41.671277,41.567743],[41.671523,41.567727],[41.671486,41.567852],[41.671424,41.568086],[41.672719,41.568238],[41.672832,41.567964],[41.673176,41.567771],[41.673508,41.567539],[41.674071,41.567242],[41.674522,41.567021],[41.674957,41.566764],[41.675311,41.566467],[41.675643,41.566242],[41.676169,41.565973],[41.676759,41.565953],[41.677113,41.565985],[41.677321,41.565902],[41.678238,41.565553],[41.677932,41.564805],[41.677499,41.564902],[41.677102,41.56509],[41.676716,41.565263],[41.67648,41.565416],[41.675955,41.565644],[41.675563,41.565761],[41.67545,41.565801],[41.675305,41.566054],[41.674967,41.566363],[41.67464,41.566612],[41.674131,41.566828],[41.673476,41.567085],[41.673052,41.567254],[41.672709,41.567254],[41.672323,41.567097],[41.67221,41.566997],[41.672049,41.567021],[41.671722,41.567129],[41.671561,41.567218],[41.671255,41.56727],[41.670907,41.56733],[41.670579,41.567382],[41.670424,41.567406],[41.670418,41.567567],[41.670375,41.567683],[41.670026,41.567873]]]}},{"type":"Feature","properties":{"kind":"lakepoly","water":"","name":""},"geometry":{"type":"Polygon","coordinates":[[[41.621007,41.586255],[41.621586,41.586448],[41.622139,41.586536],[41.622745,41.586544],[41.623013,41.586552],[41.623244,41.58648],[41.623464,41.586396],[41.623973,41.586418],[41.623989,41.586335],[41.6237,41.586319],[41.623292,41.586335],[41.623045,41.586307],[41.622707,41.586359],[41.622235,41.586359],[41.621565,41.586303],[41.621264,41.586183],[41.620921,41.586095],[41.621007,41.586255]]]}},{"type":"Feature","properties":{"kind":"lakepoly","water":"","name":""},"geometry":{"type":"Polygon","coordinates":[[[41.623061,41.586761],[41.62275,41.586857],[41.62223,41.586989],[41.621919,41.587174],[41.621779,41.587266],[41.621549,41.587198],[41.621758,41.586961],[41.622176,41.586773],[41.62253,41.586672],[41.622798,41.586656],[41.623159,41.586685],[41.623061,41.586761]]]}},{"type":"Feature","properties":{"kind":"lakepoly","water":"","name":""},"geometry":{"type":"Polygon","coordinates":[[[41.625202,41.586131],[41.625379,41.586323],[41.625025,41.586359],[41.624671,41.586504],[41.623968,41.586568],[41.623635,41.586664],[41.62327,41.586797],[41.622927,41.587074],[41.622627,41.587358],[41.622439,41.587519],[41.622294,41.587467],[41.62253,41.587282],[41.622809,41.586965],[41.623061,41.586761],[41.623159,41.586685],[41.623249,41.586616],[41.62356,41.586592],[41.623796,41.586472],[41.623973,41.586418],[41.624322,41.586311],[41.624372,41.586216],[41.625202,41.586131]]]}},{"type":"Feature","properties":{"kind":"lakepoly","water":"","name":""},"geometry":{"type":"Polygon","coordinates":[[[41.632739,41.584578],[41.63269,41.584494],[41.632878,41.584385],[41.633457,41.584297],[41.633946,41.584221],[41.634219,41.584273],[41.634187,41.584349],[41.633876,41.584474],[41.633758,41.584409],[41.633307,41.58453],[41.632873,41.584562],[41.632739,41.584578]]]}},{"type":"Feature","properties":{"kind":"lakepoly","water":"","name":""},"geometry":{"type":"Polygon","coordinates":[[[41.632551,41.583266],[41.632245,41.583603],[41.632025,41.58406],[41.631838,41.584385],[41.632073,41.584365],[41.632347,41.584345],[41.632315,41.584462],[41.631746,41.584622],[41.631451,41.584714],[41.63106,41.585127],[41.630738,41.585416],[41.630657,41.585644],[41.630526,41.585712],[41.62952,41.585224],[41.629944,41.585059],[41.630432,41.584766],[41.630765,41.584542],[41.631033,41.584273],[41.631387,41.584133],[41.631746,41.583972],[41.631977,41.583727],[41.632165,41.58345],[41.632197,41.583543],[41.632406,41.583278],[41.632551,41.583266]]]}},{"type":"Feature","properties":{"kind":"lakepoly","water":"","name":""},"geometry":{"type":"Polygon","coordinates":[[[41.636676,41.582054],[41.636199,41.582058],[41.635646,41.582126],[41.635217,41.582239],[41.634541,41.582255],[41.634477,41.582166],[41.634139,41.582234],[41.634026,41.582399],[41.633806,41.582519],[41.63379,41.582399],[41.633404,41.58254],[41.633039,41.582752],[41.632717,41.582784],[41.632712,41.58266],[41.63291,41.582519],[41.633468,41.582319],[41.633887,41.58213],[41.634316,41.582022],[41.634466,41.581918],[41.634756,41.581845],[41.635233,41.581793],[41.635662,41.581773],[41.636038,41.581729],[41.636317,41.581741],[41.636435,41.581861],[41.636773,41.581865],[41.636676,41.582054]]]}},{"type":"Feature","properties":{"kind":"riverpoly","water":"river","name":""},"geometry":{"type":"Polygon","coordinates":[[[41.632427,41.582152],[41.63261,41.581865],[41.633667,41.581512],[41.634402,41.581392],[41.635098,41.581391],[41.636109,41.581379],[41.636595,41.581353],[41.636334,41.581494],[41.635451,41.581616],[41.634654,41.581679],[41.633638,41.581868],[41.632427,41.582152]]]}},{"type":"Feature","properties":{"kind":"riverpoly","water":"river","name":""},"geometry":{"type":"Polygon","coordinates":[[[41.624128,41.583509],[41.623705,41.583825],[41.62341,41.584024],[41.623099,41.584317],[41.622938,41.584477],[41.622643,41.584514],[41.622176,41.584534],[41.621849,41.584522],[41.621468,41.584494],[41.620926,41.584622],[41.619006,41.584749],[41.619564,41.585067],[41.61987,41.584975],[41.620765,41.584766],[41.621122,41.584724],[41.62124,41.584674],[41.621543,41.584634],[41.621967,41.584682],[41.622423,41.584807],[41.622745,41.584871],[41.623158,41.584909],[41.623392,41.584175],[41.62376,41.584121],[41.624095,41.583852],[41.6243,41.583498],[41.624128,41.583509]]]}},{"type":"Feature","properties":{"kind":"riverpoly","water":"river","name":""},"geometry":{"type":"Polygon","coordinates":[[[41.651911,41.576143],[41.652144,41.576],[41.652324,41.575952],[41.652467,41.575945],[41.652519,41.575871],[41.652404,41.57586],[41.652246,41.575932],[41.651997,41.576006],[41.651793,41.576149],[41.651911,41.576143]]]}},{"type":"Feature","properties":{"kind":"lakepoly","water":"","name":""},"geometry":{"type":"Polygon","coordinates":[[[41.645514,41.577995],[41.645442,41.577997],[41.645383,41.577917],[41.645372,41.577813],[41.645409,41.577694],[41.645737,41.5776],[41.646112,41.5775],[41.646195,41.57758],[41.646387,41.577621],[41.646407,41.577626],[41.646453,41.577716],[41.64637,41.577762],[41.646273,41.577869],[41.646147,41.577867],[41.645973,41.577804],[41.64582,41.577851],[41.645632,41.577875],[41.645568,41.577923],[41.645514,41.577995]]]}},{"type":"Feature","properties":{"kind":"lakepoly","water":"","name":""},"geometry":{"type":"Polygon","coordinates":[[[41.649583,41.57818],[41.649677,41.578087],[41.649776,41.577995],[41.649787,41.577935],[41.649878,41.578013],[41.649937,41.578109],[41.649792,41.578123],[41.649725,41.578107],[41.649642,41.578192],[41.649583,41.57818]]]}},{"type":"Feature","properties":{"kind":"lakepoly","water":"","name":""},"geometry":{"type":"Polygon","coordinates":[[[41.662482,41.570356],[41.66256,41.570397],[41.662667,41.570416],[41.662758,41.570414],[41.66283,41.570378],[41.662836,41.570334],[41.662779,41.570295],[41.66272,41.570259],[41.662684,41.570244],[41.662613,41.570244],[41.662553,41.570283],[41.662474,41.570329],[41.662482,41.570356]]]}},{"type":"Feature","properties":{"kind":"lakepoly","water":"reservoir","name":""},"geometry":{"type":"Polygon","coordinates":[[[41.582449,41.610012],[41.582606,41.609916],[41.582226,41.609567],[41.582069,41.609663],[41.582449,41.610012]]]}},{"type":"Feature","properties":{"kind":"lakepoly","water":"reservoir","name":""},"geometry":{"type":"Polygon","coordinates":[[[41.582636,41.609895],[41.582794,41.6098],[41.582414,41.609451],[41.582256,41.609546],[41.582636,41.609895]]]}},{"type":"Feature","properties":{"kind":"lakepoly","water":"reservoir","name":""},"geometry":{"type":"Polygon","coordinates":[[[41.582824,41.609783],[41.582982,41.609687],[41.582602,41.609338],[41.582444,41.609434],[41.582824,41.609783]]]}},{"type":"Feature","properties":{"kind":"lakepoly","water":"reservoir","name":""},"geometry":{"type":"Polygon","coordinates":[[[41.583017,41.609671],[41.583174,41.609575],[41.582794,41.609226],[41.582637,41.609322],[41.583017,41.609671]]]}},{"type":"Feature","properties":{"kind":"lakepoly","water":"reservoir","name":""},"geometry":{"type":"Polygon","coordinates":[[[41.583742,41.612007],[41.58406,41.612306],[41.585122,41.611675],[41.584804,41.611376],[41.583742,41.612007]]]}},{"type":"Feature","properties":{"kind":"lakepoly","water":"reservoir","name":""},"geometry":{"type":"Polygon","coordinates":[[[41.583369,41.611668],[41.583687,41.611967],[41.584749,41.611336],[41.584431,41.611037],[41.583369,41.611668]]]}},{"type":"Feature","properties":{"kind":"lakepoly","water":"reservoir","name":""},"geometry":{"type":"Polygon","coordinates":[[[41.582996,41.611305],[41.583314,41.611604],[41.584377,41.610973],[41.584058,41.610674],[41.582996,41.611305]]]}},{"type":"Feature","properties":{"kind":"lakepoly","water":"","name":""},"geometry":{"type":"Polygon","coordinates":[[[41.610273,41.584285],[41.610533,41.584257],[41.610664,41.584257],[41.610396,41.584092],[41.610334,41.584133],[41.610374,41.584181],[41.610305,41.584245],[41.610273,41.584285]]]}},{"type":"Feature","properties":{"kind":"lakepoly","water":"","name":""},"geometry":{"type":"Polygon","coordinates":[[[41.602697,41.589659],[41.603037,41.589465],[41.603177,41.589314],[41.603239,41.589199],[41.603556,41.58912],[41.603835,41.58922],[41.603892,41.589134],[41.603897,41.589048],[41.604219,41.589134],[41.60456,41.589159],[41.604762,41.589152],[41.60506,41.589188],[41.60516,41.589307],[41.604987,41.5894],[41.60457,41.589529],[41.604425,41.589501],[41.604594,41.589375],[41.604469,41.589307],[41.604306,41.589274],[41.604061,41.589307],[41.603979,41.589551],[41.603619,41.589723],[41.603148,41.589881],[41.602989,41.589878],[41.602874,41.589784],[41.60273,41.589903],[41.602745,41.589752],[41.602903,41.589705],[41.602817,41.589655],[41.602697,41.589659]]]}},{"type":"Feature","properties":{"kind":"lakepoly","water":"","name":""},"geometry":{"type":"Polygon","coordinates":[[[41.602139,41.589131],[41.601986,41.589278],[41.601875,41.589486],[41.601736,41.58963],[41.601779,41.589752],[41.601957,41.589759],[41.602096,41.589687],[41.602255,41.589472],[41.602327,41.589357],[41.602298,41.589149],[41.602139,41.589131]]]}},{"type":"Feature","properties":{"kind":"lakepoly","water":"","name":""},"geometry":{"type":"Polygon","coordinates":[[[41.598321,41.590138],[41.598638,41.589914],[41.599018,41.589711],[41.599373,41.590018],[41.598941,41.590268],[41.598429,41.590618],[41.598302,41.590514],[41.598182,41.590294],[41.598321,41.590138]]]}},{"type":"Feature","properties":{"kind":"riverpoly","water":"river","name":""},"geometry":{"type":"Polygon","coordinates":[[[41.718355,41.518862],[41.718734,41.518601],[41.718849,41.518432],[41.718938,41.518316],[41.719051,41.518075],[41.719411,41.517699],[41.719572,41.517401],[41.720077,41.517246],[41.721032,41.517191],[41.721964,41.51721],[41.722415,41.517197],[41.722378,41.517483],[41.721744,41.517547],[41.721138,41.517544],[41.720488,41.517529],[41.720248,41.517624],[41.719976,41.517825],[41.719809,41.517949],[41.719272,41.518475],[41.719253,41.518608],[41.719333,41.518784],[41.719259,41.51888],[41.719044,41.519161],[41.718964,41.519095],[41.718775,41.519027],[41.718355,41.518862]]]}},{"type":"Feature","properties":{"kind":"lakepoly","water":"","name":""},"geometry":{"type":"Polygon","coordinates":[[[41.672478,41.565219],[41.672401,41.565245],[41.672698,41.565538],[41.673543,41.565223],[41.673361,41.564839],[41.673149,41.564892],[41.67283,41.565092],[41.672631,41.565153],[41.672478,41.565219]]]}},{"type":"Feature","properties":{"kind":"lakepoly","water":"","name":""},"geometry":{"type":"Polygon","coordinates":[[[41.6707,41.567089],[41.670767,41.566812],[41.670858,41.566728],[41.671108,41.566686],[41.671357,41.566636],[41.671544,41.56666],[41.671714,41.566632],[41.67176,41.566637],[41.671879,41.566776],[41.671894,41.566875],[41.671682,41.566979],[41.671501,41.567047],[41.671216,41.567076],[41.670925,41.567099],[41.670829,41.567097],[41.670712,41.567094],[41.6707,41.567089]]]}},{"type":"Feature","properties":{"kind":"riverpoly","water":"oxbow","name":""},"geometry":{"type":"Polygon","coordinates":[[[41.580768,41.60503],[41.580749,41.604998],[41.580869,41.604918],[41.581031,41.60487],[41.581353,41.604852],[41.581425,41.604898],[41.581436,41.60497],[41.581484,41.605032],[41.581707,41.605151],[41.581763,41.605203],[41.581785,41.605241],[41.581739,41.605249],[41.581559,41.605227],[41.581514,41.605239],[41.581525,41.605345],[41.581503,41.605375],[41.581573,41.605505],[41.581581,41.605578],[41.581519,41.605786],[41.581404,41.605852],[41.581342,41.605796],[41.58123,41.605734],[41.581275,41.605604],[41.581221,41.605465],[41.581246,41.605437],[41.581331,41.605425],[41.581377,41.605523],[41.581423,41.605511],[41.581471,41.605451],[41.581471,41.605417],[41.581401,41.605329],[41.581404,41.605227],[41.58138,41.60516],[41.581411,41.605128],[41.581385,41.605064],[41.581299,41.60504],[41.581176,41.604972],[41.581128,41.604966],[41.580886,41.604998],[41.580768,41.60503]]]}},{"type":"Feature","properties":{"kind":"riverpoly","water":"oxbow","name":""},"geometry":{"type":"Polygon","coordinates":[[[41.582369,41.603828],[41.582318,41.603815],[41.582254,41.603718],[41.58242,41.603668],[41.582469,41.603614],[41.582512,41.603602],[41.582512,41.603708],[41.582402,41.603825],[41.582369,41.603828]]]}},{"type":"Feature","properties":{"kind":"riverpoly","water":"oxbow","name":""},"geometry":{"type":"Polygon","coordinates":[[[41.58279,41.606091],[41.582973,41.606097],[41.583073,41.606125],[41.583257,41.605963],[41.583382,41.60583],[41.583461,41.605681],[41.583461,41.605611],[41.583389,41.605545],[41.583369,41.605536],[41.583345,41.605536],[41.583345,41.605569],[41.583433,41.605608],[41.583437,41.605626],[41.583424,41.60564],[41.583112,41.605885],[41.583017,41.605888],[41.582974,41.605913],[41.582954,41.606025],[41.582795,41.605993],[41.582722,41.605998],[41.582721,41.606033],[41.58279,41.606091]]]}},{"type":"Feature","properties":{"kind":"riverpoly","water":"oxbow","name":""},"geometry":{"type":"Polygon","coordinates":[[[41.58219,41.604328],[41.582251,41.604401],[41.582265,41.604543],[41.582329,41.604669],[41.582412,41.604701],[41.582426,41.604667],[41.582343,41.604545],[41.582351,41.604475],[41.582388,41.604455],[41.582662,41.604464],[41.582734,41.604424],[41.582756,41.604436],[41.582605,41.604537],[41.582595,41.604691],[41.582557,41.604717],[41.582329,41.604757],[41.582353,41.604932],[41.582284,41.605026],[41.582265,41.605096],[41.582345,41.605291],[41.582404,41.605324],[41.582443,41.605294],[41.582391,41.60526],[41.582386,41.605218],[41.582484,41.605215],[41.58252,41.605243],[41.582538,41.605213],[41.58282,41.605181],[41.582953,41.605244],[41.582772,41.605301],[41.582671,41.605251],[41.582433,41.605344],[41.582517,41.605426],[41.58245,41.605523],[41.582471,41.605562],[41.582656,41.605562],[41.582721,41.605614],[41.582737,41.605686],[41.582697,41.605828],[41.582774,41.60586],[41.58282,41.605852],[41.582903,41.605682],[41.582871,41.60555],[41.582774,41.605429],[41.582815,41.605367],[41.582901,41.605357],[41.583292,41.605475],[41.583284,41.605509],[41.583145,41.605539],[41.58307,41.605584],[41.583035,41.60572],[41.582901,41.605762],[41.582874,41.60579],[41.582868,41.605824],[41.582915,41.605889],[41.582678,41.605909],[41.582632,41.605927],[41.582581,41.606017],[41.582627,41.606159],[41.582892,41.6064],[41.582906,41.60647],[41.582859,41.60649],[41.582766,41.606486],[41.582557,41.606334],[41.582496,41.606276],[41.582407,41.606151],[41.582388,41.606117],[41.582375,41.606085],[41.582386,41.606017],[41.582461,41.605983],[41.582546,41.605905],[41.582581,41.60581],[41.582485,41.605652],[41.582316,41.605562],[41.582327,41.605391],[41.582276,41.605331],[41.582163,41.605261],[41.582206,41.605167],[41.582203,41.605094],[41.582174,41.605062],[41.582128,41.605056],[41.582133,41.60509],[41.582103,41.605108],[41.582026,41.605022],[41.582053,41.604884],[41.582184,41.604705],[41.582136,41.604462],[41.58219,41.604328]]]}},{"type":"Feature","properties":{"kind":"lakepoly","water":"","name":""},"geometry":{"type":"Polygon","coordinates":[[[41.578147,41.607885],[41.578113,41.607873],[41.578036,41.607826],[41.577957,41.607793],[41.577957,41.607759],[41.578046,41.607743],[41.578174,41.607802],[41.578258,41.60792],[41.578185,41.607899],[41.578147,41.607885]]]}},{"type":"Feature","properties":{"kind":"lakepoly","water":"pond","name":"Пруд с карпами"},"geometry":{"type":"Polygon","coordinates":[[[41.726143,41.72],[41.72618,41.72],[41.726208,41.719977],[41.726238,41.719991],[41.72626,41.720007],[41.726292,41.719997],[41.726322,41.72001],[41.72637,41.720005],[41.726383,41.719987],[41.726368,41.719974],[41.726351,41.719968],[41.726345,41.719957],[41.726366,41.719946],[41.726408,41.719934],[41.726415,41.71992],[41.726427,41.719908],[41.726456,41.7199],[41.726466,41.71988],[41.726446,41.719857],[41.72641,41.719864],[41.726371,41.719862],[41.726342,41.719865],[41.726321,41.71984],[41.7263,41.71982],[41.726269,41.719831],[41.72627,41.719869],[41.726269,41.719897],[41.726229,41.719894],[41.726213,41.719851],[41.726186,41.719847],[41.726167,41.719858],[41.726167,41.71988],[41.726191,41.719885],[41.726168,41.719918],[41.726162,41.719947],[41.726126,41.719968],[41.726127,41.719989],[41.726143,41.72]]]}},{"type":"Feature","properties":{"kind":"lakepoly","water":"","name":""},"geometry":{"type":"Polygon","coordinates":[[[41.705117,41.691714],[41.705092,41.691735],[41.705013,41.691728],[41.704989,41.691757],[41.704904,41.691719],[41.704949,41.69167],[41.705026,41.691692],[41.705069,41.691663],[41.705117,41.691714]]]}},{"type":"Feature","properties":{"kind":"lakepoly","water":"","name":""},"geometry":{"type":"Polygon","coordinates":[[[41.62272,41.646771],[41.622704,41.646781],[41.622692,41.646795],[41.622688,41.646811],[41.62269,41.646827],[41.6227,41.646842],[41.622715,41.646853],[41.622735,41.64686],[41.622756,41.646862],[41.622777,41.646859],[41.622796,41.646851],[41.62281,41.646839],[41.622818,41.646824],[41.622819,41.646808],[41.622813,41.646792],[41.622801,41.646779],[41.622783,41.646769],[41.622763,41.646765],[41.622741,41.646765],[41.62272,41.646771]]]}},{"type":"Feature","properties":{"kind":"lakepoly","water":"","name":""},"geometry":{"type":"Polygon","coordinates":[[[41.622941,41.64683],[41.622918,41.646835],[41.6229,41.646847],[41.622888,41.646862],[41.622883,41.64688],[41.622886,41.646895],[41.622895,41.64691],[41.62291,41.646922],[41.622929,41.646929],[41.62295,41.646932],[41.622971,41.64693],[41.622991,41.646923],[41.623007,41.646912],[41.623017,41.646898],[41.623021,41.646881],[41.623017,41.646863],[41.623006,41.646848],[41.622987,41.646836],[41.622965,41.64683],[41.622941,41.64683]]]}},{"type":"Feature","properties":{"kind":"riverpoly","water":"river","name":""},"geometry":{"type":"Polygon","coordinates":[[[41.621676,41.64961],[41.621675,41.649617],[41.621676,41.649625],[41.621685,41.649629],[41.621692,41.649631],[41.621698,41.64963],[41.621708,41.649617],[41.621728,41.649593],[41.621754,41.649546],[41.621782,41.649492],[41.621811,41.649436],[41.621823,41.64941],[41.621848,41.649352],[41.621887,41.649273],[41.621946,41.649118],[41.621962,41.649069],[41.621968,41.649008],[41.621958,41.648992],[41.621958,41.648955],[41.621961,41.648895],[41.621972,41.648822],[41.621979,41.648767],[41.621986,41.648757],[41.622006,41.6487],[41.62198,41.648691],[41.621926,41.648744],[41.621901,41.648791],[41.62188,41.648878],[41.621885,41.648992],[41.621865,41.649087],[41.621811,41.649239],[41.621789,41.649342],[41.621704,41.649519],[41.621676,41.64961]]]}},{"type":"Feature","properties":{"kind":"lakepoly","water":"pond","name":""},"geometry":{"type":"Polygon","coordinates":[[[41.632369,41.652298],[41.632406,41.652297],[41.632432,41.652315],[41.632437,41.652339],[41.632364,41.652429],[41.632346,41.652446],[41.632315,41.652449],[41.632287,41.652428],[41.63228,41.652405],[41.632303,41.652372],[41.632369,41.652298]]]}},{"type":"Feature","properties":{"kind":"lakepoly","water":"","name":""},"geometry":{"type":"Polygon","coordinates":[[[41.591401,41.610012],[41.591257,41.609953],[41.591206,41.609898],[41.59131,41.609874],[41.591432,41.609843],[41.5915,41.609881],[41.591526,41.609927],[41.591401,41.610012]]]}},{"type":"Feature","properties":{"kind":"lakepoly","water":"","name":""},"geometry":{"type":"Polygon","coordinates":[[[41.590733,41.610227],[41.590706,41.610131],[41.590765,41.610028],[41.590802,41.609998],[41.5908,41.609921],[41.590847,41.609779],[41.590879,41.609746],[41.590921,41.609759],[41.590977,41.609879],[41.591135,41.609945],[41.591206,41.609978],[41.591203,41.610059],[41.591056,41.610126],[41.590954,41.610016],[41.59088,41.610044],[41.590849,41.610112],[41.590733,41.610227]]]}},{"type":"Feature","properties":{"kind":"lakepoly","water":"","name":""},"geometry":{"type":"Polygon","coordinates":[[[41.642389,41.576396],[41.642359,41.576374],[41.642368,41.576321],[41.642415,41.576262],[41.642482,41.576243],[41.64262,41.576353],[41.642789,41.576424],[41.642841,41.57646],[41.642849,41.576491],[41.642804,41.576496],[41.642662,41.576453],[41.642565,41.576447],[41.642389,41.576396]]]}},{"type":"Feature","properties":{"kind":"lakepoly","water":"","name":""},"geometry":{"type":"Polygon","coordinates":[[[41.642325,41.576731],[41.642305,41.576693],[41.642317,41.576617],[41.642372,41.576559],[41.642444,41.576552],[41.642637,41.57658],[41.642645,41.576598],[41.64256,41.576672],[41.642542,41.576761],[41.642416,41.576763],[41.642325,41.576731]]]}},{"type":"Feature","properties":{"kind":"lakepoly","water":"","name":""},"geometry":{"type":"Polygon","coordinates":[[[41.642184,41.577084],[41.642452,41.577155],[41.64256,41.577199],[41.642648,41.577262],[41.642767,41.57721],[41.642837,41.577208],[41.642903,41.577138],[41.642907,41.577103],[41.642875,41.577037],[41.642686,41.576909],[41.642326,41.576817],[41.642303,41.576817],[41.64229,41.576834],[41.642287,41.576887],[41.642226,41.576917],[41.642215,41.576971],[41.642133,41.577006],[41.642136,41.577042],[41.642184,41.577084]]]}},{"type":"Feature","properties":{"kind":"lakepoly","water":"","name":""},"geometry":{"type":"Polygon","coordinates":[[[41.642077,41.577337],[41.64223,41.577433],[41.642424,41.577422],[41.642494,41.577379],[41.642529,41.577319],[41.642478,41.577279],[41.642235,41.577193],[41.64216,41.577181],[41.64209,41.577197],[41.642038,41.577237],[41.642077,41.577337]]]}},{"type":"Feature","properties":{"kind":"riverpoly","water":"river","name":""},"geometry":{"type":"Polygon","coordinates":[[[41.71976,41.540101],[41.719704,41.540151],[41.719657,41.5403],[41.719637,41.540366],[41.719607,41.540674],[41.719696,41.54081],[41.719902,41.540887],[41.720374,41.540823],[41.720975,41.540999],[41.721675,41.541205],[41.722327,41.541561],[41.722774,41.541603],[41.722813,41.541606],[41.723149,41.541607],[41.723748,41.541566],[41.725353,41.541442],[41.725688,41.541638],[41.72616,41.541462],[41.726761,41.54143],[41.726793,41.541443],[41.727177,41.541606],[41.727605,41.541786],[41.728669,41.542273],[41.729751,41.5431],[41.729965,41.543266],[41.730326,41.54349],[41.730466,41.543577],[41.730521,41.543696],[41.730583,41.544024],[41.730698,41.544247],[41.730851,41.54441],[41.730948,41.544582],[41.731193,41.544739],[41.731401,41.544857],[41.731695,41.544932],[41.731971,41.544984],[41.732303,41.544929],[41.73257,41.54493],[41.733066,41.544885],[41.734335,41.54477],[41.735473,41.544754],[41.735988,41.544754],[41.736332,41.544738],[41.737834,41.545604],[41.738847,41.546298],[41.738927,41.546321],[41.740695,41.546819],[41.741278,41.54685],[41.741954,41.547175],[41.742447,41.547302],[41.742861,41.547275],[41.743584,41.547162],[41.74425,41.547034],[41.748326,41.546263],[41.749314,41.546054],[41.749795,41.545869],[41.750022,41.544529],[41.750195,41.543695],[41.750506,41.543316],[41.751536,41.543022],[41.752461,41.542993],[41.753533,41.543138],[41.753691,41.543435],[41.754079,41.544309],[41.754203,41.544768],[41.754495,41.545404],[41.75457,41.545709],[41.755326,41.546554],[41.755278,41.546705],[41.755679,41.546731],[41.755856,41.546956],[41.756267,41.547137],[41.756651,41.547287],[41.756955,41.547224],[41.757438,41.54718],[41.757807,41.547123],[41.758193,41.546956],[41.758615,41.546938],[41.758787,41.546938],[41.75891,41.546831],[41.759087,41.546661],[41.759555,41.54626],[41.760509,41.545744],[41.761092,41.545389],[41.761924,41.545226],[41.762843,41.544698],[41.763958,41.544465],[41.765202,41.543821],[41.765459,41.543821],[41.766844,41.543526],[41.767477,41.543325],[41.768422,41.543076],[41.768969,41.542779],[41.769751,41.542689],[41.770256,41.542425],[41.770395,41.542159],[41.771522,41.54196],[41.772745,41.542072],[41.774033,41.542281],[41.775342,41.542682],[41.776307,41.543052],[41.776537,41.543308],[41.776859,41.543627],[41.776908,41.543823],[41.777209,41.54485],[41.777613,41.545464],[41.777918,41.545794],[41.778419,41.546017],[41.778881,41.546109],[41.779246,41.546153],[41.780642,41.546133],[41.781652,41.545642],[41.781871,41.545357],[41.782161,41.545062],[41.782485,41.54455],[41.782723,41.544201],[41.783216,41.543726],[41.783542,41.5433],[41.783707,41.542916],[41.784251,41.542468],[41.784718,41.541992],[41.785619,41.541414],[41.786399,41.541239],[41.786816,41.541198],[41.787147,41.541113],[41.787917,41.541526],[41.788225,41.541891],[41.788638,41.542245],[41.789145,41.542946],[41.789156,41.543414],[41.789327,41.543861],[41.789374,41.544674],[41.789721,41.544971],[41.789997,41.545223],[41.789798,41.545531],[41.789299,41.545082],[41.789009,41.544481],[41.788762,41.54399],[41.788714,41.543745],[41.788551,41.543554],[41.788309,41.543187],[41.788073,41.542775],[41.787968,41.542595],[41.787785,41.542281],[41.787437,41.542017],[41.787096,41.541756],[41.786421,41.54149],[41.785862,41.541764],[41.785347,41.542363],[41.784123,41.543326],[41.783679,41.543687],[41.783204,41.543864],[41.783032,41.544097],[41.783073,41.544278],[41.782677,41.545025],[41.782386,41.545541],[41.782046,41.545804],[41.781747,41.54583],[41.781561,41.545938],[41.781153,41.546177],[41.780356,41.546413],[41.779786,41.546464],[41.779413,41.546457],[41.778956,41.546382],[41.77827,41.546286],[41.777681,41.546038],[41.777209,41.545604],[41.776832,41.545226],[41.77651,41.544696],[41.775716,41.543749],[41.775609,41.543363],[41.775158,41.543042],[41.774741,41.542843],[41.773785,41.542753],[41.772424,41.542795],[41.770785,41.543092],[41.769655,41.543698],[41.767926,41.544456],[41.767476,41.544641],[41.766887,41.54469],[41.766103,41.54468],[41.765331,41.544873],[41.763774,41.545303],[41.763172,41.545476],[41.761125,41.546559],[41.759966,41.547129],[41.759194,41.54737],[41.758947,41.547399],[41.75847,41.547601],[41.757849,41.547677],[41.758188,41.547442],[41.758155,41.547384],[41.75813,41.547295],[41.758476,41.547209],[41.758479,41.547088],[41.757894,41.547233],[41.757293,41.547368],[41.756835,41.547472],[41.756779,41.547494],[41.756984,41.547677],[41.756887,41.547691],[41.756297,41.547394],[41.756072,41.547347],[41.755901,41.547355],[41.755321,41.546977],[41.754849,41.546631],[41.754387,41.546077],[41.753851,41.545596],[41.753165,41.545043],[41.75242,41.544581],[41.751912,41.544345],[41.751689,41.544273],[41.751541,41.544227],[41.751174,41.544228],[41.75089,41.544339],[41.750616,41.544317],[41.750331,41.544508],[41.750236,41.545139],[41.75,41.54599],[41.749731,41.546174],[41.748358,41.546559],[41.747306,41.546928],[41.746095,41.547194],[41.745032,41.547234],[41.742736,41.547603],[41.742308,41.547528],[41.741868,41.547451],[41.74146,41.547516],[41.740516,41.547259],[41.739937,41.547178],[41.739207,41.546857],[41.738499,41.546488],[41.737951,41.546302],[41.737377,41.545961],[41.736695,41.54555],[41.73627,41.545276],[41.735899,41.54509],[41.735613,41.545061],[41.734808,41.545124],[41.733506,41.545319],[41.732341,41.54555],[41.731999,41.5456],[41.731664,41.545527],[41.731256,41.545453],[41.731014,41.545369],[41.730779,41.54527],[41.730555,41.545044],[41.730263,41.544702],[41.730126,41.544336],[41.730112,41.544178],[41.730071,41.543833],[41.729938,41.543754],[41.729713,41.543575],[41.729373,41.543331],[41.72896,41.543066],[41.727841,41.542686],[41.727219,41.542494],[41.726997,41.542425],[41.72613,41.542486],[41.725966,41.542493],[41.725658,41.542505],[41.725489,41.54267],[41.725336,41.542797],[41.72491,41.542777],[41.724579,41.54279],[41.724029,41.542869],[41.723843,41.542896],[41.723343,41.543065],[41.723115,41.54314],[41.723006,41.543024],[41.722825,41.543119],[41.722935,41.543235],[41.722988,41.543207],[41.723068,41.543282],[41.723002,41.543327],[41.722947,41.543365],[41.722697,41.5434],[41.722446,41.543155],[41.722271,41.543094],[41.72184,41.543047],[41.721461,41.542891],[41.721018,41.54279],[41.720967,41.542779],[41.720105,41.542514],[41.719564,41.542279],[41.719268,41.542316],[41.718914,41.542454],[41.718235,41.542586],[41.718038,41.542756],[41.717487,41.543098],[41.717168,41.543198],[41.716598,41.543192],[41.716273,41.543179],[41.716254,41.543178],[41.715883,41.543254],[41.715576,41.543423],[41.715378,41.543594],[41.715354,41.543736],[41.715146,41.543634],[41.714791,41.543746],[41.714712,41.543803],[41.714432,41.544005],[41.71442,41.544143],[41.714466,41.544343],[41.714616,41.544554],[41.714672,41.544613],[41.714309,41.544732],[41.713989,41.544702],[41.713619,41.544774],[41.711926,41.545353],[41.711339,41.545523],[41.710681,41.545583],[41.709998,41.545512],[41.709323,41.545464],[41.708539,41.545236],[41.709377,41.543441],[41.710589,41.543248],[41.71104,41.543248],[41.711679,41.543134],[41.71308,41.543098],[41.714509,41.542634],[41.715163,41.542256],[41.715428,41.541889],[41.715516,41.541587],[41.715695,41.5413],[41.715717,41.541045],[41.715675,41.540757],[41.715675,41.540299],[41.715624,41.539992],[41.715646,41.539679],[41.715814,41.539512],[41.715734,41.539207],[41.7159,41.538914],[41.716125,41.538829],[41.716166,41.537398],[41.716874,41.53729],[41.716998,41.537796],[41.717282,41.537286],[41.717121,41.536519],[41.71733,41.536137],[41.717121,41.535214],[41.716866,41.534607],[41.71716,41.534828],[41.717172,41.53471],[41.717297,41.534611],[41.716716,41.534184],[41.716099,41.533135],[41.715734,41.532566],[41.715729,41.532416],[41.715627,41.532319],[41.715406,41.532141],[41.715257,41.531916],[41.71499,41.531644],[41.714855,41.531597],[41.714682,41.53146],[41.714422,41.531335],[41.714363,41.531186],[41.715395,41.53083],[41.715351,41.531097],[41.715488,41.531263],[41.715686,41.531385],[41.715862,41.531532],[41.716066,41.531608],[41.716333,41.531663],[41.716669,41.531933],[41.716939,41.532007],[41.717113,41.532054],[41.717488,41.532082],[41.717814,41.532053],[41.718026,41.532027],[41.718189,41.532192],[41.718238,41.532206],[41.718396,41.532252],[41.718511,41.532517],[41.718683,41.532786],[41.718686,41.532818],[41.718706,41.533019],[41.718817,41.533267],[41.71899,41.533485],[41.719146,41.533609],[41.719333,41.53369],[41.719449,41.533801],[41.719378,41.533916],[41.719184,41.534135],[41.71915,41.534529],[41.719183,41.534769],[41.719326,41.535254],[41.719565,41.535549],[41.719663,41.535909],[41.71979,41.536129],[41.719833,41.536324],[41.719874,41.536541],[41.719867,41.536844],[41.719859,41.537146],[41.719807,41.537421],[41.719758,41.537559],[41.719636,41.537734],[41.719561,41.538039],[41.71959,41.538302],[41.719573,41.538507],[41.719646,41.538633],[41.719611,41.538707],[41.719675,41.538796],[41.719712,41.53892],[41.719662,41.539123],[41.719734,41.539194],[41.719721,41.539298],[41.719809,41.53949],[41.719803,41.539755],[41.71971,41.539831],[41.719697,41.539928],[41.71976,41.540101]]]}},{"type":"Feature","properties":{"kind":"lakepoly","water":"","name":"არდაგანის ტბა"},"geometry":{"type":"Polygon","coordinates":[[[41.611426,41.640287],[41.611411,41.640252],[41.611407,41.640215],[41.611454,41.640149],[41.611558,41.64009],[41.611937,41.639849],[41.612058,41.639806],[41.612183,41.639826],[41.612283,41.639907],[41.613245,41.640617],[41.613233,41.640639],[41.613171,41.640696],[41.613196,41.640727],[41.613156,41.640771],[41.613191,41.640819],[41.613254,41.640865],[41.613333,41.640891],[41.613451,41.640878],[41.613506,41.640876],[41.613527,41.640907],[41.613526,41.64096],[41.613566,41.641051],[41.613666,41.64114],[41.613852,41.641288],[41.613918,41.64133],[41.614048,41.641357],[41.614117,41.641357],[41.614191,41.641372],[41.61421,41.641418],[41.614192,41.641452],[41.6142,41.641523],[41.614234,41.641586],[41.614304,41.641639],[41.614366,41.641669],[41.6144,41.641669],[41.61446,41.641627],[41.61451,41.641595],[41.614553,41.641603],[41.6146,41.641629],[41.61608,41.642694],[41.616101,41.642761],[41.61609,41.642819],[41.616052,41.642857],[41.615657,41.642957],[41.615541,41.64299],[41.615325,41.643043],[41.615203,41.643046],[41.615056,41.64302],[41.614836,41.642951],[41.614633,41.642867],[41.614424,41.642748],[41.613052,41.641604],[41.611759,41.640578],[41.611721,41.64057],[41.61168,41.640537],[41.611622,41.640493],[41.611631,41.64047],[41.611426,41.640287]]]}},{"type":"Feature","properties":{"kind":"riverpoly","water":"river","name":""},"geometry":{"type":"Polygon","coordinates":[[[41.686498,41.661088],[41.686624,41.660773],[41.686715,41.660301],[41.686819,41.660159],[41.686951,41.65998],[41.687069,41.659771],[41.687492,41.659383],[41.68789,41.659018],[41.688339,41.658543],[41.688838,41.658136],[41.688954,41.658175],[41.689121,41.658235],[41.689149,41.658277],[41.688996,41.658667],[41.688793,41.658916],[41.688698,41.658974],[41.688527,41.659078],[41.688325,41.659201],[41.68804,41.659387],[41.687842,41.659521],[41.687761,41.659587],[41.687437,41.65979],[41.687224,41.659915],[41.686994,41.660101],[41.686849,41.660361],[41.686842,41.66065],[41.686871,41.660829],[41.686815,41.660904],[41.686647,41.661133],[41.686558,41.661106],[41.686498,41.661088]]]}},{"type":"Feature","properties":{"kind":"riverpoly","water":"river","name":""},"geometry":{"type":"Polygon","coordinates":[[[41.606358,41.592185],[41.606573,41.592227],[41.606807,41.592234],[41.606938,41.592255],[41.60718,41.592436],[41.607433,41.592422],[41.607713,41.592311],[41.608076,41.592203],[41.60818,41.592137],[41.608388,41.59205],[41.608712,41.592017],[41.60889,41.592003],[41.609608,41.592312],[41.609722,41.592377],[41.609462,41.592358],[41.609307,41.592377],[41.609153,41.592522],[41.609025,41.59255],[41.608654,41.592634],[41.608354,41.592694],[41.608139,41.592754],[41.607893,41.592746],[41.607657,41.592774],[41.60734,41.592871],[41.607008,41.593055],[41.607045,41.593091],[41.607083,41.593167],[41.6069,41.593143],[41.606718,41.593127],[41.606342,41.593151],[41.606085,41.593208],[41.605892,41.593336],[41.60557,41.593472],[41.605441,41.593585],[41.605312,41.593697],[41.605162,41.593817],[41.604915,41.593817],[41.604776,41.593753],[41.604552,41.593717],[41.604529,41.593713],[41.604411,41.593713],[41.604025,41.593689],[41.6038,41.593585],[41.60351,41.593529],[41.603156,41.593633],[41.602984,41.593785],[41.602766,41.594069],[41.602694,41.594162],[41.602487,41.594381],[41.602455,41.594475],[41.602357,41.594533],[41.602219,41.594524],[41.602097,41.594509],[41.601975,41.594542],[41.601898,41.594615],[41.601865,41.594676],[41.600739,41.594903],[41.599286,41.595194],[41.598128,41.595403],[41.597787,41.595463],[41.59734,41.593966],[41.597695,41.593606],[41.597966,41.593478],[41.598097,41.593443],[41.598249,41.593404],[41.598638,41.593955],[41.598405,41.594016],[41.59818,41.59407],[41.598026,41.594109],[41.597918,41.59417],[41.597877,41.594309],[41.598011,41.59445],[41.597976,41.594641],[41.598018,41.594736],[41.598112,41.59475],[41.598409,41.594661],[41.598913,41.594723],[41.599568,41.594587],[41.599983,41.594387],[41.60025,41.59411],[41.600386,41.593861],[41.600563,41.593856],[41.600609,41.59375],[41.600536,41.593649],[41.600426,41.593669],[41.600287,41.593777],[41.600201,41.593587],[41.599587,41.592915],[41.600006,41.592419],[41.600184,41.592206],[41.600545,41.592043],[41.600799,41.591832],[41.601183,41.591619],[41.601635,41.591288],[41.601979,41.591037],[41.60297,41.59037],[41.602984,41.590267],[41.602998,41.590159],[41.603932,41.59001],[41.604513,41.589905],[41.605391,41.589587],[41.606014,41.589293],[41.606764,41.588816],[41.607486,41.588509],[41.60818,41.588266],[41.608874,41.588128],[41.609369,41.588064],[41.610544,41.587821],[41.611736,41.587627],[41.612035,41.587579],[41.612554,41.587588],[41.613404,41.587726],[41.613998,41.587948],[41.614607,41.588276],[41.615145,41.589092],[41.615245,41.590314],[41.615455,41.591228],[41.615316,41.5913],[41.615176,41.591327],[41.615076,41.591386],[41.614972,41.591401],[41.614873,41.591467],[41.614728,41.591485],[41.614491,41.591497],[41.61434,41.591524],[41.614269,41.591582],[41.614129,41.591629],[41.614016,41.591703],[41.613845,41.59171],[41.613708,41.591788],[41.613721,41.591884],[41.613389,41.591974],[41.613063,41.592035],[41.612904,41.59208],[41.612446,41.592291],[41.612275,41.59234],[41.612048,41.592285],[41.611844,41.592249],[41.611609,41.592194],[41.61143,41.592267],[41.610869,41.592377],[41.610462,41.592377],[41.610047,41.592279],[41.609812,41.59217],[41.608793,41.591692],[41.6085,41.591483],[41.608189,41.5915],[41.607974,41.591431],[41.607666,41.59134],[41.607442,41.59127],[41.607087,41.591214],[41.606779,41.591151],[41.606545,41.59113],[41.606358,41.591144],[41.60619,41.591012],[41.606069,41.590879],[41.606125,41.590795],[41.606004,41.590788],[41.605332,41.591034],[41.605036,41.591138],[41.604462,41.591291],[41.603276,41.591808],[41.602473,41.592185],[41.602006,41.592709],[41.601829,41.592974],[41.601885,41.593198],[41.601959,41.593289],[41.6021,41.593016],[41.60224,41.592974],[41.602053,41.593289],[41.602072,41.59347],[41.602258,41.593917],[41.602398,41.593736],[41.602492,41.593512],[41.602548,41.59331],[41.602548,41.593128],[41.602501,41.592967],[41.602539,41.592883],[41.602669,41.592953],[41.602753,41.592758],[41.602856,41.592625],[41.602912,41.59252],[41.602949,41.592408],[41.603062,41.592541],[41.603124,41.592504],[41.603323,41.59252],[41.603622,41.592325],[41.603855,41.592283],[41.604042,41.592213],[41.60421,41.592108],[41.604379,41.59201],[41.604528,41.591975],[41.604603,41.591906],[41.604677,41.591906],[41.604668,41.592003],[41.604556,41.592073],[41.604407,41.592115],[41.604462,41.592192],[41.604817,41.592171],[41.604976,41.592206],[41.605219,41.592199],[41.605378,41.59215],[41.605742,41.592164],[41.605948,41.592164],[41.606162,41.592164],[41.606358,41.592185]]]}},{"type":"Feature","properties":{"kind":"riverpoly","water":"river","name":""},"geometry":{"type":"Polygon","coordinates":[[[41.577466,41.60298],[41.577022,41.603336],[41.576825,41.603423],[41.575857,41.6043],[41.575655,41.604505],[41.575573,41.604707],[41.575443,41.605534],[41.575344,41.605561],[41.57518,41.605604],[41.574785,41.605807],[41.574619,41.605915],[41.574419,41.605556],[41.573989,41.604899],[41.573878,41.604739],[41.573991,41.60438],[41.573978,41.604188],[41.57383,41.603479],[41.573645,41.603184],[41.57351,41.602907],[41.57351,41.602631],[41.573423,41.602437],[41.573386,41.602198],[41.573534,41.60205],[41.57371,41.60195],[41.573753,41.601757],[41.573431,41.601701],[41.573238,41.601637],[41.573216,41.601452],[41.573474,41.60138],[41.573753,41.601396],[41.574085,41.601355],[41.574321,41.601212],[41.574289,41.600947],[41.574142,41.600836],[41.573924,41.600766],[41.573538,41.600682],[41.573238,41.600522],[41.572894,41.600177],[41.572819,41.599896],[41.573002,41.599519],[41.573366,41.599142],[41.573763,41.598861],[41.575244,41.59828],[41.575544,41.598096],[41.575823,41.597903],[41.576059,41.597783],[41.576274,41.597703],[41.576446,41.597486],[41.576553,41.597149],[41.576617,41.596916],[41.576671,41.596732],[41.57666,41.59621],[41.576727,41.595916],[41.576924,41.595444],[41.57726,41.59505],[41.577559,41.594739],[41.578007,41.594491],[41.578484,41.594199],[41.579643,41.593833],[41.579789,41.594113],[41.579281,41.594252],[41.579163,41.594316],[41.578852,41.594388],[41.578444,41.594597],[41.577935,41.59493],[41.577602,41.595259],[41.577346,41.595653],[41.577273,41.596121],[41.577265,41.596583],[41.577265,41.596857],[41.577401,41.596986],[41.577443,41.597027],[41.57759,41.597167],[41.577923,41.597617],[41.578094,41.59789],[41.578354,41.598176],[41.578462,41.598228],[41.579135,41.59859],[41.578921,41.59871],[41.578829,41.598762],[41.578679,41.598915],[41.578455,41.598817],[41.577886,41.599111],[41.577693,41.599331],[41.577262,41.599654],[41.576934,41.599837],[41.57657,41.60006],[41.576288,41.600382],[41.576067,41.60065],[41.575721,41.600944],[41.57544,41.601143],[41.575253,41.601377],[41.575299,41.601513],[41.575261,41.601678],[41.575456,41.601603],[41.575598,41.601497],[41.575781,41.601401],[41.575943,41.601359],[41.575653,41.601595],[41.575339,41.60181],[41.575105,41.602004],[41.574932,41.602234],[41.574735,41.602741],[41.574821,41.602962],[41.575068,41.602944],[41.575388,41.602723],[41.575696,41.602603],[41.576115,41.602032],[41.5763,41.601829],[41.576485,41.601681],[41.576744,41.601626],[41.576498,41.601755],[41.576251,41.602004],[41.575857,41.602603],[41.575955,41.602732],[41.576202,41.602612],[41.576793,41.602354],[41.577533,41.601857],[41.578285,41.60134],[41.578519,41.600926],[41.578691,41.600566],[41.578925,41.60029],[41.578938,41.600198],[41.579085,41.600124],[41.579751,41.6004],[41.579406,41.600659],[41.579172,41.600953],[41.579524,41.60087],[41.579911,41.600778],[41.581033,41.600622],[41.581637,41.60064],[41.582019,41.600686],[41.582253,41.600714],[41.58319,41.600428],[41.58351,41.600308],[41.584311,41.599663],[41.584975,41.600069],[41.584936,41.600202],[41.584707,41.600325],[41.58458,41.600478],[41.584542,41.600723],[41.584343,41.600842],[41.584158,41.600968],[41.583926,41.601142],[41.583722,41.601355],[41.583483,41.601554],[41.583143,41.601818],[41.582901,41.602074],[41.582617,41.602259],[41.582457,41.602403],[41.582165,41.602629],[41.581813,41.602728],[41.581413,41.602781],[41.580974,41.602865],[41.580511,41.602889],[41.580219,41.602894],[41.579915,41.602846],[41.579658,41.602767],[41.579304,41.602645],[41.578847,41.602492],[41.57835,41.602584],[41.577933,41.602724],[41.577692,41.60283],[41.577466,41.60298]]]}},{"type":"Feature","properties":{"kind":"riverpoly","water":"river","name":""},"geometry":{"type":"Polygon","coordinates":[[[41.586871,41.594508],[41.587382,41.594573],[41.587471,41.59463],[41.587618,41.594726],[41.587797,41.594838],[41.588028,41.594986],[41.588141,41.595117],[41.588591,41.595232],[41.588858,41.595278],[41.589012,41.595326],[41.589155,41.59537],[41.589667,41.595377],[41.59065,41.595324],[41.590866,41.595216],[41.591081,41.594956],[41.591234,41.594672],[41.591501,41.594465],[41.591547,41.59444],[41.591734,41.594339],[41.591858,41.594216],[41.591969,41.594251],[41.59204,41.594238],[41.591975,41.594155],[41.592028,41.59408],[41.592181,41.594128],[41.592317,41.59419],[41.592501,41.594221],[41.592563,41.594279],[41.592648,41.594227],[41.592765,41.594186],[41.592835,41.594238],[41.592943,41.594291],[41.592873,41.594401],[41.592974,41.594517],[41.592904,41.594569],[41.592827,41.594505],[41.592815,41.594468],[41.592806,41.594438],[41.592776,41.594343],[41.592664,41.594391],[41.592588,41.594431],[41.592558,41.594356],[41.592511,41.594409],[41.592552,41.594475],[41.59252,41.594488],[41.592429,41.594523],[41.592317,41.59447],[41.592194,41.594506],[41.592125,41.594502],[41.592029,41.594497],[41.591846,41.594528],[41.591693,41.59455],[41.591611,41.594638],[41.591558,41.594686],[41.59147,41.594735],[41.591511,41.594818],[41.591429,41.59495],[41.591352,41.595082],[41.591193,41.595197],[41.590952,41.595315],[41.590893,41.595415],[41.591219,41.595406],[41.591289,41.595305],[41.591382,41.595392],[41.591421,41.595435],[41.591522,41.595401],[41.591716,41.595343],[41.591864,41.595366],[41.592012,41.595372],[41.59212,41.595377],[41.592372,41.595412],[41.592586,41.595409],[41.59283,41.595354],[41.592986,41.595255],[41.593141,41.595191],[41.593701,41.595027],[41.593808,41.595017],[41.593977,41.59489],[41.594245,41.594717],[41.594365,41.59459],[41.59441,41.594487],[41.594385,41.594391],[41.594379,41.594364],[41.594321,41.594243],[41.594245,41.594037],[41.594138,41.59397],[41.594192,41.593836],[41.59435,41.59373],[41.594333,41.593673],[41.594138,41.59377],[41.594174,41.593629],[41.594334,41.593522],[41.594378,41.593458],[41.594445,41.593397],[41.594517,41.593332],[41.594773,41.593155],[41.594865,41.593088],[41.594895,41.593067],[41.594986,41.593006],[41.594956,41.592963],[41.594807,41.593026],[41.594618,41.593087],[41.594456,41.59315],[41.594287,41.593188],[41.594155,41.593203],[41.59403,41.593251],[41.593905,41.593327],[41.593885,41.593395],[41.59377,41.593441],[41.593621,41.593489],[41.59355,41.593511],[41.593452,41.593544],[41.593198,41.593603],[41.592954,41.593653],[41.592751,41.593754],[41.592576,41.593906],[41.592414,41.593992],[41.592326,41.594022],[41.592251,41.594032],[41.592218,41.593956],[41.592387,41.593855],[41.592467,41.593779],[41.592515,41.593734],[41.592622,41.593647],[41.592684,41.593597],[41.593225,41.593446],[41.593549,41.593355],[41.593779,41.593279],[41.59386,41.593269],[41.593982,41.593193],[41.59407,41.593168],[41.594232,41.593132],[41.594448,41.593082],[41.594631,41.593016],[41.594908,41.592925],[41.595051,41.592879],[41.595178,41.592839],[41.595474,41.592617],[41.595737,41.592521],[41.596161,41.592397],[41.596482,41.592304],[41.596545,41.592254],[41.596656,41.592294],[41.596714,41.592354],[41.59687,41.592305],[41.597047,41.592253],[41.597384,41.592253],[41.597079,41.592526],[41.596909,41.592629],[41.596615,41.592853],[41.596409,41.592959],[41.596165,41.593097],[41.595747,41.593319],[41.595559,41.593439],[41.595371,41.593871],[41.595301,41.593943],[41.59508,41.594172],[41.594795,41.594525],[41.594721,41.594706],[41.594666,41.594766],[41.594584,41.5948],[41.594538,41.594872],[41.594523,41.594947],[41.594836,41.595068],[41.59473,41.595064],[41.594547,41.595041],[41.594356,41.595062],[41.594128,41.595192],[41.593941,41.595299],[41.593773,41.595415],[41.593579,41.595514],[41.593579,41.595594],[41.5937,41.595626],[41.593919,41.595617],[41.594234,41.595583],[41.594588,41.595525],[41.594936,41.595433],[41.595248,41.595358],[41.595079,41.595327],[41.595112,41.595231],[41.595388,41.595109],[41.595799,41.594983],[41.596098,41.594741],[41.596343,41.594572],[41.596533,41.594468],[41.596733,41.594373],[41.59695,41.594287],[41.597237,41.594105],[41.59734,41.593966],[41.597787,41.595463],[41.597399,41.595623],[41.595989,41.595915],[41.595496,41.595976],[41.591034,41.597246],[41.590712,41.597471],[41.590291,41.597584],[41.588806,41.598029],[41.58819,41.598183],[41.587602,41.598254],[41.587161,41.59863],[41.58658,41.599065],[41.585677,41.599732],[41.584975,41.600069],[41.584311,41.599663],[41.583858,41.599377],[41.583905,41.599156],[41.58448,41.599133],[41.585489,41.598726],[41.586079,41.598366],[41.586731,41.597716],[41.58743,41.596752],[41.587694,41.596067],[41.587554,41.595835],[41.58712,41.59544],[41.586886,41.595208],[41.586863,41.595031],[41.586871,41.594508]]]}},{"type":"Feature","properties":{"kind":"riverpoly","water":"river","name":""},"geometry":{"type":"Polygon","coordinates":[[[41.711538,41.507],[41.711564,41.506897],[41.711805,41.506712],[41.712131,41.50661],[41.712489,41.506463],[41.712724,41.50618],[41.712841,41.505946],[41.712906,41.505761],[41.713062,41.505658],[41.713304,41.505566],[41.713356,41.505351],[41.713245,41.505088],[41.713186,41.504868],[41.713212,41.504488],[41.713297,41.504278],[41.713512,41.504],[41.713694,41.503776],[41.713961,41.503439],[41.714072,41.503073],[41.71415,41.502717],[41.714287,41.502273],[41.714235,41.501956],[41.713987,41.501366],[41.713851,41.501141],[41.713603,41.500883],[41.713479,41.500546],[41.713749,41.499973],[41.713749,41.49929],[41.713934,41.498749],[41.713524,41.498645],[41.713263,41.499083],[41.713025,41.499538],[41.712948,41.499624],[41.712801,41.499492],[41.712686,41.499284],[41.712571,41.499175],[41.712332,41.499175],[41.712163,41.499278],[41.711986,41.499503],[41.711978,41.499722],[41.712001,41.499901],[41.712363,41.499981],[41.712725,41.500143],[41.71294,41.500494],[41.713155,41.500845],[41.713278,41.501105],[41.713517,41.50122],[41.713648,41.501393],[41.713709,41.501704],[41.713717,41.502055],[41.713524,41.502459],[41.713363,41.50281],[41.713286,41.503092],[41.713271,41.503426],[41.713209,41.503691],[41.712748,41.504164],[41.712471,41.504492],[41.712355,41.504844],[41.712517,41.505224],[41.712563,41.505454],[41.712286,41.505771],[41.711909,41.506076],[41.711409,41.506301],[41.710848,41.506491],[41.710371,41.506681],[41.709955,41.506912],[41.709578,41.507171],[41.709309,41.50739],[41.709132,41.507661],[41.708963,41.50796],[41.708732,41.50815],[41.708232,41.508392],[41.707894,41.508559],[41.707763,41.508738],[41.707386,41.508991],[41.706901,41.509302],[41.706571,41.509556],[41.706232,41.509717],[41.706148,41.509619],[41.705994,41.509694],[41.705925,41.509832],[41.706017,41.510161],[41.706117,41.510506],[41.706186,41.510812],[41.706171,41.511036],[41.706294,41.511284],[41.706417,41.511595],[41.706663,41.511894],[41.706955,41.512021],[41.707201,41.512292],[41.707524,41.51239],[41.708063,41.512522],[41.708809,41.512828],[41.709591,41.513317],[41.710007,41.513621],[41.71124,41.514273],[41.711459,41.51435],[41.712218,41.514852],[41.71271,41.51543],[41.712708,41.515835],[41.713301,41.515409],[41.713886,41.515984],[41.714601,41.516744],[41.715109,41.517193],[41.715417,41.517309],[41.715801,41.517556],[41.716186,41.51789],[41.71634,41.518253],[41.716567,41.518756],[41.716988,41.519164],[41.71825,41.51882],[41.717857,41.518366],[41.717796,41.518034],[41.717172,41.517276],[41.717055,41.517106],[41.716148,41.515991],[41.715035,41.51495],[41.714529,41.515253],[41.714768,41.515828],[41.714228,41.515555],[41.713852,41.515156],[41.714757,41.514611],[41.714622,41.514421],[41.714684,41.514342],[41.713776,41.513695],[41.713296,41.512967],[41.712792,41.512053],[41.711787,41.511215],[41.710826,41.510418],[41.710262,41.510309],[41.709475,41.510416],[41.708879,41.510062],[41.708451,41.509813],[41.708399,41.509395],[41.708581,41.509043],[41.70862,41.508853],[41.708725,41.508741],[41.709122,41.508678],[41.709272,41.508478],[41.709487,41.508327],[41.709754,41.508146],[41.709936,41.508039],[41.710027,41.507873],[41.710236,41.507814],[41.710158,41.507736],[41.709936,41.507814],[41.709825,41.507795],[41.709845,41.507722],[41.70978,41.507673],[41.70989,41.507561],[41.710275,41.507292],[41.710698,41.507195],[41.71092,41.507102],[41.711148,41.507029],[41.711421,41.507],[41.711538,41.507]]]}},{"type":"Feature","properties":{"kind":"riverpoly","water":"river","name":""},"geometry":{"type":"Polygon","coordinates":[[[41.713524,41.498645],[41.71376,41.49828],[41.713806,41.497868],[41.713676,41.497714],[41.713685,41.497532],[41.71389,41.496685],[41.714087,41.495811],[41.714264,41.49493],[41.714376,41.494377],[41.714441,41.49395],[41.714498,41.493418],[41.714666,41.493006],[41.714862,41.4926],[41.715058,41.492334],[41.715058,41.492166],[41.714955,41.491942],[41.715217,41.491648],[41.715469,41.491774],[41.715684,41.491788],[41.715983,41.491599],[41.716188,41.491292],[41.716431,41.491012],[41.716664,41.490774],[41.71672,41.490466],[41.716459,41.490172],[41.716197,41.489851],[41.715899,41.489522],[41.715609,41.489305],[41.715432,41.489221],[41.715077,41.489235],[41.714703,41.489403],[41.71446,41.489333],[41.714432,41.488829],[41.714451,41.488332],[41.714507,41.487598],[41.71461,41.486891],[41.71461,41.486506],[41.714647,41.4861],[41.71475,41.485737],[41.714908,41.485212],[41.714955,41.484848],[41.714955,41.48461],[41.714824,41.483882],[41.714703,41.483567],[41.714469,41.483141],[41.714264,41.482833],[41.714273,41.482434],[41.714292,41.482021],[41.714385,41.48116],[41.713993,41.480384],[41.713582,41.479866],[41.712807,41.479096],[41.712072,41.478517],[41.712672,41.478118],[41.713232,41.478458],[41.713861,41.478671],[41.714805,41.479264],[41.715034,41.479503],[41.715088,41.479845],[41.715269,41.480075],[41.715483,41.480296],[41.715656,41.480678],[41.71588,41.480992],[41.715936,41.4813],[41.715749,41.481377],[41.715544,41.481237],[41.715151,41.481216],[41.714974,41.481349],[41.714965,41.481881],[41.715067,41.482448],[41.715217,41.483169],[41.715413,41.483931],[41.715562,41.484687],[41.715702,41.485576],[41.715609,41.486142],[41.715581,41.486821],[41.715628,41.48708],[41.715656,41.487772],[41.715693,41.488332],[41.715917,41.488738],[41.716356,41.489102],[41.716758,41.489277],[41.716842,41.48948],[41.716926,41.489704],[41.717169,41.490004],[41.717337,41.49041],[41.71715,41.490711],[41.716963,41.490998],[41.716739,41.491432],[41.716394,41.491802],[41.715917,41.492187],[41.715413,41.492607],[41.715273,41.492901],[41.715226,41.493314],[41.715301,41.493796],[41.715179,41.494699],[41.715002,41.495021],[41.714824,41.495349],[41.714815,41.495846],[41.714806,41.496462],[41.714712,41.496791],[41.714535,41.497329],[41.714554,41.497749],[41.714712,41.497966],[41.714796,41.498134],[41.714582,41.498232],[41.714208,41.498427],[41.713934,41.498749],[41.713524,41.498645]]]}},{"type":"Feature","properties":{"kind":"riverpoly","water":"river","name":""},"geometry":{"type":"Polygon","coordinates":[[[41.63461,41.584841],[41.634042,41.584923],[41.633305,41.584959],[41.632714,41.58505],[41.63249,41.585141],[41.632016,41.585233],[41.631551,41.585335],[41.630887,41.585513],[41.630657,41.585644],[41.630526,41.585712],[41.626597,41.585883],[41.626006,41.585998],[41.625202,41.586131],[41.625379,41.586323],[41.624853,41.587154],[41.623812,41.588057],[41.623651,41.588333],[41.625572,41.588823],[41.625613,41.588794],[41.625899,41.588594],[41.625979,41.588381],[41.626344,41.588309],[41.626473,41.588361],[41.626666,41.588341],[41.626784,41.588337],[41.626908,41.588406],[41.627079,41.588325],[41.627149,41.588141],[41.62724,41.588045],[41.62758,41.588063],[41.627914,41.588059],[41.628245,41.587976],[41.628539,41.587946],[41.628774,41.58775],[41.628785,41.587634],[41.629009,41.587553],[41.629289,41.58745],[41.629604,41.587361],[41.630031,41.587349],[41.630272,41.587242],[41.630554,41.587126],[41.630816,41.586999],[41.631086,41.586913],[41.631355,41.586801],[41.631542,41.586632],[41.63172,41.586421],[41.632093,41.586174],[41.632326,41.586187],[41.632615,41.586327],[41.632909,41.586357],[41.633281,41.586318],[41.633749,41.586251],[41.633967,41.586199],[41.633999,41.586064],[41.634608,41.586066],[41.635163,41.58579],[41.635722,41.585549],[41.636288,41.585301],[41.636812,41.585133],[41.637307,41.584889],[41.637736,41.584651],[41.637998,41.584651],[41.638175,41.584504],[41.638614,41.58426],[41.638932,41.584127],[41.639229,41.583932],[41.639542,41.58376],[41.639791,41.583643],[41.639981,41.583595],[41.639964,41.583401],[41.640595,41.583496],[41.640847,41.583468],[41.641138,41.583345],[41.641533,41.583204],[41.641996,41.582986],[41.642176,41.582863],[41.642319,41.582712],[41.64251,41.582519],[41.642758,41.582559],[41.642999,41.582534],[41.643361,41.582359],[41.643582,41.582203],[41.643849,41.582053],[41.644137,41.581692],[41.644459,41.581622],[41.644827,41.581567],[41.644827,41.581462],[41.6447,41.581457],[41.644653,41.581307],[41.644579,41.581307],[41.644566,41.581457],[41.644321,41.581406],[41.64399,41.581532],[41.643741,41.581492],[41.6435,41.581283],[41.643353,41.580682],[41.64296,41.5809],[41.642577,41.581054],[41.642067,41.581191],[41.641253,41.581763],[41.640792,41.581793],[41.640602,41.581951],[41.640364,41.58199],[41.640174,41.581976],[41.63964,41.582543],[41.63923,41.58293],[41.638272,41.583377],[41.637273,41.583683],[41.636631,41.583939],[41.635961,41.58424],[41.635769,41.584463],[41.635336,41.584707],[41.63461,41.584841]]]}},{"type":"Feature","properties":{"kind":"riverpoly","water":"river","name":""},"geometry":{"type":"Polygon","coordinates":[[[41.640792,41.581793],[41.641253,41.581763],[41.642067,41.581191],[41.643751,41.580001],[41.643938,41.579718],[41.644195,41.579091],[41.644233,41.578829],[41.64431,41.578302],[41.644594,41.577974],[41.644651,41.577908],[41.645198,41.577472],[41.645431,41.577503],[41.645731,41.577463],[41.64586,41.577315],[41.646157,41.577109],[41.646801,41.576869],[41.647387,41.576746],[41.649469,41.576218],[41.649756,41.576463],[41.649949,41.57641],[41.650237,41.576327],[41.650663,41.576218],[41.6513,41.576043],[41.651943,41.575874],[41.652195,41.57573],[41.652517,41.575657],[41.652769,41.575509],[41.653067,41.575489],[41.653016,41.575388],[41.653252,41.575355],[41.653476,41.57504],[41.653837,41.574747],[41.65432,41.574333],[41.654459,41.574185],[41.65444,41.574058],[41.654585,41.573992],[41.654966,41.574058],[41.655175,41.574022],[41.655419,41.57382],[41.656838,41.573198],[41.656936,41.573008],[41.657211,41.572994],[41.658103,41.572637],[41.658177,41.572553],[41.658468,41.572467],[41.658684,41.572309],[41.658906,41.57215],[41.658323,41.571667],[41.658606,41.57129],[41.65842,41.571113],[41.658372,41.571006],[41.658393,41.570767],[41.658556,41.570321],[41.658746,41.569979],[41.658837,41.569468],[41.658983,41.569351],[41.659558,41.569129],[41.660325,41.568958],[41.661053,41.568634],[41.662031,41.56832],[41.662383,41.568273],[41.662999,41.568191],[41.66369,41.568034],[41.665377,41.56792],[41.667319,41.568658],[41.667629,41.56878],[41.66932,41.568588],[41.670936,41.568582],[41.671784,41.568619],[41.672071,41.568631],[41.672539,41.568724],[41.672757,41.568843],[41.673117,41.568883],[41.673431,41.568785],[41.674033,41.568739],[41.674638,41.568835],[41.675123,41.568883],[41.675319,41.56887],[41.67591,41.56859],[41.676795,41.568077],[41.677403,41.56763],[41.678214,41.567241],[41.678378,41.56693],[41.678772,41.566524],[41.678991,41.566042],[41.679257,41.565806],[41.679676,41.565443],[41.67999,41.565096],[41.680029,41.565053],[41.680238,41.564823],[41.680468,41.564546],[41.680874,41.564392],[41.681378,41.564397],[41.681561,41.564398],[41.681777,41.564307],[41.68207,41.564376],[41.682661,41.564149],[41.683286,41.563645],[41.683733,41.563031],[41.684065,41.562537],[41.684596,41.561768],[41.685564,41.560664],[41.685784,41.560341],[41.683826,41.560455],[41.683388,41.560883],[41.68294,41.561205],[41.682645,41.56154],[41.682246,41.562011],[41.681803,41.562552],[41.681498,41.563022],[41.681199,41.56326],[41.680481,41.563626],[41.679903,41.563938],[41.678828,41.564455],[41.678229,41.564577],[41.677932,41.564805],[41.678238,41.565553],[41.677321,41.565902],[41.677367,41.566704],[41.677052,41.566943],[41.676989,41.567009],[41.676792,41.567214],[41.676746,41.567262],[41.676636,41.567375],[41.676075,41.567626],[41.675752,41.567771],[41.67505,41.568085],[41.674235,41.568225],[41.6739,41.568228],[41.673358,41.568233],[41.673235,41.568233],[41.672719,41.568238],[41.671424,41.568086],[41.671299,41.568063],[41.670293,41.567907],[41.670026,41.567873],[41.668861,41.567726],[41.668065,41.567648],[41.666939,41.567445],[41.666145,41.567369],[41.665296,41.567235],[41.664623,41.567151],[41.663793,41.567069],[41.663247,41.567031],[41.662751,41.566996],[41.661645,41.56709],[41.660163,41.567072],[41.658311,41.566968],[41.658188,41.566977],[41.657871,41.567001],[41.65712,41.567394],[41.656861,41.567647],[41.656455,41.568044],[41.656026,41.569064],[41.6556,41.569835],[41.654907,41.57033],[41.654286,41.57083],[41.65364,41.571394],[41.653193,41.571992],[41.652603,41.572515],[41.651909,41.573097],[41.651425,41.573851],[41.651041,41.574634],[41.650623,41.575025],[41.649904,41.575356],[41.648808,41.575599],[41.647864,41.575798],[41.647094,41.575726],[41.647032,41.575657],[41.647335,41.575365],[41.647346,41.575206],[41.647346,41.57517],[41.647217,41.575182],[41.647199,41.57513],[41.647335,41.574957],[41.647418,41.57465],[41.647421,41.574524],[41.647271,41.57451],[41.647051,41.574933],[41.646858,41.575062],[41.64682,41.575278],[41.646563,41.575727],[41.646399,41.575962],[41.646341,41.576118],[41.645277,41.576638],[41.643761,41.577283],[41.64234,41.578201],[41.641929,41.578959],[41.641652,41.579974],[41.641501,41.580367],[41.641401,41.580627],[41.641177,41.581271],[41.640792,41.581793]]]}},{"type":"Feature","properties":{"kind":"riverpoly","water":"river","name":""},"geometry":{"type":"Polygon","coordinates":[[[41.623651,41.588333],[41.623335,41.588454],[41.622648,41.588486],[41.622198,41.588293],[41.62209,41.587908],[41.622439,41.587519],[41.622294,41.587467],[41.621779,41.587266],[41.621549,41.587198],[41.621457,41.586865],[41.621189,41.586504],[41.621007,41.586255],[41.620921,41.586095],[41.620685,41.585814],[41.620224,41.585541],[41.619564,41.585067],[41.619006,41.584749],[41.618539,41.584783],[41.617874,41.584963],[41.616876,41.585172],[41.615814,41.585388],[41.614924,41.585637],[41.613915,41.585862],[41.613185,41.585998],[41.612585,41.58668],[41.61222,41.587138],[41.611736,41.587627],[41.612554,41.587588],[41.613404,41.587726],[41.613998,41.587948],[41.614607,41.588276],[41.615145,41.589092],[41.615245,41.590314],[41.615455,41.591228],[41.615615,41.59119],[41.61576,41.591134],[41.61583,41.59103],[41.615943,41.59103],[41.616012,41.590925],[41.616082,41.59066],[41.61605,41.590576],[41.616071,41.590456],[41.616206,41.590327],[41.616353,41.590371],[41.616533,41.590412],[41.616506,41.590556],[41.616452,41.590705],[41.616431,41.590857],[41.616383,41.590993],[41.616442,41.591006],[41.61671,41.590861],[41.616946,41.590797],[41.617225,41.590709],[41.617531,41.590604],[41.617767,41.590536],[41.618164,41.590436],[41.618346,41.590424],[41.618555,41.59054],[41.618754,41.590572],[41.619365,41.590327],[41.619945,41.590175],[41.620438,41.590023],[41.620792,41.589966],[41.621146,41.590071],[41.6215,41.589966],[41.622021,41.589798],[41.622411,41.589648],[41.622461,41.589629],[41.622772,41.589557],[41.622868,41.589477],[41.623142,41.589421],[41.623448,41.589482],[41.623694,41.589541],[41.624247,41.589377],[41.624638,41.58926],[41.624697,41.589252],[41.624869,41.58906],[41.625207,41.588987],[41.625395,41.588927],[41.625572,41.588823],[41.623651,41.588333]]]}},{"type":"Feature","properties":{"kind":"riverpoly","water":"oxbow","name":""},"geometry":{"type":"Polygon","coordinates":[[[41.575128,41.605982],[41.575157,41.605938],[41.575142,41.605888],[41.57516,41.605839],[41.575302,41.605742],[41.575191,41.605717],[41.575152,41.605676],[41.575165,41.605644],[41.57518,41.605604],[41.575344,41.605561],[41.575443,41.605534],[41.575648,41.60566],[41.575995,41.605413],[41.57616,41.605371],[41.576168,41.605233],[41.576265,41.605144],[41.576356,41.605026],[41.576431,41.604898],[41.576589,41.604685],[41.576603,41.604653],[41.576605,41.604583],[41.576579,41.604517],[41.576555,41.604489],[41.576563,41.604453],[41.57671,41.604061],[41.576745,41.604037],[41.576815,41.603885],[41.576788,41.604027],[41.576831,41.603981],[41.576879,41.603845],[41.57689,41.603777],[41.576935,41.603721],[41.577011,41.603592],[41.576954,41.603845],[41.57675,41.604216],[41.576745,41.604302],[41.576921,41.604242],[41.577027,41.604138],[41.577043,41.604085],[41.57702,41.604039],[41.576975,41.604007],[41.577002,41.604005],[41.577032,41.604031],[41.577072,41.604079],[41.577096,41.60407],[41.577086,41.604021],[41.577116,41.604041],[41.57711,41.60409],[41.577075,41.604103],[41.577063,41.604149],[41.576942,41.604276],[41.576805,41.604366],[41.576774,41.604461],[41.576776,41.604568],[41.576796,41.604599],[41.576863,41.604611],[41.577292,41.60463],[41.577407,41.604652],[41.577542,41.604716],[41.577721,41.604756],[41.577945,41.604835],[41.577985,41.604868],[41.57817,41.604837],[41.578211,41.604793],[41.578354,41.604785],[41.578406,41.604741],[41.578431,41.604737],[41.578567,41.604772],[41.578616,41.604737],[41.578724,41.604779],[41.578773,41.604781],[41.578842,41.604769],[41.578946,41.604716],[41.579036,41.604627],[41.579065,41.604578],[41.579673,41.604374],[41.57978,41.604322],[41.579937,41.604302],[41.579831,41.604397],[41.579753,41.604441],[41.579624,41.604539],[41.579504,41.60465],[41.579396,41.604717],[41.579266,41.604774],[41.57899,41.604846],[41.578932,41.604874],[41.578728,41.604919],[41.578423,41.604948],[41.578358,41.60492],[41.578238,41.604907],[41.578073,41.604898],[41.57802,41.604915],[41.577962,41.604984],[41.577913,41.60488],[41.577681,41.604776],[41.577562,41.604765],[41.577468,41.604786],[41.577312,41.604746],[41.577175,41.604662],[41.576941,41.604653],[41.57676,41.604704],[41.576746,41.604824],[41.576581,41.604995],[41.57649,41.60523],[41.576395,41.605374],[41.576373,41.605609],[41.576467,41.605766],[41.576494,41.605855],[41.576541,41.606363],[41.576408,41.606378],[41.576229,41.606341],[41.576222,41.60616],[41.576265,41.6061],[41.576431,41.606013],[41.576386,41.60588],[41.576355,41.605854],[41.576306,41.605845],[41.576261,41.605852],[41.576239,41.605859],[41.576143,41.605911],[41.576073,41.606009],[41.575921,41.606152],[41.57585,41.606351],[41.57583,41.60636],[41.575747,41.606322],[41.575719,41.606254],[41.57564,41.606187],[41.575636,41.606138],[41.575699,41.606065],[41.575959,41.605867],[41.576031,41.60569],[41.576013,41.605662],[41.575896,41.605655],[41.575712,41.605745],[41.575578,41.605932],[41.575441,41.60606],[41.575358,41.606172],[41.575314,41.606183],[41.575204,41.606143],[41.575132,41.606136],[41.575078,41.60608],[41.575062,41.606029],[41.575128,41.605982]]]}},{"type":"Feature","properties":{"kind":"riverpoly","water":"river","name":""},"geometry":{"type":"Polygon","coordinates":[[[41.599587,41.592915],[41.598835,41.593214],[41.598249,41.593404],[41.598638,41.593955],[41.599048,41.593888],[41.599219,41.593868],[41.599432,41.593807],[41.599737,41.593744],[41.600014,41.593722],[41.600201,41.593587],[41.599587,41.592915]]]}},{"type":"Feature","properties":{"kind":"lakepoly","water":"pond","name":""},"geometry":{"type":"Polygon","coordinates":[[[41.632637,41.652441],[41.632676,41.652454],[41.632719,41.652467],[41.632768,41.65247],[41.632813,41.652489],[41.632827,41.652513],[41.632816,41.652528],[41.632793,41.652547],[41.632787,41.652577],[41.632774,41.652599],[41.632754,41.652611],[41.632736,41.652618],[41.632733,41.652633],[41.632728,41.65265],[41.632713,41.65266],[41.632694,41.652662],[41.632645,41.65265],[41.63258,41.652631],[41.632543,41.652605],[41.632533,41.652591],[41.632537,41.652538],[41.632554,41.652499],[41.632581,41.652448],[41.632637,41.652441]]]}},{"type":"Feature","properties":{"kind":"lakepoly","water":"","name":""},"geometry":{"type":"Polygon","coordinates":[[[41.600335,41.600385],[41.600342,41.600486],[41.600178,41.600582],[41.598804,41.600837],[41.598332,41.600831],[41.59782,41.60085],[41.597048,41.600971],[41.596048,41.601093],[41.5961,41.600889],[41.596301,41.600104],[41.59654,41.599936],[41.596755,41.599508],[41.597295,41.599342],[41.5979,41.599498],[41.597887,41.600009],[41.598212,41.600053],[41.598531,41.599994],[41.598472,41.600213],[41.598394,41.600344],[41.598394,41.600573],[41.598706,41.600748],[41.598902,41.600748],[41.599103,41.600714],[41.599285,41.600641],[41.59935,41.600408],[41.599201,41.600252],[41.59952,41.600242],[41.599676,41.600364],[41.599968,41.600393],[41.600335,41.600385]]]}},{"type":"Feature","properties":{"kind":"riverpoly","water":"river","name":"ჩაქვისწყალი"},"geometry":{"type":"Polygon","coordinates":[[[41.723949,41.715329],[41.724226,41.715462],[41.725014,41.715672],[41.725512,41.715805],[41.725781,41.715877],[41.726487,41.716065],[41.727179,41.71625],[41.727512,41.71629],[41.727592,41.716366],[41.727745,41.716403],[41.727857,41.716399],[41.72788,41.716471],[41.72841,41.716745],[41.728785,41.716998],[41.729283,41.717026],[41.729762,41.716907],[41.730734,41.716634],[41.732176,41.716283],[41.732861,41.715925],[41.733481,41.715666],[41.734158,41.715511],[41.734834,41.715694],[41.735388,41.715925],[41.735961,41.71622],[41.736252,41.716507],[41.736881,41.716759],[41.737351,41.716816],[41.738027,41.716724],[41.738863,41.716381],[41.739362,41.716101],[41.739502,41.716023],[41.740018,41.715638],[41.740165,41.715322],[41.740367,41.714989],[41.740584,41.714811],[41.741291,41.714739],[41.741721,41.714942],[41.741922,41.715066],[41.743321,41.715933],[41.745334,41.716382],[41.746956,41.716743],[41.748149,41.716877],[41.749031,41.716999],[41.749734,41.716918],[41.750491,41.716816],[41.750872,41.716637],[41.751041,41.716316],[41.751156,41.716007],[41.750943,41.714251],[41.75072,41.713584],[41.750818,41.713413],[41.751139,41.71308],[41.751504,41.712921],[41.752201,41.71273],[41.752762,41.712665],[41.753372,41.712433],[41.753667,41.71223],[41.753803,41.712096],[41.753754,41.711632],[41.753732,41.711112],[41.753906,41.710665],[41.754429,41.710156],[41.754952,41.709839],[41.755633,41.709612],[41.756521,41.709481],[41.757594,41.709355],[41.758547,41.709489],[41.759478,41.709538],[41.760377,41.709526],[41.761968,41.709591],[41.763166,41.709506],[41.763683,41.709405],[41.764445,41.709284],[41.765024,41.709167],[41.766206,41.709014],[41.766684,41.708979],[41.767463,41.708809],[41.767869,41.708746],[41.768527,41.708666],[41.769314,41.708555],[41.769768,41.708514],[41.77023,41.708559],[41.770697,41.70855],[41.770841,41.708517],[41.771297,41.708263],[41.77169,41.708048],[41.772167,41.707794],[41.772751,41.707578],[41.773082,41.707497],[41.773851,41.707479],[41.774086,41.707464],[41.774261,41.707417],[41.774313,41.707312],[41.774424,41.707299],[41.774548,41.707346],[41.774493,41.707403],[41.774241,41.707541],[41.774097,41.707614],[41.774127,41.707681],[41.774446,41.707768],[41.77482,41.707831],[41.775171,41.707999],[41.775732,41.708033],[41.77622,41.708027],[41.776716,41.707938],[41.77722,41.707794],[41.777264,41.70764],[41.777693,41.707615],[41.777912,41.707569],[41.778293,41.707574],[41.778642,41.707587],[41.778961,41.707605],[41.779285,41.707674],[41.779755,41.707761],[41.779901,41.70786],[41.780463,41.708024],[41.780893,41.708144],[41.781357,41.708189],[41.781695,41.708218],[41.78228,41.708302],[41.782708,41.708233],[41.783515,41.708062],[41.784376,41.707925],[41.785375,41.707708],[41.786097,41.707695],[41.786619,41.70769],[41.787364,41.707652],[41.78723,41.707803],[41.786964,41.707845],[41.786178,41.707905],[41.78567,41.707969],[41.784535,41.708139],[41.783826,41.708241],[41.783296,41.708371],[41.782931,41.708456],[41.782387,41.708498],[41.781679,41.708435],[41.781019,41.708368],[41.780604,41.708284],[41.780025,41.708133],[41.779365,41.707952],[41.779069,41.707826],[41.778925,41.707803],[41.778572,41.707754],[41.778374,41.707753],[41.777674,41.707843],[41.777468,41.707918],[41.777127,41.708027],[41.776501,41.708171],[41.776007,41.708231],[41.775545,41.708282],[41.775201,41.708202],[41.77469,41.708063],[41.774196,41.708058],[41.773639,41.708071],[41.773033,41.708125],[41.77248,41.708249],[41.772045,41.708199],[41.77171,41.708283],[41.77131,41.70851],[41.770975,41.70867],[41.770813,41.708741],[41.770759,41.708837],[41.769896,41.708826],[41.769676,41.708715],[41.769495,41.708704],[41.768685,41.708803],[41.768066,41.708915],[41.767759,41.708994],[41.767023,41.709157],[41.766512,41.709256],[41.766156,41.709279],[41.765462,41.70937],[41.764825,41.709424],[41.764476,41.709518],[41.764242,41.709571],[41.763831,41.709674],[41.763589,41.709701],[41.761062,41.70989],[41.760181,41.709924],[41.758344,41.709827],[41.757778,41.709949],[41.757502,41.710103],[41.757272,41.710379],[41.75712,41.710479],[41.756891,41.710642],[41.756563,41.710825],[41.756044,41.711098],[41.755341,41.711411],[41.755196,41.711388],[41.754905,41.71166],[41.754495,41.71188],[41.753827,41.712382],[41.752825,41.713019],[41.75161,41.713552],[41.751165,41.71367],[41.751397,41.714383],[41.751694,41.716087],[41.751582,41.716544],[41.751341,41.716938],[41.751026,41.717063],[41.750432,41.717243],[41.749829,41.717388],[41.748902,41.717492],[41.748456,41.717437],[41.747121,41.717208],[41.745173,41.716959],[41.744023,41.716696],[41.743197,41.716405],[41.742344,41.715948],[41.74175,41.715567],[41.741045,41.715249],[41.740758,41.715221],[41.740572,41.715387],[41.740331,41.715699],[41.739988,41.716121],[41.739041,41.716668],[41.73829,41.717068],[41.737379,41.717187],[41.736731,41.71711],[41.73551,41.716766],[41.734956,41.716647],[41.73428,41.716514],[41.733716,41.716325],[41.733228,41.716353],[41.730786,41.716935],[41.729293,41.717306],[41.728851,41.71732],[41.728363,41.717131],[41.727932,41.716874],[41.727614,41.716868],[41.727142,41.716752],[41.726531,41.716626],[41.725533,41.716405],[41.72506,41.716276],[41.724394,41.716124],[41.72408,41.716085],[41.723939,41.716074],[41.723731,41.716029],[41.72367,41.715945],[41.723672,41.715813],[41.723603,41.71571],[41.723498,41.71563],[41.723312,41.715473],[41.723096,41.715217],[41.722905,41.715194],[41.722705,41.715098],[41.722552,41.715],[41.722447,41.714974],[41.722279,41.714976],[41.722208,41.714798],[41.722079,41.714121],[41.722452,41.714227],[41.722686,41.714318],[41.722888,41.714382],[41.723208,41.714618],[41.723458,41.714829],[41.723949,41.715329]]]}}]}